frequency_hz,n_trials,mar_mean,mar_std,ber_mean,ber_std,total_messages,correct_messages,pooled_mar,total_bits,bit_errors,pooled_ber
500.0,2,0.060507222259202555,0.00026625840378086824,0.4859064585816899,0.0017881672344828847,347,21,0.06051873198847262,3817,1855,0.48598375687712864
1000.0,2,0.1762111280863437,0.0014538465329456407,0.404972423958674,0.007648935264626955,403,71,0.1761786600496278,4433,1796,0.4051432438529213
1500.0,2,0.2196410508761858,0.024884496569069686,0.3863369195937063,0.011805084387713743,541,119,0.2199630314232902,5951,2300,0.38648966560241976
2000.0,2,0.03263346180873491,0.0004791209727220483,0.47930342586014313,0.029727278534799673,613,20,0.03262642740619902,6743,3229,0.4788669731573484
2500.0,2,0.010410127641766059,0.0019355513705796188,0.4666723734520345,0.0013410945614335257,479,5,0.010438413361169102,5269,2459,0.4666919719111786
3000.0,2,0.0040650406504065045,0.0040650406504065045,0.45137398611635926,0.002002219671422084,557,2,0.003590664272890485,6127,2767,0.45160763832218054
