frequency_hz,n_trials,decode_modes,decode_rules,reliability_labels,mar_mean,mar_std,ber_mean,ber_std,total_messages,correct_messages,pooled_mar,total_bits,bit_errors,pooled_ber
500.0,6,transition,hybrid_locked_transition,locked_hybrid_band,0.005208333333333333,0.003682847818679935,0.47028882575757575,0.00837763838978243,768,4,0.005208333333333333,8448,3973,0.47028882575757575
1000.0,4,transition,hybrid_locked_transition,locked_hybrid_band,0.00390625,0.00390625,0.4666193181818182,0.0033689037572816475,512,2,0.00390625,5632,2628,0.4666193181818182
1500.0,2,activity,hybrid_locked_activity_15us,locked_hybrid_band,0.0,0.0,0.46590909090909094,0.0007102272727272652,256,0,0.0,2816,1312,0.4659090909090909
2000.0,2,activity,hybrid_locked_activity_15us,locked_hybrid_band,0.0078125,0.0,0.5120738636363636,0.0007102272727272929,256,2,0.0078125,2816,1442,0.5120738636363636
2500.0,2,activity,hybrid_locked_activity_15us,locked_hybrid_band,0.0,0.0,0.4857954545454546,0.0007102272727272652,256,0,0.0,2816,1368,0.48579545454545453
3000.0,2,activity,hybrid_locked_activity_15us,unreliable_high_frequency,0.0,0.0,0.4790482954545454,0.002485795454545442,256,0,0.0,2816,1349,0.47904829545454547
