frequency_hz,n_trials,mar_mean,mar_std,ber_mean,ber_std,total_messages,correct_messages,pooled_mar,total_bits,bit_errors,pooled_ber
500.0,2,0.08203125,0.00390625,0.4822443181818182,0.0042613636363636465,256,21,0.08203125,2816,1358,0.4822443181818182
1000.0,2,0.31640625,0.01171875,0.3618607954545454,0.008877840909090912,256,81,0.31640625,2816,1019,0.36186079545454547
1500.0,2,0.05859375,0.00390625,0.4676846590909091,0.01953125,256,15,0.05859375,2816,1317,0.4676846590909091
2000.0,2,0.00390625,0.00390625,0.47265625,0.020241477272727293,256,1,0.00390625,2816,1331,0.47265625
2500.0,2,0.01171875,0.00390625,0.49041193181818177,0.012428977272727265,256,3,0.01171875,2816,1381,0.4904119318181818
3000.0,2,0.015625,0.0,0.48863636363636365,0.00639204545454547,256,4,0.015625,2816,1376,0.48863636363636365
