trial_id,symbol_index,truth_symbol,predicted_symbol,total_events,positive_events,negative_events,early_events,late_events
t1,0,1,2,10560,10067,493,2155,8405
t1,1,2,4,12706,254,12452,656,12050
t1,2,3,4,7772,23,7749,4355,3417
t1,3,4,2,10779,9131,1648,1551,9228
t1,4,1,2,10247,9753,494,1661,8586
t1,5,2,4,11447,275,11172,310,11137
t1,6,3,4,8631,25,8606,5278,3353
t1,7,4,2,10955,8912,2043,1779,9176
t1,8,1,2,10389,9908,481,1670,8719
t1,9,2,4,10269,323,9946,313,9956
t1,10,3,4,9476,25,9451,6288,3188
t1,11,4,2,10942,8576,2366,1954,8988
t1,12,1,2,10679,10199,480,1816,8863
t1,13,2,4,9801,411,9390,386,9415
t1,14,3,4,9707,16,9691,6360,3347
t1,15,4,2,10626,7788,2838,2207,8419
t1,16,1,2,11237,10781,456,2295,8942
t1,17,2,4,9774,534,9240,498,9276
t1,18,3,4,9349,12,9337,5995,3354
t1,19,4,2,8748,5521,3227,2331,6417
t1,20,1,2,12923,12507,416,4302,8621
t1,21,2,4,10085,1189,8896,1120,8965
t1,22,3,4,8836,3,8833,5202,3634
t1,23,4,1,5823,1568,4255,3056,2767
t1,24,1,2,9730,9639,91,7931,1799
t1,25,2,2,8664,8044,620,8228,436
t1,26,3,4,16644,0,16644,12217,4427
t1,27,4,1,4995,38,4957,3239,1756
t1,28,1,2,10849,10711,138,9245,1604
t1,29,2,2,8941,8425,516,8636,305
t1,30,3,4,16397,20,16377,10934,5463
t1,31,4,1,5029,42,4987,3214,1815
t1,32,1,2,10807,10514,293,9151,1656
t1,33,2,2,9086,8567,519,8755,331
t1,34,3,4,16084,35,16049,9796,6288
t1,35,4,1,5300,43,5257,3362,1938
t1,36,1,2,10764,10356,408,8888,1876
t1,37,2,2,9283,8764,519,8878,405
t1,38,3,4,15650,76,15574,9357,6293
t1,39,4,1,5575,40,5535,3387,2188
t1,40,1,2,10774,10072,702,8167,2607
t1,41,2,2,9468,8957,511,8933,535
t1,42,3,4,15344,92,15252,9274,6070
t1,43,4,1,5669,37,5632,3237,2432
t1,44,1,2,10679,9861,818,6714,3965
t1,45,2,2,9656,9154,502,8869,787
t1,46,3,4,14667,131,14536,9227,5440
t1,47,4,1,6175,40,6135,3466,2709
t1,48,1,2,10787,9622,1165,4379,6408
t1,49,2,2,9888,9389,499,6631,3257
t1,50,3,4,13653,144,13509,7431,6222
t1,51,4,1,6863,39,6824,3678,3185
t1,52,1,2,10839,9331,1508,1986,8853
t1,53,2,2,10080,9589,491,1568,8512
t1,54,3,4,12561,222,12339,428,12133
t1,55,4,4,7825,26,7799,4529,3296
t1,56,1,2,10826,9171,1655,1577,9249
t1,57,2,2,10235,9749,486,1624,8611
t1,58,3,4,10962,261,10701,277,10685
t1,59,4,4,9095,35,9060,5692,3403
t1,60,1,2,11025,8813,2212,1900,9125
t1,61,2,2,10461,9985,476,1670,8791
t1,62,3,4,9846,367,9479,342,9504
t1,63,4,4,9574,18,9556,6305,3269
t1,64,1,2,10628,7878,2750,2146,8482
t1,65,2,2,11213,10751,462,2236,8977
t1,66,3,4,9764,515,9249,491,9273
t1,67,4,4,9438,13,9425,6087,3351
t1,68,1,2,9499,6357,3142,2277,7222
t1,69,2,2,12506,12056,450,3524,8982
t1,70,3,4,9935,738,9197,677,9258
t1,71,4,4,9012,8,9004,5542,3470
t1,72,1,1,7090,3423,3667,2574,4516
t1,73,2,2,13772,13393,379,6183,7589
t1,74,3,4,10433,2301,8132,2262,8171
t1,75,4,4,9280,1,9279,5663,3617
t1,76,1,1,5763,1337,4426,3109,2654
t1,77,2,2,9712,9665,47,8102,1610
t1,78,3,2,9097,8179,918,8380,717
t1,79,4,4,16354,0,16354,12120,4234
t1,80,1,1,4979,43,4936,3332,1647
t1,81,2,2,10810,10738,72,9217,1593
t1,82,3,2,8900,8376,524,8609,291
t1,83,4,4,16445,26,16419,10983,5462
t1,84,1,1,5147,41,5106,3341,1806
t1,85,2,2,10837,10545,292,9204,1633
t1,86,3,2,9077,8567,510,8734,343
t1,87,4,4,16239,31,16208,10039,6200
t1,88,1,1,5237,50,5187,3259,1978
t1,89,2,2,10792,10378,414,9027,1765
t1,90,3,2,9209,8693,516,8847,362
t1,91,4,4,15849,62,15787,9487,6362
t1,92,1,1,5509,37,5472,3336,2173
t1,93,2,2,10787,10162,625,8436,2351
t1,94,3,2,9442,8933,509,8961,481
t1,95,4,4,15384,84,15300,9290,6094
t1,96,1,1,5628,41,5587,3296,2332
t1,97,2,2,10761,9889,872,7363,3398
t1,98,3,2,9669,9164,505,8943,726
t1,99,4,4,14687,131,14556,9232,5455
t1,100,1,1,6120,36,6084,3423,2697
t1,101,2,2,10759,9567,1192,4141,6618
t1,102,3,2,9908,9412,496,4813,5095
t1,103,4,4,13196,201,12995,4042,9154
t1,104,1,1,7393,33,7360,4000,3393
t1,105,2,2,10856,9237,1619,1608,9248
t1,106,3,2,10155,9668,487,1598,8557
t1,107,4,4,11840,244,11596,281,11559
t1,108,1,4,8295,36,8259,5000,3295
t1,109,2,2,10922,8982,1940,1724,9198
t1,110,3,2,10306,9828,478,1634,8672
t1,111,4,4,10755,286,10469,307,10448
t1,112,1,4,9219,24,9195,5881,3338
t1,113,2,2,10850,8716,2134,1797,9053
t1,114,3,2,10561,10098,463,1777,8784
t1,115,4,4,9948,376,9572,359,9589
t1,116,1,4,9686,24,9662,6318,3368
t1,117,2,2,10762,8162,2600,2066,8696
t1,118,3,2,11042,10571,471,2071,8971
t1,119,4,4,9737,461,9276,429,9308
t1,120,1,4,9531,15,9516,6254,3277
t1,121,2,2,10045,7076,2969,2230,7815
t1,122,3,2,11877,11434,443,2943,8934
t1,123,4,4,9937,721,9216,651,9286
t1,124,1,4,9099,14,9085,5694,3405
t1,125,2,1,8333,4610,3723,2640,5693
t1,126,3,2,13504,13108,396,5119,8385
t1,127,4,4,10185,1476,8709,1428,8757
t1,128,1,4,8864,2,8862,5318,3546
t1,129,2,1,6023,1718,4305,3032,2991
t1,130,3,2,10833,10631,202,7763,3070
t1,131,4,2,11116,6875,4241,6949,4167
t1,132,1,4,13056,0,13056,9023,4033
t1,133,2,1,4845,47,4798,3306,1539
t1,134,3,2,10853,10832,21,9266,1587
t1,135,4,2,8820,8292,528,8538,282
t1,136,1,4,16623,2,16621,11772,4851
t1,137,2,1,5043,37,5006,3294,1749
t1,138,3,2,10794,10607,187,9204,1590
t1,139,4,2,9042,8529,513,8736,306
t1,140,1,4,16139,41,16098,10008,6131
t1,141,2,1,5215,39,5176,3266,1949
t1,142,3,2,10848,10347,501,8933,1915
t1,143,4,2,9260,8746,514,8845,415
t1,144,1,4,15578,68,15510,9309,6269
t1,145,2,1,5602,36,5566,3415,2187
t1,146,3,2,10710,10002,708,7961,2749
t1,147,4,2,9522,9014,508,8978,544
t1,148,1,4,15112,134,14978,9281,5831
t1,149,2,1,5898,30,5868,3308,2590
t1,150,3,2,10732,9757,975,5901,4831
t1,151,4,2,9770,9256,514,8693,1077
t1,152,1,4,14436,145,14291,9116,5320
t1,153,2,1,6325,37,6288,3464,2861
t1,154,3,2,10724,9515,1209,3825,6899
t1,155,4,2,9915,9412,503,5431,4484
t1,156,1,4,13540,166,13374,6322,7218
t1,157,2,1,7094,39,7055,3747,3347
t1,158,3,2,10780,9313,1467,1503,9277
t1,159,4,2,10096,9602,494,1557,8539
t1,160,1,4,12365,236,12129,273,12092
t1,161,2,4,7880,27,7853,4645,3235
t1,162,3,2,10882,9075,1807,1671,9211
t1,163,4,2,10305,9820,485,1618,8687
t1,164,1,4,10909,273,10636,294,10615
t1,165,2,4,9056,26,9030,5814,3242
t1,166,3,2,10967,8859,2108,1856,9111
t1,167,4,2,10432,9956,476,1704,8728
t1,168,1,4,10028,366,9662,362,9666
t1,169,2,4,9620,28,9592,6251,3369
t1,170,3,2,10908,8275,2633,2111,8797
t1,171,4,2,10875,10416,459,1956,8919
t1,172,1,4,9733,448,9285,409,9324
t1,173,2,4,9666,19,9647,6249,3417
t1,174,3,2,10281,7400,2881,2167,8114
t1,175,4,2,11646,11203,443,2627,9019
t1,176,1,4,9796,564,9232,527,9269
t1,177,2,4,9282,16,9266,5897,3385
t1,178,3,1,8372,4977,3395,2473,5899
t1,179,4,2,13081,12671,410,4772,8309
t1,180,1,4,10047,1546,8501,1467,8580
t1,181,2,4,8970,2,8968,5381,3589
t1,182,3,1,5463,920,4543,3163,2300
t1,183,4,2,10115,10105,10,8480,1635
t1,184,1,2,8707,8201,506,8460,247
t1,185,2,4,16672,1,16671,12019,4653
t1,186,3,1,4949,36,4913,3308,1641
t1,187,4,2,10854,10685,169,9211,1643
t1,188,1,2,8953,8438,515,8630,323
t1,189,2,4,16456,18,16438,10586,5870
t1,190,3,1,5097,36,5061,3253,1844
t1,191,4,2,10826,10491,335,9118,1708
t1,192,1,2,9154,8627,527,8791,363
t1,193,2,4,15992,61,15931,9676,6316
t1,194,3,1,5299,38,5261,3275,2024
t1,195,4,2,10860,10260,600,8841,2019
t1,196,1,2,9359,8846,513,8898,461
t1,197,2,4,15640,77,15563,9331,6309
t1,198,3,1,5546,36,5510,3360,2186
t1,199,4,2,10781,10049,732,8085,2696
t1,200,1,2,9543,9035,508,8969,574
t1,201,2,4,15269,98,15171,9272,5997
t1,202,3,1,5727,36,5691,3246,2481
t1,203,4,2,10756,9786,970,6130,4626
t1,204,1,2,9732,9234,498,8747,985
t1,205,2,4,14481,140,14341,9148,5333
t1,206,3,1,6210,40,6170,3377,2833
t1,207,4,2,10771,9550,1221,4097,6674
t1,208,1,2,9937,9454,483,4436,5501
t1,209,2,4,13362,181,13181,4813,8549
t1,210,3,1,7296,29,7267,3884,3412
t1,211,4,2,10707,9295,1412,1400,9307
t1,212,1,2,10147,9660,487,1562,8585
t1,213,2,4,11356,256,11100,283,11073
t1,214,3,4,8785,27,8758,5468,3317
t1,215,4,2,10932,8904,2028,1784,9148
t1,216,1,2,10431,9957,474,1674,8757
t1,217,2,4,10239,332,9907,321,9918
t1,218,3,4,9496,24,9472,6205,3291
t1,219,4,2,10766,8317,2449,1954,8812
t1,220,1,2,10913,10446,467,1994,8919
t1,221,2,4,9730,462,9268,431,9299
t1,222,3,4,9644,16,9628,6153,3491
t1,223,4,2,9844,6823,3021,2195,7649
t1,224,1,2,12063,11613,450,3162,8901
t1,225,2,4,9971,782,9189,714,9257
t1,226,3,4,8912,9,8903,5378,3534
t1,227,4,1,6912,3114,3798,2686,4226
t1,228,1,2,12028,11713,315,6452,5576
t1,229,2,4,11832,4376,7456,4394,7438
t1,230,3,4,9877,1,9876,6233,3644
t1,231,4,1,5043,374,4669,3138,1905
t1,232,1,2,10596,10584,12,8994,1602
t1,233,2,2,8763,8244,519,8489,274
t1,234,3,4,16715,2,16713,11890,4825
t1,235,4,1,4997,45,4952,3306,1691
t1,236,1,2,10893,10741,152,9217,1676
t1,237,2,2,8922,8399,523,8595,327
t1,238,3,4,16349,19,16330,10602,5747
t1,239,4,1,5172,40,5132,3260,1912
t1,240,1,2,10793,10469,324,9091,1702
t1,241,2,2,9129,8600,529,8731,398
t1,242,3,4,16117,58,16059,9757,6360
t1,243,4,1,5207,38,5169,3227,1980
t1,244,1,2,10814,10255,559,8815,1999
t1,245,2,2,9334,8823,511,8925,409
t1,246,3,4,15681,73,15608,9341,6340
t1,247,4,1,5499,39,5460,3329,2170
t1,248,1,2,10838,10007,831,8024,2814
t1,249,2,2,9533,9019,514,8995,538
t1,250,3,4,15091,119,14972,9273,5818
t1,251,4,1,5858,32,5826,3428,2430
t1,252,1,2,10778,9788,990,6446,4332
t1,253,2,2,9735,9242,493,8496,1239
t1,254,3,4,14507,146,14361,9120,5387
t1,255,4,1,6226,35,6191,3314,2912
t1,256,1,2,10741,9518,1223,3684,7057
t1,257,2,2,9979,9484,495,5262,4717
t1,258,3,4,13360,190,13170,5169,8191
t1,259,4,1,7124,39,7085,3741,3383
t1,260,1,2,10813,9260,1553,1533,9280
t1,261,2,2,10187,9701,486,1611,8576
t1,262,3,4,11492,251,11241,284,11208
t1,263,4,4,8654,26,8628,5255,3399
t1,264,1,2,10923,8913,2010,1744,9179
t1,265,2,2,10395,9918,477,1634,8761
t1,266,3,4,10113,343,9770,334,9779
t1,267,4,4,9684,26,9658,6287,3397
t1,268,1,2,10748,8316,2432,1879,8869
t1,269,2,2,10844,10370,474,1942,8902
t1,270,3,4,9806,500,9306,456,9350
t1,271,4,4,9598,19,9579,6293,3305
t1,272,1,2,10324,7401,2923,2207,8117
t1,273,2,2,11651,11203,448,2686,8965
t1,274,3,4,9838,612,9226,566,9272
t1,275,4,4,9245,15,9230,5907,3338
t1,276,1,2,9016,5679,3337,2482,6534
t1,277,2,2,12923,12503,420,4122,8801
t1,278,3,4,10001,1002,8999,912,9089
t1,279,4,4,8766,7,8759,5256,3510
t1,280,1,1,6731,2545,4186,2937,3794
t1,281,2,2,12362,12062,300,6972,5390
t1,282,3,4,10884,4568,6316,4594,6290
t1,283,4,4,10911,0,10911,7200,3711
t1,284,1,1,4941,170,4771,3262,1679
t1,285,2,2,10779,10768,11,9169,1610
t1,286,3,2,8809,8289,520,8508,301
t1,287,4,4,16813,0,16813,12141,4672
t1,288,1,1,4844,42,4802,3215,1629
t1,289,2,2,10868,10719,149,9241,1627
t1,290,3,2,8942,8424,518,8631,311
t1,291,4,4,16488,18,16470,10737,5751
t1,292,1,1,5165,46,5119,3295,1870
t1,293,2,2,10828,10552,276,9063,1765
t1,294,3,2,9129,8614,515,8752,377
t1,295,4,4,16077,29,16048,9766,6311
t1,296,1,1,5223,41,5182,3232,1991
t1,297,2,2,10820,10257,563,8857,1963
t1,298,3,2,9363,8842,521,8914,449
t1,299,4,4,15639,79,15560,9324,6315
t1,300,1,1,5524,36,5488,3293,2231
t1,301,2,2,10684,9957,727,7569,3115
t1,302,3,2,9619,9106,513,8904,715
t1,303,4,4,14698,130,14568,9219,5479
t1,304,1,1,6134,34,6100,3527,2607
t1,305,2,2,10831,9603,1228,4325,6506
t1,306,3,2,9902,9410,492,6190,3712
t1,307,4,4,13883,184,13699,7676,6207
t1,308,1,1,6650,37,6613,3459,3191
t1,309,2,2,10767,9369,1398,1910,8857
t1,310,3,2,10015,9523,492,1580,8435
t1,311,4,4,12823,211,12612,766,12057
t1,312,1,1,7631,33,7598,4270,3361
t1,313,2,2,10853,9113,1740,1624,9229
t1,314,3,2,10294,9804,490,1673,8621
t1,315,4,4,11167,275,10892,292,10875
t1,316,1,4,8892,30,8862,5471,3421
t1,317,2,2,10995,8933,2062,1811,9184
t1,318,3,2,10432,9955,477,1663,8769
t1,319,4,4,10148,323,9825,332,9816
t1,320,1,4,9515,27,9488,6304,3211
t1,321,2,2,10887,8438,2449,1954,8933
t1,322,3,2,10735,10258,477,1878,8857
t1,323,4,4,9765,428,9337,402,9363
t1,324,1,4,9724,20,9704,6330,3394
t1,325,2,2,10424,7553,2871,2171,8253
t1,326,3,2,11524,11072,452,2556,8968
t1,327,4,4,9825,596,9229,543,9282
t1,328,1,4,9278,16,9262,5942,3336
t1,329,2,2,9481,6115,3366,2431,7050
t1,330,3,2,12698,12261,437,3748,8950
t1,331,4,4,9992,815,9177,742,9250
t1,332,1,4,9032,7,9025,5536,3496
t1,333,2,1,7085,3392,3693,2607,4478
t1,334,3,2,12946,12588,358,6180,6766
t1,335,4,4,11109,3212,7897,3171,7938
t1,336,1,4,9472,1,9471,5706,3766
t1,337,2,1,5278,649,4629,3194,2084
t1,338,3,2,10282,10278,4,8724,1558
t1,339,4,2,8779,8261,518,8525,254
t1,340,1,4,16656,1,16655,11893,4763
t1,341,2,1,4960,41,4919,3348,1612
t1,342,3,2,10868,10661,207,9221,1647
t1,343,4,2,8996,8490,506,8655,341
t1,344,1,4,16218,33,16185,9983,6235
t1,345,2,1,5317,40,5277,3353,1964
t1,346,3,2,10806,10427,379,8962,1844
t1,347,4,2,9214,8703,511,8822,392
t1,348,1,4,15960,56,15904,9474,6486
t1,349,2,1,5344,40,5304,3216,2128
t1,350,3,2,10789,10122,667,8490,2299
t1,351,4,2,9435,8936,499,8983,452
t1,352,1,4,15530,94,15436,9299,6231
t1,353,2,1,5526,31,5495,3219,2307
t1,354,3,2,10655,9891,764,7366,3289
t1,355,4,2,9614,9103,511,8916,698
t1,356,1,4,14919,136,14783,9251,5668
t1,357,2,1,6063,38,6025,3390,2673
t1,358,3,2,10725,9707,1018,5202,5523
t1,359,4,2,9882,9374,508,7544,2338
t1,360,1,4,14040,168,13872,8728,5312
t1,361,2,1,6567,37,6530,3577,2990
t1,362,3,2,10750,9375,1375,2551,8199
t1,363,4,2,10069,9566,503,1722,8347
t1,364,1,4,12855,230,12625,958,11897
t1,365,2,1,7534,33,7501,4280,3254
t1,366,3,2,10826,9193,1633,1566,9260
t1,367,4,2,10220,9727,493,1608,8612
t1,368,1,4,11248,261,10987,273,10975
t1,369,2,4,8777,24,8753,5448,3329
t1,370,3,2,11008,8878,2130,1840,9168
t1,371,4,2,10445,9967,478,1687,8758
t1,372,1,4,10292,325,9967,333,9959
t1,373,2,4,9465,27,9438,6213,3252
t1,374,3,2,10947,8586,2361,1984,8963
t1,375,4,2,10617,10150,467,1758,8859
t1,376,1,4,9870,407,9463,377,9493
t1,377,2,4,9780,23,9757,6349,3431
t1,378,3,2,10403,7768,2635,2023,8380
t1,379,4,2,11345,10881,464,2381,8964
t1,380,1,4,9773,563,9210,519,9254
t1,381,2,4,9183,13,9170,5744,3439
t1,382,3,1,8331,4842,3489,2491,5840
t1,383,4,2,12922,12531,391,4887,8035
t1,384,1,4,10083,1783,8300,1752,8331
t1,385,2,4,9232,4,9228,5577,3655
t1,386,3,1,5681,1352,4329,2971,2710
t1,387,4,2,10256,10110,146,8093,2163
t1,388,1,2,8392,7738,654,7842,550
t1,389,2,4,16618,0,16618,12057,4561
t1,390,3,1,4934,49,4885,3290,1644
t1,391,4,2,10849,10773,76,9220,1629
t1,392,1,2,8888,8367,521,8597,291
t1,393,2,4,16506,8,16498,11166,5340
t1,394,3,1,5148,51,5097,3321,1827
t1,395,4,2,10850,10590,260,9174,1676
t1,396,1,2,9024,8519,505,8658,366
t1,397,2,4,16275,34,16241,10182,6093
t1,398,3,1,5156,43,5113,3248,1908
t1,399,4,2,10826,10425,401,8980,1846
t1,400,1,2,9190,8684,506,8807,383
t1,401,2,4,15923,69,15854,9508,6415
t1,402,3,1,5302,36,5266,3274,2028
t1,403,4,2,10822,10161,661,8562,2260
t1,404,1,2,9391,8889,502,8946,445
t1,405,2,4,15480,84,15396,9280,6200
t1,406,3,1,5587,42,5545,3276,2311
t1,407,4,2,10807,9921,886,7501,3306
t1,408,1,2,9618,9122,496,8940,678
t1,409,2,4,14876,116,14760,9240,5636
t1,410,3,1,6025,32,5993,3410,2615
t1,411,4,2,10735,9679,1056,5223,5512
t1,412,1,2,9822,9318,504,7733,2089
t1,413,2,4,13915,169,13746,8264,5651
t1,414,3,1,6688,35,6653,3521,3167
t1,415,4,2,10823,9411,1412,2494,8329
t1,416,1,2,9967,9483,484,1886,8081
t1,417,2,4,13086,195,12891,2201,10885
t1,418,3,1,7235,31,7204,3990,3245
t1,419,4,2,10806,9184,1622,1549,9257
t1,420,1,2,10204,9721,483,1576,8628
t1,421,2,4,11070,315,10755,334,10736
t1,422,3,4,9017,22,8995,5687,3330
t1,423,4,2,10954,8791,2163,1858,9096
t1,424,1,2,10495,10027,468,1684,8811
t1,425,2,4,9875,367,9508,361,9514
t1,426,3,4,9752,19,9733,6428,3324
t1,427,4,2,10575,8034,2541,1958,8617
t1,428,1,2,11099,10633,466,2133,8966
t1,429,2,4,9778,526,9252,479,9299
t1,430,3,4,9544,11,9533,6218,3326
t1,431,4,2,9688,6739,2949,2194,7494
t1,432,1,2,12199,11760,439,3216,8983
t1,433,2,4,9854,674,9180,621,9233
t1,434,3,4,9008,8,9000,5519,3489
t1,435,4,1,8036,4328,3708,2670,5366
t1,436,1,2,13503,13106,397,5358,8145
t1,437,2,4,10455,1741,8714,1686,8769
t1,438,3,4,8849,1,8848,5331,3518
t1,439,4,1,6155,1845,4310,3074,3081
t1,440,1,2,10762,10544,218,7636,3126
t1,441,2,2,10206,6856,3350,6913,3293
t1,442,3,4,13925,0,13925,9946,3979
t1,443,4,1,4832,44,4788,3286,1546
t1,444,1,2,10836,10780,56,9249,1587
t1,445,2,2,8893,8383,510,8579,314
t1,446,3,4,16603,12,16591,11395,5208
t1,447,4,1,5153,47,5106,3318,1835
t1,448,1,2,10893,10692,201,9177,1716
t1,449,2,2,9048,8517,531,8695,353
t1,450,3,4,16217,22,16195,10196,6021
t1,451,4,1,5214,43,5171,3333,1881
t1,452,1,2,10885,10452,433,9048,1837
t1,453,2,2,9154,8642,512,8805,349
t1,454,3,4,15974,68,15906,9505,6469
t1,455,4,1,5339,43,5296,3242,2097
t1,456,1,2,10829,10190,639,8542,2287
t1,457,2,2,9403,8901,502,8924,479
t1,458,3,4,15524,91,15433,9317,6207
t1,459,4,1,5549,33,5516,3206,2343
t1,460,1,2,10740,9878,862,7135,3605
t1,461,2,2,9709,9202,507,8900,809
t1,462,3,4,14423,128,14295,9160,5263
t1,463,4,1,6325,32,6293,3595,2730
t1,464,1,2,10721,9531,1190,3732,6989
t1,465,2,2,9931,9436,495,3135,6796
t1,466,3,4,12979,196,12783,2123,10856
t1,467,4,1,7504,31,7473,4186,3318
t1,468,1,2,10768,9227,1541,1501,9267
t1,469,2,2,10118,9632,486,1544,8574
t1,470,3,4,11780,290,11490,327,11453
t1,471,4,4,8378,27,8351,5096,3282
t1,472,1,2,10946,8953,1993,1782,9164
t1,473,2,2,10394,9906,488,1696,8698
t1,474,3,4,10492,295,10197,307,10185
t1,475,4,4,9390,23,9367,6092,3298
t1,476,1,2,10913,8698,2215,1853,9060
t1,477,2,2,10568,10084,484,1751,8817
t1,478,3,4,9859,403,9456,384,9475
t1,479,4,4,9746,19,9727,6379,3367
t1,480,1,2,10659,7968,2691,2051,8608
t1,481,2,2,11148,10688,460,2184,8964
t1,482,3,4,9781,499,9282,464,9317
t1,483,4,4,9456,13,9443,6160,3296
t1,484,1,2,9756,6707,3049,2264,7492
t1,485,2,2,12213,11766,447,3260,8953
t1,486,3,4,9915,681,9234,623,9292
t1,487,4,4,9118,11,9107,5609,3509
t1,488,1,1,7749,4228,3521,2506,5243
t1,489,2,2,13677,13285,392,5477,8200
t1,490,3,4,10369,1680,8689,1615,8754
t1,491,4,4,8869,2,8867,5330,3539
t1,492,1,1,6147,1750,4397,3048,3099
t1,493,2,2,9932,9791,141,7708,2224
t1,494,3,2,10221,7653,2568,7805,2416
t1,495,4,4,14706,0,14706,10632,4074
t1,496,1,1,4835,46,4789,3293,1542
t1,497,2,2,10857,10802,55,9242,1615
t1,498,3,2,8845,8330,515,8575,270
t1,499,4,4,16630,9,16621,11333,5297
t1,500,1,1,5085,41,5044,3323,1762
t1,501,2,2,10855,10620,235,9174,1681
t1,502,3,2,9102,8593,509,8740,362
t1,503,4,4,16061,41,16020,9687,6374
t1,504,1,1,5353,43,5310,3290,2063
t1,505,2,2,10777,10245,532,8746,2031
t1,506,3,2,9387,8893,494,8938,449
t1,507,4,4,15529,83,15446,9302,6227
t1,508,1,1,5595,40,5555,3311,2284
t1,509,2,2,10730,9912,818,7200,3530
t1,510,3,2,9653,9160,493,8973,680
t1,511,4,4,14909,118,14791,9272,5637
t1,512,1,1,5986,33,5953,3380,2606
t1,513,2,2,10777,9678,1099,5357,5420
t1,514,3,2,9842,9335,507,7707,2135
t1,515,4,4,14078,154,13924,8527,5551
t1,516,1,1,6485,33,6452,3466,3019
t1,517,2,2,10781,9451,1330,2771,8010
t1,518,3,2,10030,9527,503,2275,7755
t1,519,4,4,12765,198,12567,709,12056
t1,520,1,1,7627,29,7598,4370,3257
t1,521,2,2,10886,9209,1677,1627,9259
t1,522,3,2,10180,9692,488,1568,8612
t1,523,4,4,11712,280,11432,314,11398
t1,524,1,4,8489,30,8459,5149,3340
t1,525,2,2,10974,8930,2044,1815,9159
t1,526,3,2,10438,9956,482,1738,8700
t1,527,4,4,10607,331,10276,336,10271
t1,528,1,4,9236,27,9209,5995,3241
t1,529,2,2,10969,8709,2260,1881,9088
t1,530,3,2,10530,10044,486,1697,8833
t1,531,4,4,9875,364,9511,365,9510
t1,532,1,4,9761,22,9739,6487,3274
t1,533,2,2,10719,8068,2651,2035,8684
t1,534,3,2,11084,10623,461,2138,8946
t1,535,4,4,9770,499,9271,469,9301
t1,536,1,4,9410,16,9394,6158,3252
t1,537,2,2,9811,6664,3147,2300,7511
t1,538,3,2,12232,11779,453,3254,8978
t1,539,4,4,9962,762,9200,695,9267
t1,540,1,4,8936,6,8930,5450,3486
t1,541,2,1,6931,3225,3706,2601,4330
t1,542,3,2,12393,12070,323,6359,6034
t1,543,4,1,9532,3962,5570,3936,5596
t1,544,1,4,11635,2,11633,7698,3937
t1,545,2,1,4906,51,4855,3356,1550
t1,546,3,2,10941,10919,22,9263,1678
t1,547,4,2,8828,8318,510,8556,272
t1,548,1,4,16600,7,16593,11631,4969
t1,549,2,1,5028,46,4982,3297,1731
t1,550,3,2,10815,10641,174,9199,1616
t1,551,4,2,9015,8493,522,8681,334
t1,552,1,4,16314,30,16284,10419,5895
t1,553,2,1,5259,41,5218,3344,1915
t1,554,3,2,10819,10451,368,9085,1734
t1,555,4,2,9179,8670,509,8812,367
t1,556,1,4,15980,49,15931,9601,6379
t1,557,2,1,5416,40,5376,3345,2071
t1,558,3,2,10805,10228,577,8721,2084
t1,559,4,2,9357,8847,510,8907,450
t1,560,1,4,15573,92,15481,9323,6250
t1,561,2,1,5515,36,5479,3310,2205
t1,562,3,2,10760,9960,800,7677,3083
t1,563,4,2,9569,9070,499,8968,601
t1,564,1,4,14950,124,14826,9273,5677
t1,565,2,1,6024,38,5986,3409,2615
t1,566,3,2,10686,9728,958,5438,5248
t1,567,4,2,9837,9331,506,8373,1464
t1,568,1,4,14209,152,14057,8963,5246
t1,569,2,1,6563,34,6529,3511,3052
t1,570,3,2,10768,9448,1320,3552,7216
t1,571,4,2,9966,9477,489,4138,5828
t1,572,1,4,13338,195,13143,4981,8357
t1,573,2,1,7119,33,7086,3870,3249
t1,574,3,2,10756,9239,1517,1498,9258
t1,575,4,2,10186,9688,498,1596,8590
t1,576,1,4,12020,227,11793,257,11763
t1,577,2,4,8228,26,8202,4877,3351
t1,578,3,2,10982,9046,1936,1741,9241
t1,579,4,2,10336,9854,482,1631,8705
t1,580,1,4,10486,333,10153,337,10149
t1,581,2,4,9381,29,9352,5976,3405
t1,582,3,2,10863,8547,2316,1884,8979
t1,583,4,2,10687,10217,470,1794,8893
t1,584,1,4,9724,417,9307,376,9348
t1,585,2,4,9749,19,9730,6337,3412
t1,586,3,2,10168,7367,2801,2106,8062
t1,587,4,2,11671,11224,447,2670,9001
t1,588,1,4,9783,576,9207,524,9259
t1,589,2,4,9336,12,9324,5893,3443
t1,590,3,2,8748,5442,3306,2383,6365
t1,591,4,2,13075,12657,418,4369,8706
t1,592,1,4,10238,1071,9167,1032,9206
t1,593,2,4,8757,7,8750,5354,3403
t1,594,3,1,6566,2609,3957,2749,3817
t1,595,4,2,13131,12811,320,6916,6215
t1,596,1,4,10657,3710,6947,3701,6956
t1,597,2,4,10442,0,10442,6609,3833
t1,598,3,1,4866,243,4623,3230,1636
t1,599,4,2,10759,10750,9,9121,1638
t1,600,1,2,8794,8281,513,8513,281
t1,601,2,4,16758,0,16758,11998,4760
t1,602,3,1,4919,47,4872,3208,1711
t1,603,4,2,10852,10715,137,9205,1647
t1,604,1,2,8936,8431,505,8661,275
t1,605,2,4,16359,11,16348,10635,5724
t1,606,3,1,5077,37,5040,3292,1785
t1,607,4,2,10880,10550,330,9148,1732
t1,608,1,2,9100,8589,511,8730,370
t1,609,2,4,16036,57,15979,9686,6350
t1,610,3,1,5351,35,5316,3408,1943
t1,611,4,2,10794,10263,531,8786,2008
t1,612,1,2,9322,8794,528,8882,440
t1,613,2,4,15668,74,15594,9339,6329
t1,614,3,1,5479,40,5439,3336,2143
t1,615,4,2,10739,10020,719,8174,2565
t1,616,1,2,9504,9003,501,8965,539
t1,617,2,4,15343,98,15245,9280,6063
t1,618,3,1,5689,38,5651,3265,2424
t1,619,4,2,10698,9801,897,6402,4296
t1,620,1,2,9746,9262,484,8596,1150
t1,621,2,4,14136,138,13998,8875,5261
t1,622,3,1,6656,34,6622,3590,3066
t1,623,4,2,10734,9448,1286,2583,8151
t1,624,1,2,10019,9528,491,1712,8307
t1,625,2,4,12518,193,12325,284,12234
t1,626,3,4,7767,28,7739,4411,3356
t1,627,4,2,10831,9150,1681,1599,9232
t1,628,1,2,10227,9730,497,1582,8645
t1,629,2,4,11229,287,10942,305,10924
t1,630,3,4,8867,28,8839,5504,3363
t1,631,4,2,10982,8945,2037,1789,9193
t1,632,1,2,10338,9853,485,1596,8742
t1,633,2,4,10299,352,9947,348,9951
t1,634,3,4,9437,29,9408,6163,3274
t1,635,4,2,11045,8528,2517,2031,9014
t1,636,1,2,10673,10213,460,1828,8845
t1,637,2,4,9844,397,9447,393,9451
t1,638,3,4,9649,21,9628,6375,3274
t1,639,4,2,10561,7795,2766,2130,8431
t1,640,1,2,11317,10856,461,2325,8992
t1,641,2,4,9768,530,9238,490,9278
t1,642,3,4,9501,19,9482,6136,3365
t1,643,4,2,9383,6220,3163,2302,7081
t1,644,1,2,12551,12117,434,3648,8903
t1,645,2,4,10080,883,9197,813,9267
t1,646,3,4,8774,8,8766,5387,3387
t1,647,4,1,7398,3467,3931,2777,4621
t1,648,1,2,13567,13196,371,6163,7404
t1,649,2,4,9989,2493,7496,2453,7536
t1,650,3,4,9851,0,9851,6104,3747
t1,651,4,1,5303,776,4527,3205,2098
t1,652,1,2,10272,10232,40,8646,1626
t1,653,2,2,8725,8176,549,8418,307
t1,654,3,4,16694,1,16693,12209,4485
t1,655,4,1,5032,38,4994,3330,1702
t1,656,1,2,10836,10722,114,9207,1629
t1,657,2,2,8937,8410,527,8625,312
t1,658,3,4,16496,13,16483,11133,5363
t1,659,4,1,5052,48,5004,3263,1789
t1,660,1,2,10859,10521,338,9162,1697
t1,661,2,2,9158,8638,520,8790,368
t1,662,3,4,16045,49,15996,9590,6455
t1,663,4,1,5259,39,5220,3217,2042
t1,664,1,2,10801,10188,613,8653,2148
t1,665,2,2,9441,8938,503,8964,477
t1,666,3,4,15273,110,15163,9282,5991
t1,667,4,1,5806,30,5776,3420,2386
t1,668,1,2,10741,9891,850,7087,3654
t1,669,2,2,9667,9151,516,8826,841
t1,670,3,4,14705,131,14574,9237,5468
t1,671,4,1,6097,28,6069,3377,2720
t1,672,1,2,10790,9602,1188,4643,6147
t1,673,2,2,9878,9372,506,7446,2432
t1,674,3,4,13778,188,13590,7179,6599
t1,675,4,1,6823,30,6793,3578,3245
t1,676,1,2,10810,9384,1426,1962,8848
t1,677,2,2,10028,9530,498,1557,8471
t1,678,3,4,12661,242,12419,470,12191
t1,679,4,4,7746,31,7715,4425,3321
t1,680,1,2,10798,9152,1646,1576,9222
t1,681,2,2,10197,9717,480,1572,8625
t1,682,3,4,11540,263,11277,279,11261
t1,683,4,4,8644,27,8617,5262,3382
t1,684,1,2,10756,8894,1862,1602,9154
t1,685,2,2,10404,9925,479,1680,8724
t1,686,3,4,10347,334,10013,325,10022
t1,687,4,4,9476,22,9454,6188,3288
t1,688,1,2,10990,8543,2447,2022,8968
t1,689,2,2,10712,10245,467,1867,8845
t1,690,3,4,9835,442,9393,427,9408
t1,691,4,4,9706,17,9689,6342,3364
t1,692,1,2,10634,7875,2759,2156,8478
t1,693,2,2,11254,10794,460,2284,8970
t1,694,3,4,9725,503,9222,464,9261
t1,695,4,4,9400,13,9387,6032,3368
t1,696,1,2,9371,6122,3249,2376,6995
t1,697,2,2,12609,12174,435,3730,8879
t1,698,3,4,10099,910,9189,840,9259
t1,699,4,4,8952,8,8944,5391,3561
t1,700,1,1,7026,3178,3848,2637,4389
t1,701,2,2,11142,10819,323,6414,4728
t1,702,3,2,9765,5236,4529,5216,4549
t1,703,4,4,12591,0,12591,8525,4066
t1,704,1,1,4859,35,4824,3234,1625
t1,705,2,2,10882,10836,46,9225,1657
t1,706,3,2,8905,8394,511,8591,314
t1,707,4,4,16513,13,16500,11167,5346
t1,708,1,1,5089,43,5046,3373,1716
t1,709,2,2,10809,10561,248,9172,1637
t1,710,3,2,9084,8554,530,8723,361
t1,711,4,4,16189,46,16143,9970,6219
t1,712,1,1,5294,34,5260,3354,1940
t1,713,2,2,10764,10305,459,8969,1795
t1,714,3,2,9296,8786,510,8886,410
t1,715,4,4,15752,64,15688,9393,6359
t1,716,1,1,5381,32,5349,3252,2129
t1,717,2,2,10758,10090,668,8373,2385
t1,718,3,2,9442,8942,500,8962,480
t1,719,4,4,15217,95,15122,9271,5946
t1,720,1,1,5839,34,5805,3417,2422
t1,721,2,2,10684,9829,855,6786,3898
t1,722,3,2,9712,9203,509,8906,806
t1,723,4,4,14797,120,14677,9244,5553
t1,724,1,1,6028,37,5991,3312,2716
t1,725,2,2,10756,9615,1141,4680,6076
t1,726,3,2,9842,9359,483,7517,2325
t1,727,4,4,14023,189,13834,8349,5674
t1,728,1,1,6617,37,6580,3560,3057
t1,729,2,2,10781,9393,1388,2006,8775
t1,730,3,2,10042,9563,479,1577,8465
t1,731,4,4,12709,223,12486,527,12182
t1,732,1,1,7648,30,7618,4331,3317
t1,733,2,2,10906,9189,1717,1635,9271
t1,734,3,2,10220,9732,488,1600,8620
t1,735,4,4,11447,289,11158,299,11148
t1,736,1,4,8630,27,8603,5350,3280
t1,737,2,2,10936,8942,1994,1756,9180
t1,738,3,2,10339,9860,479,1602,8737
t1,739,4,4,10317,367,9950,362,9955
t1,740,1,4,9510,28,9482,6238,3272
t1,741,2,2,10787,8322,2465,1952,8835
t1,742,3,2,10897,10414,483,1974,8923
t1,743,4,4,9761,502,9259,442,9319
t1,744,1,4,9555,24,9531,6154,3401
t1,745,2,2,9838,6776,3062,2281,7557
t1,746,3,2,12177,11733,444,3184,8993
t1,747,4,4,9930,718,9212,660,9270
t1,748,1,4,8991,14,8977,5561,3430
t1,749,2,1,7216,3601,3615,2560,4656
t1,750,3,2,13125,12762,363,5999,7126
t1,751,4,4,11226,2840,8386,2801,8425
t1,752,1,4,9155,2,9153,5454,3701
t1,753,2,1,5444,1044,4400,3111,2333
t1,754,3,2,10126,10054,72,8398,1728
t1,755,4,2,8989,8109,880,8331,658
t1,756,1,4,16358,0,16358,11934,4424
t1,757,2,1,5012,47,4965,3319,1693
t1,758,3,2,10821,10757,64,9235,1586
t1,759,4,2,8916,8392,524,8609,307
t1,760,1,4,16479,14,16465,11018,5461
t1,761,2,1,5024,44,4980,3311,1713
t1,762,3,2,10848,10559,289,9150,1698
t1,763,4,2,9071,8558,513,8725,346
t1,764,1,4,16155,36,16119,9932,6223
t1,765,2,1,5261,36,5225,3294,1967
t1,766,3,2,10840,10395,445,8904,1936
t1,767,4,2,9248,8739,509,8865,383
t1,768,1,4,15752,61,15691,9417,6335
t1,769,2,1,5448,48,5400,3363,2085
t1,770,3,2,10812,10115,697,8446,2366
t1,771,4,2,9436,8922,514,8925,511
t1,772,1,4,15308,79,15229,9257,6051
t1,773,2,1,5753,40,5713,3387,2366
t1,774,3,2,10720,9885,835,6869,3851
t1,775,4,2,9676,9180,496,8812,864
t1,776,1,4,14796,157,14639,9260,5536
t1,777,2,1,6144,36,6108,3411,2733
t1,778,3,2,10718,9552,1166,4663,6055
t1,779,4,2,9931,9433,498,6844,3087
t1,780,1,4,13575,178,13397,6526,7049
t1,781,2,1,6887,38,6849,3636,3251
t1,782,3,2,10821,9307,1514,1557,9264
t1,783,4,2,10105,9628,477,1547,8558
t1,784,1,4,11678,234,11444,270,11408
t1,785,2,4,8488,25,8463,5204,3284
t1,786,3,2,10940,8982,1958,1730,9210
t1,787,4,2,10403,9921,482,1675,8728
t1,788,1,4,10393,322,10071,325,10068
t1,789,2,4,9468,24,9444,6109,3359
t1,790,3,2,10923,8659,2264,1870,9053
t1,791,4,2,10592,10115,477,1742,8850
t1,792,1,4,9961,405,9556,432,9529
t1,793,2,4,9604,13,9591,6331,3273
t1,794,3,2,10503,7820,2683,1999,8504
t1,795,4,2,11306,10835,471,2332,8974
t1,796,1,4,9754,508,9246,467,9287
t1,797,2,4,9548,19,9529,6153,3395
t1,798,3,2,9955,6904,3051,2281,7674
t1,799,4,2,12042,11596,446,3044,8998
t1,800,1,4,9946,735,9211,664,9282
t1,801,2,4,8993,9,8984,5588,3405
t1,802,3,1,8114,4438,3676,2542,5572
t1,803,4,2,13349,12950,399,5232,8117
t1,804,1,4,10257,1757,8500,1695,8562
t1,805,2,4,8898,1,8897,5287,3611
t1,806,3,1,5636,1166,4470,3147,2489
t1,807,4,2,10627,10472,155,8302,2325
t1,808,1,2,10711,7527,3184,7644,3067
t1,809,2,4,14033,0,14033,9812,4221
t1,810,3,1,5007,42,4965,3390,1617
t1,811,4,2,10897,10865,32,9256,1641
t1,812,1,2,8834,8315,519,8560,274
t1,813,2,4,16526,9,16517,11453,5073
t1,814,3,1,5091,52,5039,3401,1690
t1,815,4,2,10864,10648,216,9144,1720
t1,816,1,2,9032,8519,513,8699,333
t1,817,2,4,16230,26,16204,10194,6036
t1,818,3,1,5204,48,5156,3354,1850
t1,819,4,2,10811,10416,395,9020,1791
t1,820,1,2,9199,8696,503,8819,380
t1,821,2,4,15810,54,15756,9397,6413
t1,822,3,1,5449,41,5408,3273,2176
t1,823,4,2,10806,10051,755,8247,2559
t1,824,1,2,9544,9041,503,8957,587
t1,825,2,4,15050,102,14948,9267,5783
t1,826,3,1,5886,37,5849,3364,2522
t1,827,4,2,10705,9744,961,5697,5008
t1,828,1,2,9765,9267,498,8373,1392
t1,829,2,4,14331,155,14176,8942,5389
t1,830,3,1,6414,30,6384,3401,3013
t1,831,4,2,10723,9507,1216,3130,7593
t1,832,1,2,9989,9494,495,4451,5538
t1,833,2,4,13334,175,13159,5298,8036
t1,834,3,1,7089,31,7058,3833,3256
t1,835,4,2,10846,9278,1568,1593,9253
t1,836,1,2,10133,9644,489,1608,8525
t1,837,2,4,12100,232,11868,270,11830
t1,838,3,4,8114,32,8082,4878,3236
t1,839,4,2,10873,9030,1843,1649,9224
t1,840,1,2,10301,9813,488,1609,8692
t1,841,2,4,10708,298,10410,309,10399
t1,842,3,4,9385,27,9358,5954,3431
t1,843,4,2,10893,8821,2072,1749,9144
t1,844,1,2,10490,10008,482,1694,8796
t1,845,2,4,10020,376,9644,350,9670
t1,846,3,4,9533,24,9509,6235,3298
t1,847,4,2,10763,8193,2570,2013,8750
t1,848,1,2,11005,10538,467,2051,8954
t1,849,2,4,9690,434,9256,380,9310
t1,850,3,4,9480,16,9464,6204,3276
t1,851,4,2,10116,7058,3058,2337,7779
t1,852,1,2,11882,11422,460,2886,8996
t1,853,2,4,9905,695,9210,620,9285
t1,854,3,4,9131,10,9121,5813,3318
t1,855,4,1,8579,5003,3576,2586,5993
t1,856,1,2,13344,12928,416,4742,8602
t1,857,2,4,10342,1225,9117,1189,9153
t1,858,3,4,8768,5,8763,5196,3572
t1,859,4,1,5993,1976,4017,2770,3223
t1,860,1,2,10144,9951,193,7580,2564
t1,861,2,2,8563,7285,1278,7396,1167
t1,862,3,4,15866,0,15866,11471,4395
t1,863,4,1,4893,33,4860,3341,1552
t1,864,1,2,10846,10735,111,9226,1620
t1,865,2,2,8913,8388,525,8606,307
t1,866,3,4,16310,20,16290,10491,5819
t1,867,4,1,5282,43,5239,3319,1963
t1,868,1,2,10779,10504,275,9098,1681
t1,869,2,2,9117,8609,508,8766,351
t1,870,3,4,16106,52,16054,9721,6385
t1,871,4,1,5309,41,5268,3259,2050
t1,872,1,2,10765,10263,502,8791,1974
t1,873,2,2,9316,8805,511,8907,409
t1,874,3,4,15725,78,15647,9336,6389
t1,875,4,1,5539,42,5497,3278,2261
t1,876,1,2,10775,10106,669,8225,2550
t1,877,2,2,9489,8976,513,8954,535
t1,878,3,4,15249,83,15166,9259,5990
t1,879,4,1,5754,37,5717,3333,2421
t1,880,1,2,10733,9793,940,6521,4212
t1,881,2,2,9739,9242,497,8762,977
t1,882,3,4,14708,134,14574,9229,5479
t1,883,4,1,6040,31,6009,3351,2689
t1,884,1,2,10743,9559,1184,4227,6516
t1,885,2,2,9960,9469,491,6024,3936
t1,886,3,4,13662,189,13473,6994,6668
t1,887,4,1,6897,29,6868,3615,3282
t1,888,1,2,10784,9320,1464,1661,9123
t1,889,2,2,10118,9613,505,1593,8525
t1,890,3,4,12343,246,12097,280,12063
t1,891,4,4,7976,30,7946,4593,3383
t1,892,1,2,10879,9094,1785,1659,9220
t1,893,2,2,10268,9783,485,1663,8605
t1,894,3,4,10958,310,10648,319,10639
t1,895,4,4,9144,29,9115,5826,3318
t1,896,1,2,10833,8864,1969,1700,9133
t1,897,2,2,10476,9989,487,1703,8773
t1,898,3,4,10246,359,9887,339,9907
t1,899,4,4,9516,24,9492,6137,3379
t1,900,1,2,10793,8313,2480,1936,8857
t1,901,2,2,10909,10445,464,1973,8936
t1,902,3,4,9744,468,9276,427,9317
t1,903,4,4,9488,18,9470,6173,3315
t1,904,1,2,9749,6704,3045,2284,7465
t1,905,2,2,12101,11665,436,3226,8875
t1,906,3,4,9998,879,9119,788,9210
t1,907,4,4,8838,10,8828,5326,3512
t1,908,1,1,7191,3291,3900,2747,4444
t1,909,2,2,11886,11562,324,6287,5599
t1,910,3,4,11527,4358,7169,4364,7163
t1,911,4,4,10132,1,10131,6392,3740
t1,912,1,1,5053,412,4641,3207,1846
t1,913,2,2,10509,10503,6,8947,1562
t1,914,3,2,8782,8264,518,8545,237
t1,915,4,4,16707,0,16707,11980,4727
t1,916,1,1,4951,41,4910,3252,1699
t1,917,2,2,10910,10769,141,9249,1661
t1,918,3,2,8928,8413,515,8612,316
t1,919,4,4,16417,18,16399,10753,5664
t1,920,1,1,5164,42,5122,3347,1817
t1,921,2,2,10784,10508,276,9117,1667
t1,922,3,2,9115,8599,516,8718,397
t1,923,4,4,16190,51,16139,9981,6209
t1,924,1,1,5215,38,5177,3238,1977
t1,925,2,2,10775,10297,478,8800,1975
t1,926,3,2,9315,8793,522,8899,416
t1,927,4,4,15751,71,15680,9367,6384
t1,928,1,1,5497,42,5455,3350,2147
t1,929,2,2,10757,10105,652,8346,2411
t1,930,3,2,9488,8978,510,8955,533
t1,931,4,4,15236,128,15108,9280,5956
t1,932,1,1,5794,36,5758,3328,2466
t1,933,2,2,10784,9829,955,6780,4004
t1,934,3,2,9710,9196,514,8800,910
t1,935,4,4,14492,155,14337,9224,5268
t1,936,1,1,6296,36,6260,3439,2857
t1,937,2,2,10617,9546,1071,3911,6706
t1,938,3,2,9911,9420,491,5726,4185
t1,939,4,4,13609,187,13422,7025,6584
t1,940,1,1,7009,32,6977,3787,3222
t1,941,2,2,10738,9301,1437,1468,9270
t1,942,3,2,10135,9647,488,1579,8556
t1,943,4,4,11716,237,11479,265,11451
t1,944,1,4,8417,32,8385,5084,3333
t1,945,2,2,10957,8970,1987,1780,9177
t1,946,3,2,10400,9918,482,1684,8716
t1,947,4,4,10302,338,9964,351,9951
t1,948,1,4,9507,22,9485,6243,3264
t1,949,2,2,10875,8504,2371,1931,8944
t1,950,3,2,10747,10274,473,1862,8885
t1,951,4,4,9834,437,9397,416,9418
t1,952,1,4,9703,21,9682,6374,3329
t1,953,2,2,10531,7719,2812,2157,8374
t1,954,3,2,11372,10901,471,2398,8974
t1,955,4,4,9775,555,9220,495,9280
t1,956,1,4,9330,10,9320,5995,3335
t1,957,2,2,9336,6077,3259,2359,6977
t1,958,3,2,12681,12248,433,3750,8931
t1,959,4,4,9957,829,9128,765,9192
t1,960,1,4,8899,7,8892,5421,3478
t1,961,2,1,6950,3215,3735,2669,4281
t1,962,3,2,12919,12568,351,6393,6526
t1,963,4,4,10811,3441,7370,3396,7415
t1,964,1,4,10055,0,10055,6371,3684
t1,965,2,1,5340,737,4603,3204,2136
t1,966,3,2,10315,10265,50,8612,1703
t1,967,4,2,9424,8205,1219,8416,1008
t1,968,1,4,16022,0,16022,11699,4323
t1,969,2,1,4954,44,4910,3277,1677
t1,970,3,2,10871,10745,126,9251,1620
t1,971,4,2,8925,8409,516,8606,319
t1,972,1,4,16500,18,16482,10940,5560
t1,973,2,1,5108,44,5064,3292,1816
t1,974,3,2,10830,10575,255,9143,1687
t1,975,4,2,9077,8556,521,8713,364
t1,976,1,4,16130,38,16092,9974,6156
t1,977,2,1,5229,40,5189,3223,2006
t1,978,3,2,10783,10340,443,8928,1855
t1,979,4,2,9226,8732,494,8831,395
t1,980,1,4,15773,77,15696,9396,6377
t1,981,2,1,5371,43,5328,3211,2160
t1,982,3,2,10714,10045,669,8100,2614
t1,983,4,2,9526,9018,508,8964,562
t1,984,1,4,15010,136,14874,9277,5733
t1,985,2,1,5999,38,5961,3470,2529
t1,986,3,2,10642,9669,973,5342,5300
t1,987,4,2,9838,9332,506,7529,2309
t1,988,1,4,13941,160,13781,8316,5625
t1,989,2,1,6728,32,6696,3646,3082
t1,990,3,2,10788,9386,1402,2143,8645
t1,991,4,2,10019,9531,488,1616,8403
t1,992,1,4,12765,246,12519,859,11906
t1,993,2,1,7644,36,7608,4320,3324
t1,994,3,2,10843,9208,1635,1572,9271
t1,995,4,2,10192,9696,496,1565,8627
t1,996,1,4,11311,257,11054,279,11032
t1,997,2,4,8763,33,8730,5362,3401
t1,998,3,2,10892,8929,1963,1710,9182
t1,999,4,2,10397,9909,488,1662,8735
t1,1000,1,4,10285,339,9946,332,9953
t1,1001,2,4,9475,32,9443,6205,3270
t1,1002,3,2,10886,8491,2395,1935,8951
t1,1003,4,2,10730,10264,466,1864,8866
t1,1004,1,4,9830,422,9408,390,9440
t1,1005,2,4,9636,14,9622,6405,3231
t1,1006,3,2,10585,7788,2797,2120,8465
t1,1007,4,2,11287,10819,468,2356,8931
t1,1008,1,4,9804,550,9254,512,9292
t1,1009,2,4,9418,13,9405,6044,3374
t1,1010,3,2,9636,6422,3214,2375,7261
t1,1011,4,2,12420,11983,437,3473,8947
t1,1012,1,4,9999,788,9211,731,9268
t1,1013,2,4,8910,7,8903,5465,3445
t1,1014,3,1,7528,3827,3701,2633,4895
t1,1015,4,2,12771,12403,368,5803,6968
t1,1016,1,4,10990,2998,7992,2978,8012
t1,1017,2,4,9480,2,9478,5913,3567
t1,1018,3,1,5507,1021,4486,3142,2365
t1,1019,4,2,10041,10008,33,8401,1640
t1,1020,1,2,8743,8176,567,8428,315
t1,1021,2,4,16655,0,16655,12069,4586
t1,1022,3,1,4972,36,4936,3322,1650
t1,1023,4,2,10808,10682,126,9224,1584
t1,1024,1,2,8937,8424,513,8626,311
t1,1025,2,4,16371,36,16335,10351,6020
t1,1026,3,1,5105,37,5068,3217,1888
t1,1027,4,2,10814,10417,397,9060,1754
t1,1028,1,2,9188,8679,509,8801,387
t1,1029,2,4,15866,72,15794,9554,6312
t1,1030,3,1,5429,30,5399,3322,2107
t1,1031,4,2,10809,10192,617,8610,2199
t1,1032,1,2,9414,8907,507,8944,470
t1,1033,2,4,15550,100,15450,9317,6233
t1,1034,3,1,5523,32,5491,3227,2296
t1,1035,4,2,10738,9887,851,7454,3284
t1,1036,1,2,9636,9128,508,8982,654
t1,1037,2,4,14811,116,14695,9258,5553
t1,1038,3,1,5984,36,5948,3405,2579
t1,1039,4,2,10812,9711,1101,5638,5174
t1,1040,1,2,9772,9275,497,7875,1897
t1,1041,2,4,14041,157,13884,8599,5442
t1,1042,3,1,6631,42,6589,3637,2994
t1,1043,4,2,10795,9464,1331,2915,7880
t1,1044,1,2,9948,9460,488,2539,7409
t1,1045,2,4,12921,232,12689,1514,11407
t1,1046,3,1,7397,34,7363,4119,3278
t1,1047,4,2,10860,9200,1660,1626,9234
t1,1048,1,2,10130,9638,492,1563,8567
t1,1049,2,4,11754,254,11500,285,11469
t1,1050,3,4,8395,29,8366,5131,3264
t1,1051,4,2,10929,9011,1918,1731,9198
t1,1052,1,2,10313,9824,489,1618,8695
t1,1053,2,4,10688,310,10378,318,10370
t1,1054,3,4,9273,27,9246,5887,3386
t1,1055,4,2,10892,8607,2285,1852,9040
t1,1056,1,2,10623,10158,465,1829,8794
t1,1057,2,4,9994,392,9602,366,9628
t1,1058,3,4,9610,21,9589,6303,3307
t1,1059,4,2,10607,8085,2522,1977,8630
t1,1060,1,2,11016,10557,459,2099,8917
t1,1061,2,4,9762,514,9248,477,9285
t1,1062,3,4,9449,14,9435,6067,3382
t1,1063,4,2,9079,5844,3235,2339,6740
t1,1064,1,2,12771,12343,428,3984,8787
t1,1065,2,4,10030,1020,9010,933,9097
t1,1066,3,4,8749,5,8744,5153,3596
t1,1067,4,1,6465,2353,4112,2820,3645
t1,1068,1,2,12069,11781,288,7152,4917
t1,1069,2,2,9075,5062,4013,5074,4001
t1,1070,3,4,13122,0,13122,9233,3889
t1,1071,4,1,4885,47,4838,3306,1579
t1,1072,1,2,10885,10874,11,9282,1603
t1,1073,2,2,8832,8315,517,8555,277
t1,1074,3,4,16673,4,16669,11785,4888
t1,1075,4,1,5023,34,4989,3362,1661
t1,1076,1,2,10848,10663,185,9235,1613
t1,1077,2,2,8960,8457,503,8651,309
t1,1078,3,4,16310,20,16290,10565,5745
t1,1079,4,1,5188,55,5133,3286,1902
t1,1080,1,2,10809,10452,357,9056,1753
t1,1081,2,2,9129,8623,506,8779,350
t1,1082,3,4,15977,47,15930,9690,6287
t1,1083,4,1,5335,37,5298,3395,1940
t1,1084,1,2,10750,10250,500,8782,1968
t1,1085,2,2,9306,8784,522,8876,430
t1,1086,3,4,15646,69,15577,9302,6344
t1,1087,4,1,5497,39,5458,3242,2255
t1,1088,1,2,10753,9997,756,7831,2922
t1,1089,2,2,9621,9107,514,9051,570
t1,1090,3,4,14930,99,14831,9263,5667
t1,1091,4,1,5907,39,5868,3394,2513
t1,1092,1,2,10726,9706,1020,6022,4704
t1,1093,2,2,9767,9266,501,8449,1318
t1,1094,3,4,14351,163,14188,9042,5309
t1,1095,4,1,6462,36,6426,3491,2971
t1,1096,1,2,10731,9529,1202,3473,7258
t1,1097,2,2,9963,9462,501,4663,5300
t1,1098,3,4,13455,173,13282,6306,7149
t1,1099,4,1,7013,25,6988,3758,3255
t1,1100,1,2,10821,9274,1547,1542,9279
t1,1101,2,2,10158,9672,486,1585,8573
t1,1102,3,4,11604,259,11345,298,11306
t1,1103,4,4,8451,32,8419,5242,3209
t1,1104,1,2,11018,8974,2044,1821,9197
t1,1105,2,2,10411,9934,477,1658,8753
t1,1106,3,4,10160,341,9819,329,9831
t1,1107,4,4,9723,24,9699,6370,3353
t1,1108,1,2,10860,8476,2384,1931,8929
t1,1109,2,2,10749,10282,467,1861,8888
t1,1110,3,4,9717,399,9318,373,9344
t1,1111,4,4,9592,14,9578,6283,3309
t1,1112,1,2,10426,7515,2911,2232,8194
t1,1113,2,2,11470,11019,451,2489,8981
t1,1114,3,4,9849,615,9234,561,9288
t1,1115,4,4,9336,13,9323,5897,3439
t1,1116,1,2,9015,5747,3268,2359,6656
t1,1117,2,2,12956,12521,435,4109,8847
t1,1118,3,4,10104,949,9155,851,9253
t1,1119,4,4,8814,6,8808,5371,3443
t1,1120,1,1,7133,3169,3964,2841,4292
t1,1121,2,2,12643,12305,338,6425,6218
t1,1122,3,4,10744,3726,7018,3716,7028
t1,1123,4,4,10296,0,10296,6584,3712
t1,1124,1,1,4900,326,4574,3141,1759
t1,1125,2,2,10633,10620,13,9030,1603
t1,1126,3,2,8848,8272,576,8519,329
t1,1127,4,4,16666,1,16665,12028,4638
t1,1128,1,1,4930,36,4894,3296,1634
t1,1129,2,2,10844,10739,105,9255,1589
t1,1130,3,2,8916,8397,519,8617,299
t1,1131,4,4,16371,19,16352,10633,5738
t1,1132,1,1,5233,37,5196,3357,1876
t1,1133,2,2,10842,10590,252,9112,1730
t1,1134,3,2,9059,8548,511,8716,343
t1,1135,4,4,16086,52,16034,9752,6334
t1,1136,1,1,5238,41,5197,3268,1970
t1,1137,2,2,10752,10264,488,8846,1906
t1,1138,3,2,9312,8794,518,8888,424
t1,1139,4,4,15695,51,15644,9366,6329
t1,1140,1,1,5508,38,5470,3393,2115
t1,1141,2,2,10825,10026,799,7920,2905
t1,1142,3,2,9582,9073,509,8958,624
t1,1143,4,4,14866,109,14757,9262,5604
t1,1144,1,1,6016,36,5980,3318,2698
t1,1145,2,2,10714,9633,1081,5175,5539
t1,1146,3,2,9839,9343,496,7220,2619
t1,1147,4,4,13696,177,13519,7116,6580
t1,1148,1,1,6940,38,6902,3659,3281
t1,1149,2,2,10754,9390,1364,1882,8872
t1,1150,3,2,10047,9573,474,1522,8525
t1,1151,4,4,12480,245,12235,328,12152
t1,1152,1,4,7899,27,7872,4548,3351
t1,1153,2,2,10873,9126,1747,1654,9219
t1,1154,3,2,10252,9773,479,1639,8613
t1,1155,4,4,10944,251,10693,277,10667
t1,1156,1,4,9080,31,9049,5669,3411
t1,1157,2,2,10916,8860,2056,1771,9145
t1,1158,3,2,10448,9964,484,1689,8759
t1,1159,4,4,10176,338,9838,330,9846
t1,1160,1,4,9613,24,9589,6345,3268
t1,1161,2,2,10900,8491,2409,1962,8938
t1,1162,3,2,10717,10243,474,1826,8891
t1,1163,4,4,9819,430,9389,402,9417
t1,1164,1,4,9674,19,9655,6280,3394
t1,1165,2,2,10374,7557,2817,2138,8236
t1,1166,3,2,11498,11051,447,2517,8981
t1,1167,4,4,9813,569,9244,540,9273
t1,1168,1,4,9385,12,9373,6032,3353
t1,1169,2,2,9138,5910,3228,2344,6794
t1,1170,3,2,12823,12393,430,3963,8860
t1,1171,4,4,10011,859,9152,796,9215
t1,1172,1,4,8868,10,8858,5272,3596
t1,1173,2,1,7382,3507,3875,2676,4706
t1,1174,3,2,12793,12432,361,6070,6723
t1,1175,4,4,9865,3212,6653,3156,6709
t1,1176,1,4,10559,0,10559,6872,3687
t1,1177,2,1,5086,368,4718,3217,1869
t1,1178,3,2,10568,10560,8,8961,1607
t1,1179,4,2,8846,8237,609,8506,340
t1,1180,1,4,16645,0,16645,12037,4608
t1,1181,2,1,4920,45,4875,3270,1650
t1,1182,3,2,10867,10701,166,9242,1625
t1,1183,4,2,8988,8460,528,8666,322
t1,1184,1,4,16232,24,16208,10207,6025
t1,1185,2,1,5265,37,5228,3389,1876
t1,1186,3,2,10786,10380,406,8991,1795
t1,1187,4,2,9242,8743,499,8884,358
t1,1188,1,4,15769,75,15694,9372,6397
t1,1189,2,1,5417,45,5372,3272,2145
t1,1190,3,2,10788,10115,673,8197,2591
t1,1191,4,2,9494,8980,514,8983,511
t1,1192,1,4,15296,92,15204,9271,6025
t1,1193,2,1,5646,37,5609,3271,2375
t1,1194,3,2,10706,9845,861,6765,3941
t1,1195,4,2,9641,9142,499,8759,882
t1,1196,1,4,14544,136,14408,9179,5365
t1,1197,2,1,6192,32,6160,3427,2765
t1,1198,3,2,10820,9551,1269,4537,6283
t1,1199,4,2,9896,9388,508,6555,3341
t1,1200,1,4,13457,171,13286,6471,6986
t1,1201,2,1,7062,33,7029,3761,3301
t1,1202,3,2,10735,9320,1415,1649,9086
t1,1203,4,2,10082,9613,469,1598,8484
t1,1204,1,4,12481,208,12273,371,12110
t1,1205,2,4,7873,28,7845,4525,3348
t1,1206,3,2,10869,9132,1737,1624,9245
t1,1207,4,2,10229,9751,478,1612,8617
t1,1208,1,4,11330,266,11064,290,11040
t1,1209,2,4,8689,24,8665,5399,3290
t1,1210,3,2,10967,8865,2102,1799,9168
t1,1211,4,2,10387,9911,476,1639,8748
t1,1212,1,4,10188,339,9849,336,9852
t1,1213,2,4,9520,29,9491,6246,3274
t1,1214,3,2,10940,8508,2432,1953,8987
t1,1215,4,2,10687,10211,476,1797,8890
t1,1216,1,4,9775,436,9339,420,9355
t1,1217,2,4,9673,14,9659,6276,3397
t1,1218,3,2,10568,7708,2860,2165,8403
t1,1219,4,2,11358,10891,467,2391,8967
t1,1220,1,4,9764,538,9226,498,9266
t1,1221,2,4,9330,10,9320,5939,3391
t1,1222,3,2,8673,5358,3315,2401,6272
t1,1223,4,2,12968,12552,416,4466,8502
t1,1224,1,4,10124,1346,8778,1283,8841
t1,1225,2,4,8842,8,8834,5180,3662
t1,1226,3,1,5642,1379,4263,2938,2704
t1,1227,4,2,9941,9839,102,8071,1870
t1,1228,1,2,9062,7957,1105,8130,932
t1,1229,2,4,16212,0,16212,11965,4247
t1,1230,3,1,4904,39,4865,3231,1673
t1,1231,4,2,10826,10720,106,9202,1624
t1,1232,1,2,8907,8392,515,8606,301
t1,1233,2,4,16483,12,16471,11159,5324
t1,1234,3,1,5070,48,5022,3312,1758
t1,1235,4,2,10843,10583,260,9183,1660
t1,1236,1,2,9075,8560,515,8723,352
t1,1237,2,4,16126,44,16082,9917,6209
t1,1238,3,1,5247,41,5206,3280,1967
t1,1239,4,2,10796,10340,456,9006,1790
t1,1240,1,2,9260,8741,519,8840,420
t1,1241,2,4,15806,59,15747,9375,6431
t1,1242,3,1,5431,38,5393,3242,2189
t1,1243,4,2,10764,10053,711,8292,2472
t1,1244,1,2,9452,8931,521,8952,500
t1,1245,2,4,15256,143,15113,9313,5943
t1,1246,3,1,5612,39,5573,3285,2327
t1,1247,4,2,10713,9806,907,6790,3923
t1,1248,1,2,9700,9205,495,8940,760
t1,1249,2,4,14725,130,14595,9238,5487
t1,1250,3,1,6183,36,6147,3399,2784
t1,1251,4,2,10778,9670,1108,4848,5930
t1,1252,1,2,9845,9356,489,7362,2483
t1,1253,2,4,13882,148,13734,8227,5655
t1,1254,3,1,6729,35,6694,3601,3128
t1,1255,4,2,10781,9377,1404,2053,8728
t1,1256,1,2,10060,9569,491,1591,8469
t1,1257,2,4,12790,202,12588,809,11981
t1,1258,3,1,7586,29,7557,4315,3271
t1,1259,4,2,10801,9196,1605,1540,9261
t1,1260,1,2,10148,9670,478,1575,8573
t1,1261,2,4,11159,307,10852,324,10835
t1,1262,3,4,8884,27,8857,5623,3261
t1,1263,4,2,10979,8825,2154,1854,9125
t1,1264,1,2,10523,10038,485,1708,8815
t1,1265,2,4,9942,366,9576,363,9579
t1,1266,3,4,9579,17,9562,6313,3266
t1,1267,4,2,10647,7950,2697,2091,8556
t1,1268,1,2,11166,10706,460,2208,8958
t1,1269,2,4,9757,512,9245,489,9268
t1,1270,3,4,9448,15,9433,6156,3292
t1,1271,4,2,9708,6601,3107,2299,7409
t1,1272,1,2,12299,11867,432,3303,8996
t1,1273,2,4,9934,707,9227,658,9276
t1,1274,3,4,9012,8,9004,5586,3426
t1,1275,4,1,7398,3709,3689,2522,4876
t1,1276,1,2,13739,13351,388,5973,7766
t1,1277,2,4,10676,2167,8509,2097,8579
t1,1278,3,4,8959,1,8958,5440,3519
t1,1279,4,1,5864,1502,4362,3122,2742
t1,1280,1,2,9882,9770,112,7958,1924
t1,1281,2,2,9388,7910,1478,8077,1311
t1,1282,3,4,15796,0,15796,11628,4168
t1,1283,4,1,4836,44,4792,3323,1513
t1,1284,1,2,10847,10755,92,9274,1573
t1,1285,2,2,8894,8374,520,8609,285
t1,1286,3,4,16425,10,16415,11000,5425
t1,1287,4,1,5099,42,5057,3226,1873
t1,1288,1,2,10795,10525,270,9106,1689
t1,1289,2,2,9072,8561,511,8744,328
t1,1290,3,4,16227,32,16195,10012,6215
t1,1291,4,1,5203,37,5166,3336,1867
t1,1292,1,2,10822,10381,441,9018,1804
t1,1293,2,2,9203,8698,505,8817,386
t1,1294,3,4,15820,75,15745,9478,6342
t1,1295,4,1,5522,37,5485,3349,2173
t1,1296,1,2,10761,10147,614,8402,2359
t1,1297,2,2,9423,8916,507,8911,512
t1,1298,3,4,15451,80,15371,9282,6169
t1,1299,4,1,5696,39,5657,3221,2475
t1,1300,1,2,10702,9830,872,6968,3734
t1,1301,2,2,9738,9231,507,8927,811
t1,1302,3,4,14585,151,14434,9187,5398
t1,1303,4,1,6142,31,6111,3423,2719
t1,1304,1,2,10774,9515,1259,3533,7241
t1,1305,2,2,9951,9464,487,2651,7300
t1,1306,3,4,12812,214,12598,1466,11346
t1,1307,4,4,7717,30,7687,4274,3443
t1,1308,1,2,10821,9215,1606,1578,9243
t1,1309,2,2,10165,9682,483,1579,8586
t1,1310,3,4,11525,261,11264,292,11233
t1,1311,4,4,8610,25,8585,5276,3334
t1,1312,1,2,10863,8956,1907,1686,9177
t1,1313,2,2,10368,9881,487,1674,8694
t1,1314,3,4,10509,316,10193,316,10193
t1,1315,4,4,9446,27,9419,6056,3390
t1,1316,1,2,10816,8634,2182,1791,9025
t1,1317,2,2,10599,10121,478,1752,8847
t1,1318,3,4,9931,407,9524,383,9548
t1,1319,4,4,9686,17,9669,6342,3344
t1,1320,1,2,10597,7921,2676,2064,8533
t1,1321,2,2,11217,10762,455,2247,8970
t1,1322,3,4,9791,531,9260,498,9293
t1,1323,4,4,9445,13,9432,6136,3309
t1,1324,1,2,9845,6815,3030,2219,7626
t1,1325,2,2,12007,11570,437,3074,8933
t1,1326,3,4,10022,798,9224,759,9263
t1,1327,4,4,9022,9,9013,5582,3440
t1,1328,1,1,7936,4284,3652,2640,5296
t1,1329,2,2,13552,13161,391,5409,8143
t1,1330,3,4,9941,1682,8259,1640,8301
t1,1331,4,4,9172,1,9171,5468,3704
t1,1332,1,1,5704,1255,4449,3092,2612
t1,1333,2,2,10291,10155,136,8184,2107
t1,1334,3,2,9475,7807,1668,7956,1519
t1,1335,4,4,15567,0,15567,11411,4156
t1,1336,1,1,4824,36,4788,3224,1600
t1,1337,2,2,10835,10788,47,9224,1611
t1,1338,3,2,8890,8371,519,8592,298
t1,1339,4,4,16607,9,16598,11501,5106
t1,1340,1,1,5011,43,4968,3265,1746
t1,1341,2,2,10842,10574,268,9161,1681
t1,1342,3,2,9085,8567,518,8754,331
t1,1343,4,4,16040,38,16002,9819,6221
t1,1344,1,1,5252,32,5220,3342,1910
t1,1345,2,2,10792,10245,547,8801,1991
t1,1346,3,2,9336,8840,496,8912,424
t1,1347,4,4,15474,77,15397,9293,6181
t1,1348,1,1,5619,34,5585,3457,2162
t1,1349,2,2,10690,9959,731,7651,3039
t1,1350,3,2,9615,9094,521,8991,624
t1,1351,4,4,14967,124,14843,9266,5701
t1,1352,1,1,5968,30,5938,3365,2603
t1,1353,2,2,10723,9677,1046,5406,5317
t1,1354,3,2,9826,9340,486,8445,1381
t1,1355,4,4,14223,145,14078,8810,5413
t1,1356,1,1,6400,33,6367,3385,3015
t1,1357,2,2,10762,9494,1268,3166,7596
t1,1358,3,2,9949,9445,504,3095,6854
t1,1359,4,4,13178,196,12982,4021,9157
t1,1360,1,1,7343,30,7313,4021,3322
t1,1361,2,2,10749,9262,1487,1475,9274
t1,1362,3,2,10189,9704,485,1636,8553
t1,1363,4,4,11820,250,11570,277,11543
t1,1364,1,4,8298,29,8269,5020,3278
t1,1365,2,2,10978,9011,1967,1770,9208
t1,1366,3,2,10322,9844,478,1642,8680
t1,1367,4,4,10764,306,10458,306,10458
t1,1368,1,4,9132,27,9105,5845,3287
t1,1369,2,2,10941,8755,2186,1827,9114
t1,1370,3,2,10522,10047,475,1722,8800
t1,1371,4,4,9943,371,9572,346,9597
t1,1372,1,4,9636,17,9619,6330,3306
t1,1373,2,2,10896,8175,2721,2151,8745
t1,1374,3,2,10967,10497,470,2041,8926
t1,1375,4,4,9712,462,9250,403,9309
t1,1376,1,4,9466,15,9451,6162,3304
t1,1377,2,2,9781,6775,3006,2268,7513
t1,1378,3,2,12189,11734,455,3169,9020
t1,1379,4,4,9892,676,9216,627,9265
t1,1380,1,4,9181,15,9166,5709,3472
t1,1381,2,1,7806,4353,3453,2444,5362
t1,1382,3,2,12868,12488,380,5321,7547
t1,1383,4,4,9946,2359,7587,2316,7630
t1,1384,1,4,9743,0,9743,6047,3696
t1,1385,2,1,5081,453,4628,3206,1875
t1,1386,3,2,10477,10469,8,8872,1605
t1,1387,4,2,8806,8292,514,8530,276
t1,1388,1,4,16603,3,16600,11601,5002
t1,1389,2,1,5023,49,4974,3352,1671
t1,1390,3,2,10831,10658,173,9203,1628
t1,1391,4,2,8996,8482,514,8674,322
t1,1392,1,4,16347,33,16314,10377,5970
t1,1393,2,1,5161,39,5122,3308,1853
t1,1394,3,2,10804,10454,350,9079,1725
t1,1395,4,2,9164,8653,511,8783,381
t1,1396,1,4,15921,58,15863,9577,6344
t1,1397,2,1,5393,45,5348,3245,2148
t1,1398,3,2,10792,10209,583,8697,2095
t1,1399,4,2,9342,8841,501,8907,435
t1,1400,1,4,15554,88,15466,9316,6238
t1,1401,2,1,5457,37,5420,3342,2115
t1,1402,3,2,10773,9995,778,7843,2930
t1,1403,4,2,9511,9005,506,8952,559
t1,1404,1,4,15165,109,15056,9269,5896
t1,1405,2,1,5813,38,5775,3317,2496
t1,1406,3,2,10694,9696,998,5704,4990
t1,1407,4,2,9831,9339,492,8513,1318
t1,1408,1,4,14369,127,14242,9023,5346
t1,1409,2,1,6275,33,6242,3330,2945
t1,1410,3,2,10745,9503,1242,3492,7253
t1,1411,4,2,9976,9481,495,3254,6722
t1,1412,1,4,13199,220,12979,4216,8983
t1,1413,2,1,7228,34,7194,3925,3303
t1,1414,3,2,10737,9270,1467,1481,9256
t1,1415,4,2,10142,9660,482,1581,8561
t1,1416,1,4,11828,247,11581,270,11558
t1,1417,2,4,8416,26,8390,5042,3374
t1,1418,3,2,10897,9036,1861,1675,9222
t1,1419,4,2,10307,9811,496,1613,8694
t1,1420,1,4,10712,301,10411,311,10401
t1,1421,2,4,9195,29,9166,5843,3352
t1,1422,3,2,10884,8644,2240,1844,9040
t1,1423,4,2,10648,10174,474,1816,8832
t1,1424,1,4,9798,408,9390,381,9417
t1,1425,2,4,9699,20,9679,6341,3358
t1,1426,3,2,10389,7592,2797,2113,8276
t1,1427,4,2,11453,10995,458,2478,8975
t1,1428,1,4,9834,633,9201,568,9266
t1,1429,2,4,9195,13,9182,5815,3380
t1,1430,3,1,8326,4834,3492,2452,5874
t1,1431,4,2,13051,12632,419,4880,8171
t1,1432,1,4,10670,1725,8945,1631,9039
t1,1433,2,4,8784,3,8781,5264,3520
t1,1434,3,1,6152,2130,4022,2809,3343
t1,1435,4,2,11143,10894,249,7410,3733
t1,1436,1,2,10720,6182,4538,6235,4485
t1,1437,2,4,12677,0,12677,8686,3991
t1,1438,3,1,4898,50,4848,3338,1560
t1,1439,4,2,10886,10858,28,9287,1599
t1,1440,1,2,8802,8302,500,8552,250
t1,1441,2,4,16551,7,16544,11369,5182
t1,1442,3,1,5058,40,5018,3279,1779
t1,1443,4,2,10810,10627,183,9197,1613
t1,1444,1,2,8996,8493,503,8685,311
t1,1445,2,4,16287,31,16256,10423,5864
t1,1446,3,1,5071,39,5032,3212,1859
t1,1447,4,2,10795,10436,359,9083,1712
t1,1448,1,2,9185,8668,517,8795,390
t1,1449,2,4,15970,47,15923,9682,6288
t1,1450,3,1,5426,32,5394,3371,2055
t1,1451,4,2,10794,10209,585,8730,2064
t1,1452,1,2,9367,8863,504,8895,472
t1,1453,2,4,15542,76,15466,9307,6235
t1,1454,3,1,5557,42,5515,3251,2306
t1,1455,4,2,10748,10002,746,7766,2982
t1,1456,1,2,9564,9059,505,8941,623
t1,1457,2,4,15038,115,14923,9260,5778
t1,1458,3,1,5915,32,5883,3339,2576
t1,1459,4,2,10654,9693,961,5828,4826
t1,1460,1,2,9782,9285,497,8547,1235
t1,1461,2,4,14190,156,14034,8978,5212
t1,1462,3,1,6495,37,6458,3484,3011
t1,1463,4,2,10694,9368,1326,2265,8429
t1,1464,1,2,10073,9584,489,1694,8379
t1,1465,2,4,12467,236,12231,296,12171
t1,1466,3,4,7865,27,7838,4498,3367
t1,1467,4,2,10795,9130,1665,1562,9233
t1,1468,1,2,10228,9751,477,1567,8661
t1,1469,2,4,11023,276,10747,303,10720
t1,1470,3,4,9038,26,9012,5615,3423
t1,1471,4,2,10922,8854,2068,1786,9136
t1,1472,1,2,10419,9949,470,1617,8802
t1,1473,2,4,10163,351,9812,355,9808
t1,1474,3,4,9475,19,9456,6191,3284
t1,1475,4,2,10836,8324,2512,1998,8838
t1,1476,1,2,10834,10381,453,1935,8899
t1,1477,2,4,9743,408,9335,391,9352
t1,1478,3,4,9535,19,9516,6295,3240
t1,1479,4,2,10380,7446,2934,2234,8146
t1,1480,1,2,11595,11130,465,2572,9023
t1,1481,2,4,9804,598,9206,539,9265
t1,1482,3,4,9192,11,9181,5902,3290
t1,1483,4,2,8876,5395,3481,2464,6412
t1,1484,1,2,13017,12583,434,4372,8645
t1,1485,2,4,10230,1188,9042,1115,9115
t1,1486,3,4,8683,6,8677,5193,3490
t1,1487,4,1,6466,2423,4043,2862,3604
t1,1488,1,2,11506,11229,277,7099,4407
t1,1489,2,4,11741,5494,6247,5540,6201
t1,1490,3,4,11060,0,11060,7136,3924
t1,1491,4,1,4774,69,4705,3288,1486
t1,1492,1,2,10858,10846,12,9260,1598
t1,1493,2,2,8829,8300,529,8537,292
t1,1494,3,4,16737,2,16735,11857,4880
t1,1495,4,1,4951,44,4907,3213,1738
t1,1496,1,2,10858,10637,221,9200,1658
t1,1497,2,2,8967,8447,520,8652,315
t1,1498,3,4,16368,35,16333,10573,5795
t1,1499,4,1,5040,38,5002,3231,1809
t1,1500,1,2,10840,10463,377,9135,1705
t1,1501,2,2,9131,8622,509,8803,328
t1,1502,3,4,15982,52,15930,9529,6453
t1,1503,4,1,5291,36,5255,3229,2062
t1,1504,1,2,10717,10147,570,8535,2182
t1,1505,2,2,9436,8929,507,8932,504
t1,1506,3,4,15205,87,15118,9258,5947
t1,1507,4,1,5783,36,5747,3419,2364
t1,1508,1,2,10728,9795,933,6256,4472
t1,1509,2,2,9690,9183,507,8691,999
t1,1510,3,4,14472,147,14325,9217,5255
t1,1511,4,1,6194,35,6159,3465,2729
t1,1512,1,2,10732,9561,1171,4070,6662
t1,1513,2,2,9920,9433,487,6185,3735
t1,1514,3,4,13717,185,13532,7402,6315
t1,1515,4,1,6857,31,6826,3664,3193
t1,1516,1,2,10793,9297,1496,1560,9233
t1,1517,2,2,10057,9568,489,1524,8533
t1,1518,3,4,12343,251,12092,292,12051
t1,1519,4,4,7875,28,7847,4537,3338
t1,1520,1,2,10959,9160,1799,1723,9236
t1,1521,2,2,10198,9711,487,1564,8634
t1,1522,3,4,11017,297,10720,304,10713
t1,1523,4,4,9020,23,8997,5717,3303
t1,1524,1,2,10887,8873,2014,1706,9181
t1,1525,2,2,10403,9916,487,1618,8785
t1,1526,3,4,10132,336,9796,336,9796
t1,1527,4,4,9600,20,9580,6157,3443
t1,1528,1,2,10850,8359,2491,1981,8869
t1,1529,2,2,10825,10369,456,1922,8903
t1,1530,3,4,9767,414,9353,388,9379
t1,1531,4,4,9585,21,9564,6276,3309
t1,1532,1,2,10472,7623,2849,2196,8276
t1,1533,2,2,11469,11011,458,2487,8982
t1,1534,3,4,9795,570,9225,509,9286
t1,1535,4,4,9367,13,9354,5977,3390
t1,1536,1,2,8992,5824,3168,2340,6652
t1,1537,2,2,12858,12441,417,4004,8854
t1,1538,3,4,10055,911,9144,852,9203
t1,1539,4,4,8789,6,8783,5309,3480
t1,1540,1,1,7087,3200,3887,2737,4350
t1,1541,2,2,11412,11095,317,6367,5045
t1,1542,3,2,10486,4951,5535,4953,5533
t1,1543,4,4,11566,0,11566,7745,3821
t1,1544,1,1,4852,45,4807,3301,1551
t1,1545,2,2,10909,10859,50,9255,1654
t1,1546,3,2,8846,8328,518,8575,271
t1,1547,4,4,16510,25,16485,10925,5585
t1,1548,1,1,5052,47,5005,3290,1762
t1,1549,2,2,10811,10552,259,9122,1689
t1,1550,3,2,9065,8547,518,8714,351
t1,1551,4,4,16096,37,16059,9841,6255
t1,1552,1,1,5296,44,5252,3234,2062
t1,1553,2,2,10795,10298,497,8932,1863
t1,1554,3,2,9278,8768,510,8886,392
t1,1555,4,4,15707,52,15655,9409,6298
t1,1556,1,1,5396,39,5357,3299,2097
t1,1557,2,2,10774,10143,631,8428,2346
t1,1558,3,2,9397,8885,512,8908,489
t1,1559,4,4,15294,91,15203,9281,6013
t1,1560,1,1,5873,34,5839,3428,2445
t1,1561,2,2,10747,9889,858,6818,3929
t1,1562,3,2,9619,9115,504,8820,799
t1,1563,4,4,14701,143,14558,9227,5474
t1,1564,1,1,6073,39,6034,3404,2669
t1,1565,2,2,10730,9610,1120,4884,5846
t1,1566,3,2,9847,9345,502,6281,3566
t1,1567,4,4,13754,181,13573,7898,5856
t1,1568,1,1,6816,31,6785,3655,3161
t1,1569,2,2,10714,9364,1350,1925,8789
t1,1570,3,2,10053,9549,504,1714,8339
t1,1571,4,4,12473,227,12246,297,12176
t1,1572,1,4,7885,33,7852,4538,3347
t1,1573,2,2,10866,9100,1766,1662,9204
t1,1574,3,2,10254,9762,492,1660,8594
t1,1575,4,4,11355,284,11071,288,11067
t1,1576,1,4,8634,29,8605,5385,3249
t1,1577,2,2,10935,8948,1987,1778,9157
t1,1578,3,2,10307,9817,490,1597,8710
t1,1579,4,4,10474,336,10138,336,10138
t1,1580,1,4,9407,32,9375,6053,3354
t1,1581,2,2,10869,8482,2387,1923,8946
t1,1582,3,2,10721,10264,457,1846,8875
t1,1583,4,4,9738,430,9308,404,9334
t1,1584,1,4,9645,19,9626,6252,3393
t1,1585,2,2,9890,6911,2979,2194,7696
t1,1586,3,2,12019,11579,440,3001,9018
t1,1587,4,4,9885,704,9181,618,9267
t1,1588,1,4,8934,6,8928,5470,3464
t1,1589,2,1,8027,4291,3736,2718,5309
t1,1590,3,2,13232,12843,389,5372,7860
t1,1591,4,4,9967,2048,7919,1980,7987
t1,1592,1,4,9538,2,9536,5920,3618
t1,1593,2,1,5378,925,4453,3095,2283
t1,1594,3,2,10286,10191,95,8480,1806
t1,1595,4,2,9455,8040,1415,8223,1232
t1,1596,1,4,15772,0,15772,11460,4312
t1,1597,2,1,4914,42,4872,3280,1634
t1,1598,3,2,10792,10719,73,9227,1565
t1,1599,4,2,8855,8328,527,8593,262
t1,1600,1,4,16579,8,16571,11225,5354
t1,1601,2,1,4965,41,4924,3323,1642
t1,1602,3,2,10840,10599,241,9177,1663
t1,1603,4,2,9003,8484,519,8662,341
t1,1604,1,4,16257,22,16235,10223,6034
t1,1605,2,1,5213,42,5171,3272,1941
t1,1606,3,2,10771,10371,400,8973,1798
t1,1607,4,2,9213,8699,514,8836,377
t1,1608,1,4,15800,64,15736,9474,6326
t1,1609,2,1,5353,37,5316,3311,2042
t1,1610,3,2,10808,10168,640,8556,2252
t1,1611,4,2,9367,8853,514,8905,462
t1,1612,1,4,15429,96,15333,9293,6136
t1,1613,2,1,5580,38,5542,3246,2334
t1,1614,3,2,10766,9898,868,7262,3504
t1,1615,4,2,9619,9111,508,8943,676
t1,1616,1,4,14590,107,14483,9205,5385
t1,1617,2,1,6250,37,6213,3565,2685
t1,1618,3,2,10709,9592,1117,4803,5906
t1,1619,4,2,9887,9384,503,7143,2744
t1,1620,1,4,14057,154,13903,8545,5512
t1,1621,2,1,6516,37,6479,3502,3014
t1,1622,3,2,10695,9338,1357,1915,8780
t1,1623,4,2,10146,9643,503,1587,8559
t1,1624,1,4,12215,226,11989,263,11952
t1,1625,2,4,8087,30,8057,4694,3393
t1,1626,3,2,10909,9089,1820,1686,9223
t1,1627,4,2,10302,9819,483,1638,8664
t1,1628,1,4,10461,297,10164,310,10151
t1,1629,2,4,9288,27,9261,6008,3280
t1,1630,3,2,11057,8626,2431,2034,9023
t1,1631,4,2,10653,10177,476,1790,8863
t1,1632,1,4,9902,391,9511,365,9537
t1,1633,2,4,9666,21,9645,6328,3338
t1,1634,3,2,10582,8021,2561,2006,8576
t1,1635,4,2,11160,10702,458,2209,8951
t1,1636,1,4,9738,481,9257,450,9288
t1,1637,2,4,9464,18,9446,6020,3444
t1,1638,3,2,9500,6392,3108,2258,7242
t1,1639,4,2,12461,12017,444,3482,8979
t1,1640,1,4,9980,768,9212,707,9273
t1,1641,2,4,8934,11,8923,5527,3407
t1,1642,3,1,8052,4403,3649,2648,5404
t1,1643,4,2,13394,12996,398,5293,8101
t1,1644,1,4,10643,1834,8809,1774,8869
t1,1645,2,4,8893,3,8890,5338,3555
t1,1646,3,1,5414,1308,4106,2856,2558
t1,1647,4,2,10232,10086,146,8107,2125
t1,1648,1,2,10565,7753,2812,7877,2688
t1,1649,2,4,14442,1,14441,10164,4278
t1,1650,3,1,4881,38,4843,3234,1647
t1,1651,4,2,10833,10755,78,9261,1572
t1,1652,1,2,8872,8354,518,8607,265
t1,1653,2,4,16542,17,16525,11195,5347
t1,1654,3,1,5027,45,4982,3271,1756
t1,1655,4,2,10789,10557,232,9179,1610
t1,1656,1,2,9030,8520,510,8680,350
t1,1657,2,4,16188,36,16152,10160,6028
t1,1658,3,1,5237,42,5195,3306,1931
t1,1659,4,2,10781,10367,414,8972,1809
t1,1660,1,2,9204,8693,511,8837,367
t1,1661,2,4,15866,61,15805,9504,6362
t1,1662,3,1,5386,46,5340,3186,2200
t1,1663,4,2,10782,10084,698,8323,2459
t1,1664,1,2,9466,8966,500,8959,507
t1,1665,2,4,15070,91,14979,9259,5811
t1,1666,3,1,5815,36,5779,3339,2476
t1,1667,4,2,10709,9760,949,6063,4646
t1,1668,1,2,9754,9255,499,8200,1554
t1,1669,2,4,14173,162,14011,8838,5335
t1,1670,3,1,6493,33,6460,3553,2940
t1,1671,4,2,10692,9410,1282,2643,8049
t1,1672,1,2,9996,9513,483,2024,7972
t1,1673,2,4,13002,230,12772,2587,10415
t1,1674,3,1,7323,33,7290,4081,3242
t1,1675,4,2,10861,9198,1663,1631,9230
t1,1676,1,2,10193,9708,485,1582,8611
t1,1677,2,4,11734,244,11490,280,11454
t1,1678,3,4,8412,29,8383,5152,3260
t1,1679,4,2,10873,9037,1836,1676,9197
t1,1680,1,2,10279,9801,478,1580,8699
t1,1681,2,4,10423,307,10116,302,10121
t1,1682,3,4,9475,25,9450,6110,3365
t1,1683,4,2,10861,8602,2259,1846,9015
t1,1684,1,2,10637,10155,482,1807,8830
t1,1685,2,4,9969,398,9571,380,9589
t1,1686,3,4,9556,19,9537,6293,3263
t1,1687,4,2,10639,8070,2569,1991,8648
t1,1688,1,2,11010,10554,456,2075,8935
t1,1689,2,4,9782,489,9293,453,9329
t1,1690,3,4,9569,16,9553,6279,3290
t1,1691,4,2,9646,6622,3024,2273,7373
t1,1692,1,2,12274,11840,434,3338,8936
t1,1693,2,4,9911,697,9214,641,9270
t1,1694,3,4,9120,8,9112,5563,3557
t1,1695,4,1,8386,4865,3521,2530,5856
t1,1696,1,2,12806,12413,393,4859,7947
t1,1697,2,4,10668,1945,8723,1888,8780
t1,1698,3,4,8912,3,8909,5380,3532
t1,1699,4,1,5909,1703,4206,2956,2953
t1,1700,1,2,11019,10801,218,7772,3247
t1,1701,2,2,9572,6690,2882,6778,2794
t1,1702,3,4,14321,0,14321,10091,4230
t1,1703,4,1,4909,46,4863,3239,1670
t1,1704,1,2,10844,10750,94,9243,1601
t1,1705,2,2,8943,8415,528,8635,308
t1,1706,3,4,16403,26,16377,10592,5811
t1,1707,4,1,5073,34,5039,3250,1823
t1,1708,1,2,10816,10500,316,9091,1725
t1,1709,2,2,9125,8604,521,8777,348
t1,1710,3,4,16014,63,15951,9732,6282
t1,1711,4,1,5265,36,5229,3258,2007
t1,1712,1,2,10772,10250,522,8686,2086
t1,1713,2,2,9327,8821,506,8882,445
t1,1714,3,4,15592,85,15507,9338,6254
t1,1715,4,1,5573,34,5539,3269,2304
t1,1716,1,2,10701,9962,739,7675,3026
t1,1717,2,2,9559,9068,491,8985,574
t1,1718,3,4,15115,104,15011,9267,5848
t1,1719,4,1,5741,45,5696,3286,2455
t1,1720,1,2,10755,9776,979,6048,4707
t1,1721,2,2,9744,9245,499,8326,1418
t1,1722,3,4,14212,142,14070,8873,5339
t1,1723,4,1,6432,38,6394,3528,2904
t1,1724,1,2,10742,9493,1249,3202,7540
t1,1725,2,2,9976,9468,508,3557,6419
t1,1726,3,4,13177,190,12987,3976,9201
t1,1727,4,1,7223,29,7194,3927,3296
t1,1728,1,2,10801,9236,1565,1554,9247
t1,1729,2,2,10208,9711,497,1673,8535
t1,1730,3,4,12147,270,11877,302,11845
t1,1731,4,4,8056,34,8022,4797,3259
t1,1732,1,2,10934,9058,1876,1696,9238
t1,1733,2,2,10270,9798,472,1616,8654
t1,1734,3,4,10843,291,10552,304,10539
t1,1735,4,4,9103,26,9077,5864,3239
t1,1736,1,2,10906,8745,2161,1843,9063
t1,1737,2,2,10523,10056,467,1745,8778
t1,1738,3,4,9984,369,9615,356,9628
t1,1739,4,4,9611,23,9588,6341,3270
t1,1740,1,2,10877,8249,2628,2089,8788
t1,1741,2,2,10919,10452,467,2001,8918
t1,1742,3,4,9743,473,9270,455,9288
t1,1743,4,4,9539,15,9524,6169,3370
t1,1744,1,2,9422,6389,3033,2195,7227
t1,1745,2,2,12502,12054,448,3565,8937
t1,1746,3,4,9968,798,9170,757,9211
t1,1747,4,4,8926,13,8913,5381,3545
t1,1748,1,1,7087,3190,3897,2698,4389
t1,1749,2,2,12274,11957,317,6361,5913
t1,1750,3,4,11053,3986,7067,3973,7080
t1,1751,4,4,10234,0,10234,6557,3677
t1,1752,1,1,5106,500,4606,3234,1872
t1,1753,2,2,10466,10446,20,8898,1568
t1,1754,3,2,9092,8214,878,8495,597
t1,1755,4,4,16431,0,16431,11962,4469
t1,1756,1,1,4897,42,4855,3252,1645
t1,1757,2,2,10824,10702,122,9231,1593
t1,1758,3,2,8903,8402,501,8600,303
t1,1759,4,4,16468,18,16450,10818,5650
t1,1760,1,1,5108,40,5068,3355,1753
t1,1761,2,2,10820,10517,303,9133,1687
t1,1762,3,2,9102,8585,517,8759,343
t1,1763,4,4,16129,44,16085,9782,6347
t1,1764,1,1,5107,46,5061,3212,1895
t1,1765,2,2,10805,10291,514,8923,1882
t1,1766,3,2,9278,8761,517,8854,424
t1,1767,4,4,15748,73,15675,9357,6391
t1,1768,1,1,5404,43,5361,3229,2175
t1,1769,2,2,10716,10044,672,8120,2596
t1,1770,3,2,9476,8985,491,8961,515
t1,1771,4,4,15177,97,15080,9273,5904
t1,1772,1,1,5721,41,5680,3368,2353
t1,1773,2,2,10835,9818,1017,6795,4040
t1,1774,3,2,9714,9216,498,8881,833
t1,1775,4,4,14712,131,14581,9226,5486
t1,1776,1,1,6059,34,6025,3414,2645
t1,1777,2,2,10692,9574,1118,4327,6365
t1,1778,3,2,9888,9383,505,6316,3572
t1,1779,4,4,13825,170,13655,7806,6019
t1,1780,1,1,6734,34,6700,3560,3174
t1,1781,2,2,10712,9330,1382,1732,8980
t1,1782,3,2,10126,9632,494,1606,8520
t1,1783,4,4,12143,218,11925,243,11900
t1,1784,1,4,8028,26,8002,4714,3314
t1,1785,2,2,10961,9076,1885,1737,9224
t1,1786,3,2,10244,9762,482,1525,8719
t1,1787,4,4,10363,305,10058,304,10059
t1,1788,1,4,9425,25,9400,6118,3307
t1,1789,2,2,10950,8642,2308,1895,9055
t1,1790,3,2,10597,10120,477,1756,8841
t1,1791,4,4,9838,397,9441,383,9455
t1,1792,1,4,9637,22,9615,6392,3245
t1,1793,2,2,10770,7898,2872,2174,8596
t1,1794,3,2,11212,10740,472,2225,8987
t1,1795,4,4,9746,494,9252,457,9289
t1,1796,1,4,9444,16,9428,6109,3335
t1,1797,2,2,9693,6643,3050,2282,7411
t1,1798,3,2,12319,11884,435,3275,9044
t1,1799,4,4,9892,680,9212,633,9259
t1,1800,1,4,9025,15,9010,5614,3411
t1,1801,2,1,7919,4244,3675,2604,5315
t1,1802,3,2,13414,13023,391,5403,8011
t1,1803,4,4,10483,1887,8596,1840,8643
t1,1804,1,4,8930,2,8928,5404,3526
t1,1805,2,1,6045,1668,4377,3062,2983
t1,1806,3,2,9868,9738,130,7799,2069
t1,1807,4,2,9973,7812,2161,7948,2025
t1,1808,1,4,15078,0,15078,10936,4142
t1,1809,2,1,4843,49,4794,3260,1583
t1,1810,3,2,10774,10715,59,9223,1551
t1,1811,4,2,8882,8369,513,8569,313
t1,1812,1,4,16456,9,16447,11171,5285
t1,1813,2,1,5036,38,4998,3284,1752
t1,1814,3,2,10843,10558,285,9216,1627
t1,1815,4,2,9013,8493,520,8687,326
t1,1816,1,4,16257,38,16219,10124,6133
t1,1817,2,1,5228,40,5188,3283,1945
t1,1818,3,2,10824,10408,416,9016,1808
t1,1819,4,2,9224,8705,519,8809,415
t1,1820,1,4,15968,52,15916,9579,6389
t1,1821,2,1,5303,28,5275,3306,1997
t1,1822,3,2,10771,10146,625,8447,2324
t1,1823,4,2,9479,8969,510,8954,525
t1,1824,1,4,15199,107,15092,9262,5937
t1,1825,2,1,5764,42,5722,3284,2480
t1,1826,3,2,10759,9762,997,6376,4383
t1,1827,4,2,9829,9317,512,8324,1505
t1,1828,1,4,14136,166,13970,8811,5325
t1,1829,2,1,6455,30,6425,3504,2951
t1,1830,3,2,10818,9488,1330,3151,7667
t1,1831,4,2,9969,9476,493,2842,7127
t1,1832,1,4,13110,192,12918,3021,10089
t1,1833,2,1,7248,32,7216,3982,3266
t1,1834,3,2,10771,9238,1533,1516,9255
t1,1835,4,2,10200,9713,487,1608,8592
t1,1836,1,4,11731,206,11525,235,11496
t1,1837,2,4,8358,34,8324,5041,3317
t1,1838,3,2,10958,8993,1965,1765,9193
t1,1839,4,2,10319,9833,486,1637,8682
t1,1840,1,4,10710,314,10396,328,10382
t1,1841,2,4,9132,32,9100,5894,3238
t1,1842,3,2,10989,8757,2232,1889,9100
t1,1843,4,2,10499,10019,480,1732,8767
t1,1844,1,4,9985,378,9607,357,9628
t1,1845,2,4,9692,25,9667,6303,3389
t1,1846,3,2,10692,8163,2529,1989,8703
t1,1847,4,2,11023,10556,467,2083,8940
t1,1848,1,4,9773,493,9280,462,9311
t1,1849,2,4,9588,12,9576,6221,3367
t1,1850,3,2,9978,6972,3006,2208,7770
t1,1851,4,2,11984,11545,439,3028,8956
t1,1852,1,4,9844,640,9204,579,9265
t1,1853,2,4,9049,10,9039,5723,3326
t1,1854,3,1,8479,4998,3481,2532,5947
t1,1855,4,2,13249,12836,413,4731,8518
t1,1856,1,4,9945,1342,8603,1282,8663
t1,1857,2,4,8952,3,8949,5406,3546
t1,1858,3,1,6067,1686,4381,3068,2999
t1,1859,4,2,10778,10574,204,7774,3004
t1,1860,1,2,11574,6900,4674,6989,4585
t1,1861,2,4,12505,0,12505,8481,4024
t1,1862,3,1,4867,45,4822,3302,1565
t1,1863,4,2,10858,10797,61,9236,1622
t1,1864,1,2,8865,8358,507,8579,286
t1,1865,2,4,16505,14,16491,10877,5628
t1,1866,3,1,5086,38,5048,3247,1839
t1,1867,4,2,10878,10593,285,9132,1746
t1,1868,1,2,9077,8560,517,8709,368
t1,1869,2,4,15924,49,15875,9610,6314
t1,1870,3,1,5482,40,5442,3407,2075
t1,1871,4,2,10740,10233,507,8772,1968
t1,1872,1,2,9355,8841,514,8907,448
t1,1873,2,4,15578,79,15499,9318,6260
t1,1874,3,1,5500,35,5465,3308,2192
t1,1875,4,2,10744,9999,745,7836,2908
t1,1876,1,2,9566,9077,489,9004,562
t1,1877,2,4,14949,97,14852,9251,5698
t1,1878,3,1,5911,39,5872,3344,2567
t1,1879,4,2,10809,9779,1030,5988,4821
t1,1880,1,2,9711,9205,506,8400,1311
t1,1881,2,4,14285,164,14121,8987,5298
t1,1882,3,1,6444,32,6412,3617,2827
t1,1883,4,2,10776,9511,1265,3588,7188
t1,1884,1,2,9938,9444,494,5003,4935
t1,1885,2,4,13552,211,13341,6495,7057
t1,1886,3,1,6954,34,6920,3719,3235
t1,1887,4,2,10729,9251,1478,1482,9247
t1,1888,1,2,10133,9632,501,1592,8541
t1,1889,2,4,12258,287,11971,317,11941
t1,1890,3,4,8107,26,8081,4675,3432
t1,1891,4,2,10855,9079,1776,1612,9243
t1,1892,1,2,10284,9803,481,1599,8685
t1,1893,2,4,10798,269,10529,290,10508
t1,1894,3,4,9056,25,9031,5765,3291
t1,1895,4,2,11010,8801,2209,1887,9123
t1,1896,1,2,10477,10011,466,1710,8767
t1,1897,2,4,10015,374,9641,360,9655
t1,1898,3,4,9659,22,9637,6394,3265
t1,1899,4,2,10740,8261,2479,1925,8815
t1,1900,1,2,10954,10494,460,2017,8937
t1,1901,2,4,9747,460,9287,428,9319
t1,1902,3,4,9526,15,9511,6229,3297
t1,1903,4,2,9753,6660,3093,2283,7470
t1,1904,1,2,12284,11840,444,3288,8996
t1,1905,2,4,9924,746,9178,693,9231
t1,1906,3,4,8804,10,8794,5415,3389
t1,1907,4,1,7017,3185,3832,2740,4277
t1,1908,1,2,11952,11636,316,6415,5537
t1,1909,2,4,10760,4411,6349,4371,6389
t1,1910,3,4,10953,0,10953,7107,3846
t1,1911,4,1,4711,53,4658,3218,1493
t1,1912,1,2,10875,10852,23,9254,1621
t1,1913,2,2,8795,8288,507,8520,275
t1,1914,3,4,16660,3,16657,11729,4931
t1,1915,4,1,5010,37,4973,3289,1721
t1,1916,1,2,10807,10685,122,9180,1627
t1,1917,2,2,8990,8481,509,8690,300
t1,1918,3,4,16286,27,16259,10425,5861
t1,1919,4,1,5073,33,5040,3329,1744
t1,1920,1,2,10807,10461,346,9106,1701
t1,1921,2,2,9137,8624,513,8789,348
t1,1922,3,4,15945,54,15891,9574,6371
t1,1923,4,1,5403,40,5363,3273,2130
t1,1924,1,2,10723,10236,487,8685,2038
t1,1925,2,2,9405,8880,525,8959,446
t1,1926,3,4,15623,68,15555,9323,6300
t1,1927,4,1,5488,32,5456,3190,2298
t1,1928,1,2,10740,10001,739,7872,2868
t1,1929,2,2,9531,9036,495,8983,548
t1,1930,3,4,15174,103,15071,9269,5905
t1,1931,4,1,5676,32,5644,3267,2409
t1,1932,1,2,10686,9725,961,6038,4648
t1,1933,2,2,9783,9288,495,8599,1184
t1,1934,3,4,14373,132,14241,9116,5257
t1,1935,4,1,6401,32,6369,3528,2873
t1,1936,1,2,10752,9533,1219,3822,6930
t1,1937,2,2,9975,9484,491,4132,5843
t1,1938,3,4,13331,193,13138,5011,8320
t1,1939,4,1,7100,31,7069,3889,3211
t1,1940,1,2,10818,9287,1531,1552,9266
t1,1941,2,2,10128,9637,491,1569,8559
t1,1942,3,4,12079,236,11843,266,11813
t1,1943,4,4,8112,32,8080,4813,3299
t1,1944,1,2,10866,8968,1898,1648,9218
t1,1945,2,2,10387,9903,484,1639,8748
t1,1946,3,4,10240,301,9939,300,9940
t1,1947,4,4,9453,24,9429,6127,3326
t1,1948,1,2,10912,8388,2524,2068,8844
t1,1949,2,2,10856,10390,466,1946,8910
t1,1950,3,4,9762,443,9319,431,9331
t1,1951,4,4,9582,21,9561,6335,3247
t1,1952,1,2,10071,7187,2884,2122,7949
t1,1953,2,2,11832,11385,447,2819,9013
t1,1954,3,4,9829,610,9219,553,9276
t1,1955,4,4,9190,19,9171,5804,3386
t1,1956,1,1,8533,5079,3454,2483,6050
t1,1957,2,2,13272,12853,419,4688,8584
t1,1958,3,4,10282,1239,9043,1210,9072
t1,1959,4,4,8676,5,8671,5198,3478
t1,1960,1,1,6835,2678,4157,2861,3974
t1,1961,2,2,11276,11010,266,6818,4458
t1,1962,3,2,9940,5504,4436,5520,4420
t1,1963,4,4,12724,0,12724,8731,3993
t1,1964,1,1,4852,67,4785,3308,1544
t1,1965,2,2,10817,10806,11,9197,1620
t1,1966,3,2,8822,8313,509,8530,292
t1,1967,4,4,16546,4,16542,11699,4847
t1,1968,1,1,5136,42,5094,3391,1745
t1,1969,2,2,10827,10650,177,9182,1645
t1,1970,3,2,8970,8451,519,8657,313
t1,1971,4,4,16280,29,16251,10493,5787
t1,1972,1,1,5145,36,5109,3292,1853
t1,1973,2,2,10759,10454,305,9091,1668
t1,1974,3,2,9173,8659,514,8789,384
t1,1975,4,4,15999,50,15949,9697,6302
t1,1976,1,1,5315,37,5278,3369,1946
t1,1977,2,2,10752,10231,521,8739,2013
t1,1978,3,2,9344,8823,521,8884,460
t1,1979,4,4,15556,83,15473,9331,6225
t1,1980,1,1,5593,32,5561,3322,2271
t1,1981,2,2,10788,10029,759,7915,2873
t1,1982,3,2,9552,9039,513,8991,561
t1,1983,4,4,14956,133,14823,9267,5689
t1,1984,1,1,5922,39,5883,3356,2566
t1,1985,2,2,10739,9676,1063,5151,5588
t1,1986,3,2,9857,9363,494,6808,3049
t1,1987,4,4,13613,156,13457,6863,6750
t1,1988,1,1,6975,33,6942,3655,3320
t1,1989,2,2,10781,9333,1448,1557,9224
t1,1990,3,2,10103,9611,492,1561,8542
t1,1991,4,4,12321,252,12069,285,12036
t1,1992,1,4,7929,28,7901,4598,3331
t1,1993,2,2,10905,9111,1794,1678,9227
t1,1994,3,2,10244,9778,466,1613,8631
t1,1995,4,4,11253,266,10987,294,10959
t1,1996,1,4,8727,33,8694,5456,3271
t1,1997,2,2,10900,8825,2075,1807,9093
t1,1998,3,2,10433,9961,472,1689,8744
t1,1999,4,4,10180,339,9841,359,9821
t1,2000,1,4,9546,22,9524,6192,3354
t1,2001,2,2,10892,8428,2464,1992,8900
t1,2002,3,2,10820,10345,475,1907,8913
t1,2003,4,4,9779,445,9334,419,9360
t1,2004,1,4,9676,19,9657,6310,3366
t1,2005,2,2,10524,7596,2928,2250,8274
t1,2006,3,2,11480,11022,458,2453,9027
t1,2007,4,4,9784,573,9211,516,9268
t1,2008,1,4,9304,12,9292,5822,3482
t1,2009,2,2,8722,5446,3276,2380,6342
t1,2010,3,2,13169,12746,423,4320,8849
t1,2011,4,4,10077,940,9137,900,9177
t1,2012,1,4,8695,6,8689,5207,3488
t1,2013,2,1,6576,2604,3972,2801,3775
t1,2014,3,2,13445,13107,338,6917,6528
t1,2015,4,4,10363,3424,6939,3421,6942
t1,2016,1,4,10326,1,10325,6607,3719
t1,2017,2,1,5009,323,4686,3277,1732
t1,2018,3,2,10599,10587,12,9021,1578
t1,2019,4,2,8821,8287,534,8515,306
t1,2020,1,4,16769,0,16769,12113,4656
t1,2021,2,1,4840,30,4810,3199,1641
t1,2022,3,2,10816,10675,141,9201,1615
t1,2023,4,2,8938,8426,512,8629,309
t1,2024,1,4,16319,29,16290,10345,5974
t1,2025,2,1,5197,47,5150,3219,1978
t1,2026,3,2,10796,10406,390,9059,1737
t1,2027,4,2,9207,8703,504,8819,388
t1,2028,1,4,15723,52,15671,9380,6343
t1,2029,2,1,5421,39,5382,3295,2126
t1,2030,3,2,10785,10130,655,8419,2366
t1,2031,4,2,9410,8897,513,8935,475
t1,2032,1,4,15257,83,15174,9272,5985
t1,2033,2,1,5721,38,5683,3380,2341
t1,2034,3,2,10677,9844,833,6799,3878
t1,2035,4,2,9676,9175,501,8963,713
t1,2036,1,4,14753,118,14635,9226,5527
t1,2037,2,1,6047,38,6009,3344,2703
t1,2038,3,2,10704,9607,1097,4785,5919
t1,2039,4,2,9895,9396,499,7590,2305
t1,2040,1,4,14058,145,13913,8399,5659
t1,2041,2,1,6548,24,6524,3529,3019
t1,2042,3,2,10745,9400,1345,2003,8742
t1,2043,4,2,10033,9538,495,1568,8465
t1,2044,1,4,12631,201,12430,532,12099
t1,2045,2,4,7711,32,7679,4433,3278
t1,2046,3,2,10850,9194,1656,1579,9271
t1,2047,4,2,10198,9707,491,1555,8643
t1,2048,1,4,11420,263,11157,277,11143
t1,2049,2,4,8641,27,8614,5305,3336
t1,2050,3,2,10915,8907,2008,1739,9176
t1,2051,4,2,10402,9935,467,1712,8690
t1,2052,1,4,10299,344,9955,342,9957
t1,2053,2,4,9448,21,9427,6146,3302
t1,2054,3,2,10866,8570,2296,1913,8953
t1,2055,4,2,10665,10191,474,1797,8868
t1,2056,1,4,9835,419,9416,401,9434
t1,2057,2,4,9761,18,9743,6370,3391
t1,2058,3,2,10610,7879,2731,2127,8483
t1,2059,4,2,11227,10768,459,2266,8961
t1,2060,1,4,9780,505,9275,485,9295
t1,2061,2,4,9401,16,9385,6114,3287
t1,2062,3,2,9298,6118,3180,2358,6940
t1,2063,4,2,12580,12154,426,3744,8836
t1,2064,1,4,10109,1003,9106,925,9184
t1,2065,2,4,8715,5,8710,5226,3489
t1,2066,3,1,6056,1971,4085,2894,3162
t1,2067,4,2,10327,10144,183,7553,2774
t1,2068,1,2,8663,7122,1541,7215,1448
t1,2069,2,4,15605,0,15605,11288,4317
t1,2070,3,1,5004,50,4954,3369,1635
t1,2071,4,2,10818,10764,54,9194,1624
t1,2072,1,2,8887,8381,506,8607,280
t1,2073,2,4,16491,12,16479,11151,5340
t1,2074,3,1,5053,41,5012,3310,1743
t1,2075,4,2,10764,10519,245,9168,1596
t1,2076,1,2,9030,8507,523,8709,321
t1,2077,2,4,16187,37,16150,10032,6155
t1,2078,3,1,5245,40,5205,3277,1968
t1,2079,4,2,10791,10376,415,9034,1757
t1,2080,1,2,9217,8713,504,8836,381
t1,2081,2,4,15798,62,15736,9490,6308
t1,2082,3,1,5456,38,5418,3387,2069
t1,2083,4,2,10741,10140,601,8464,2277
t1,2084,1,2,9430,8932,498,8959,471
t1,2085,2,4,15510,99,15411,9290,6220
t1,2086,3,1,5554,38,5516,3295,2259
t1,2087,4,2,10691,9857,834,7276,3415
t1,2088,1,2,9644,9142,502,8928,716
t1,2089,2,4,14880,131,14749,9263,5617
t1,2090,3,1,6025,31,5994,3326,2699
t1,2091,4,2,10734,9615,1119,5145,5589
t1,2092,1,2,9862,9358,504,7718,2144
t1,2093,2,4,13987,159,13828,8429,5558
t1,2094,3,1,6542,32,6510,3491,3051
t1,2095,4,2,10767,9406,1361,2812,7955
t1,2096,1,2,10003,9512,491,2297,7706
t1,2097,2,4,12686,224,12462,681,12005
t1,2098,3,1,7667,32,7635,4366,3301
t1,2099,4,2,10851,9200,1651,1591,9260
t1,2100,1,2,10139,9658,481,1558,8581
t1,2101,2,4,11632,253,11379,286,11346
t1,2102,3,4,8509,27,8482,5047,3462
t1,2103,4,2,10874,8949,1925,1720,9154
t1,2104,1,2,10378,9903,475,1662,8716
t1,2105,2,4,10122,367,9755,354,9768
t1,2106,3,4,9476,21,9455,6193,3283
t1,2107,4,2,10821,8311,2510,2033,8788
t1,2108,1,2,10873,10407,466,1924,8949
t1,2109,2,4,9729,486,9243,439,9290
t1,2110,3,4,9513,18,9495,6163,3350
t1,2111,4,2,9895,6792,3103,2307,7588
t1,2112,1,2,12111,11681,430,3169,8942
t1,2113,2,4,9936,729,9207,666,9270
t1,2114,3,4,8934,8,8926,5594,3340
t1,2115,4,1,7967,4272,3695,2566,5401
t1,2116,1,2,13368,12980,388,5386,7982
t1,2117,2,4,10235,1922,8313,1872,8363
t1,2118,3,4,9127,3,9124,5542,3585
t1,2119,4,1,5365,990,4375,3064,2301
t1,2120,1,2,10441,10303,138,8446,1995
t1,2121,2,2,9923,7847,2076,7989,1934
t1,2122,3,4,15127,1,15126,10791,4336
t1,2123,4,1,5015,39,4976,3374,1641
t1,2124,1,2,10826,10772,54,9240,1586
t1,2125,2,2,8857,8351,506,8562,295
t1,2126,3,4,16533,13,16520,11415,5118
t1,2127,4,1,4986,39,4947,3289,1697
t1,2128,1,2,10803,10569,234,9144,1659
t1,2129,2,2,9049,8524,525,8711,338
t1,2130,3,4,16265,34,16231,10149,6116
t1,2131,4,1,5216,43,5173,3234,1982
t1,2132,1,2,10785,10380,405,8996,1789
t1,2133,2,2,9203,8697,506,8827,376
t1,2134,3,4,15846,64,15782,9456,6390
t1,2135,4,1,5494,37,5457,3314,2180
t1,2136,1,2,10783,10213,570,8510,2273
t1,2137,2,2,9395,8881,514,8951,444
t1,2138,3,4,15316,78,15238,9266,6050
t1,2139,4,1,5682,41,5641,3331,2351
t1,2140,1,2,10698,9898,800,7042,3656
t1,2141,2,2,9626,9126,500,8946,680
t1,2142,3,4,14727,129,14598,9248,5479
t1,2143,4,1,6122,33,6089,3465,2657
t1,2144,1,2,10666,9612,1054,4408,6258
t1,2145,2,2,9908,9406,502,6075,3833
t1,2146,3,4,13304,188,13116,5204,8100
t1,2147,4,1,7122,34,7088,3848,3274
t1,2148,1,2,10785,9209,1576,1554,9231
t1,2149,2,2,10142,9654,488,1586,8556
t1,2150,3,4,11593,284,11309,309,11284
t1,2151,4,4,8566,25,8541,5234,3332
t1,2152,1,2,10871,8944,1927,1693,9178
t1,2153,2,2,10388,9903,485,1674,8714
t1,2154,3,4,10423,304,10119,300,10123
t1,2155,4,4,9439,24,9415,6150,3289
t1,2156,1,2,10987,8615,2372,1927,9060
t1,2157,2,2,10641,10158,483,1802,8839
t1,2158,3,4,9857,384,9473,381,9476
t1,2159,4,4,9568,21,9547,6305,3263
t1,2160,1,2,10765,7997,2768,2167,8598
t1,2161,2,2,11096,10638,458,2124,8972
t1,2162,3,4,9746,522,9224,457,9289
t1,2163,4,4,9315,12,9303,5939,3376
t1,2164,1,2,9517,6322,3195,2397,7120
t1,2165,2,2,12473,12027,446,3527,8946
t1,2166,3,4,9947,752,9195,707,9240
t1,2167,4,4,8942,8,8934,5407,3535
t1,2168,1,1,7801,4099,3702,2645,5156
t1,2169,2,2,13384,12983,401,5573,7811
t1,2170,3,4,10787,2050,8737,2006,8781
t1,2171,4,4,8783,1,8782,5222,3561
t1,2172,1,1,5161,818,4343,2965,2196
t1,2173,2,2,10684,10548,136,8572,2112
t1,2174,3,2,9302,7818,1484,7959,1343
t1,2175,4,4,15739,0,15739,11386,4353
t1,2176,1,1,4927,45,4882,3312,1615
t1,2177,2,2,10837,10789,48,9238,1599
t1,2178,3,2,8846,8333,513,8582,264
t1,2179,4,4,16449,12,16437,11239,5210
t1,2180,1,1,5153,40,5113,3322,1831
t1,2181,2,2,10851,10587,264,9148,1703
t1,2182,3,2,9060,8549,511,8704,356
t1,2183,4,4,16160,47,16113,10013,6147
t1,2184,1,1,5170,47,5123,3231,1939
t1,2185,2,2,10808,10303,505,8897,1911
t1,2186,3,2,9306,8781,525,8830,476
t1,2187,4,4,15521,89,15432,9306,6215
t1,2188,1,1,5593,34,5559,3297,2296
t1,2189,2,2,10777,9992,785,7581,3196
t1,2190,3,2,9583,9081,502,8890,693
t1,2191,4,4,14819,121,14698,9245,5574
t1,2192,1,1,5984,40,5944,3421,2563
t1,2193,2,2,10754,9655,1099,5060,5694
t1,2194,3,2,9801,9302,499,7490,2311
t1,2195,4,4,14181,171,14010,8708,5473
t1,2196,1,1,6466,32,6434,3433,3033
t1,2197,2,2,10716,9387,1329,2291,8425
t1,2198,3,2,10058,9576,482,1825,8233
t1,2199,4,4,12786,194,12592,1212,11574
t1,2200,1,1,7629,36,7593,4235,3394
t1,2201,2,2,10865,9198,1667,1621,9244
t1,2202,3,2,10208,9727,481,1627,8581
t1,2203,4,4,11389,269,11120,296,11093
t1,2204,1,4,8745,33,8712,5451,3294
t1,2205,2,2,10968,8936,2032,1803,9165
t1,2206,3,2,10364,9886,478,1655,8709
t1,2207,4,4,10397,339,10058,347,10050
t1,2208,1,4,9341,21,9320,6035,3306
t1,2209,2,2,10936,8556,2380,1957,8979
t1,2210,3,2,10665,10198,467,1819,8846
t1,2211,4,4,9866,405,9461,401,9465
t1,2212,1,4,9627,20,9607,6285,3342
t1,2213,2,2,10679,7895,2784,2164,8515
t1,2214,3,2,11173,10713,460,2255,8918
t1,2215,4,4,9770,510,9260,466,9304
t1,2216,1,4,9366,16,9350,6030,3336
t1,2217,2,2,9534,6350,3184,2339,7195
t1,2218,3,2,12521,12080,441,3548,8973
t1,2219,4,4,9993,785,9208,721,9272
t1,2220,1,4,8973,13,8960,5489,3484
t1,2221,2,1,7858,4204,3654,2657,5201
t1,2222,3,2,12772,12406,366,5466,7306
t1,2223,4,4,10346,2601,7745,2532,7814
t1,2224,1,4,9551,0,9551,5803,3748
t1,2225,2,1,4748,114,4634,3136,1612
t1,2226,3,2,10737,10729,8,9207,1530
t1,2227,4,2,8847,8321,526,8562,285
t1,2228,1,4,16558,4,16554,11485,5073
t1,2229,2,1,4982,50,4932,3284,1698
t1,2230,3,2,10798,10593,205,9170,1628
t1,2231,4,2,8992,8485,507,8678,314
t1,2232,1,4,16278,48,16230,10276,6002
t1,2233,2,1,5145,36,5109,3187,1958
t1,2234,3,2,10856,10441,415,9031,1825
t1,2235,4,2,9168,8667,501,8810,358
t1,2236,1,4,16012,36,15976,9606,6406
t1,2237,2,1,5180,41,5139,3132,2048
t1,2238,3,2,10777,10163,614,8548,2229
t1,2239,4,2,9376,8873,503,8926,450
t1,2240,1,4,15432,69,15363,9296,6136
t1,2241,2,1,5557,40,5517,3309,2248
t1,2242,3,2,10716,9922,794,7592,3124
t1,2243,4,2,9604,9090,514,8943,661
t1,2244,1,4,14841,127,14714,9254,5587
t1,2245,2,1,6059,33,6026,3458,2601
t1,2246,3,2,10742,9710,1032,5583,5159
t1,2247,4,2,9835,9328,507,8110,1725
t1,2248,1,4,14073,151,13922,8611,5462
t1,2249,2,1,6500,36,6464,3457,3043
t1,2250,3,2,10685,9397,1288,2648,8037
t1,2251,4,2,9990,9508,482,2995,6995
t1,2252,1,4,12957,222,12735,1895,11062
t1,2253,2,1,7498,27,7471,4135,3363
t1,2254,3,2,10834,9222,1612,1575,9259
t1,2255,4,2,10132,9642,490,1559,8573
t1,2256,1,4,11812,253,11559,272,11540
t1,2257,2,4,8357,30,8327,4927,3430
t1,2258,3,2,10926,8995,1931,1730,9196
t1,2259,4,2,10303,9827,476,1611,8692
t1,2260,1,4,10706,295,10411,315,10391
t1,2261,2,4,9166,25,9141,5852,3314
t1,2262,3,2,10929,8692,2237,1877,9052
t1,2263,4,2,10557,10085,472,1712,8845
t1,2264,1,4,9805,415,9390,376,9429
t1,2265,2,4,9665,21,9644,6211,3454
t1,2266,3,2,10412,7551,2861,2164,8248
t1,2267,4,2,11537,11086,451,2539,8998
t1,2268,1,4,9804,577,9227,522,9282
t1,2269,2,4,9142,10,9132,5781,3361
t1,2270,3,2,8839,5437,3402,2474,6365
t1,2271,4,2,13035,12613,422,4320,8715
t1,2272,1,4,10011,1108,8903,1038,8973
t1,2273,2,4,8831,4,8827,5348,3483
t1,2274,3,1,6479,2344,4135,2910,3569
t1,2275,4,2,11301,11040,261,7141,4160
t1,2276,1,4,11895,5785,6110,5823,6072
t1,2277,2,4,11151,0,11151,7282,3869
t1,2278,3,1,4921,88,4833,3255,1666
t1,2279,4,2,10793,10785,8,9243,1550
t1,2280,1,2,8816,8289,527,8541,275
t1,2281,2,4,16637,3,16634,11992,4645
t1,2282,3,1,4984,38,4946,3269,1715
t1,2283,4,2,10854,10690,164,9209,1645
t1,2284,1,2,8956,8432,524,8650,306
t1,2285,2,4,16381,38,16343,10568,5813
t1,2286,3,1,5127,42,5085,3323,1804
t1,2287,4,2,10777,10489,288,9077,1700
t1,2288,1,2,9105,8593,512,8752,353
t1,2289,2,4,15969,62,15907,9673,6296
t1,2290,3,1,5333,41,5292,3244,2089
t1,2291,4,2,10793,10211,582,8744,2049
t1,2292,1,2,9325,8820,505,8895,430
t1,2293,2,4,15549,69,15480,9305,6244
t1,2294,3,1,5453,42,5411,3235,2218
t1,2295,4,2,10764,9968,796,7846,2918
t1,2296,1,2,9561,9063,498,8981,580
t1,2297,2,4,15028,123,14905,9280,5748
t1,2298,3,1,5965,33,5932,3460,2505
t1,2299,4,2,10682,9735,947,6098,4584
t1,2300,1,2,9775,9284,491,8624,1151
t1,2301,2,4,14447,149,14298,9180,5267
t1,2302,3,1,6240,30,6210,3417,2823
t1,2303,4,2,10748,9488,1260,3391,7357
t1,2304,1,2,9988,9499,489,2762,7226
t1,2305,2,4,12947,204,12743,1656,11291
t1,2306,3,1,7412,25,7387,4113,3299
t1,2307,4,2,10813,9195,1618,1571,9242
t1,2308,1,2,10212,9732,480,1602,8610
t1,2309,2,4,11000,278,10722,311,10689
t1,2310,3,4,9007,22,8985,5681,3326
t1,2311,4,2,10983,8860,2123,1833,9150
t1,2312,1,2,10420,9945,475,1665,8755
t1,2313,2,4,10104,364,9740,348,9756
t1,2314,3,4,9586,18,9568,6283,3303
t1,2315,4,2,10807,8308,2499,1924,8883
t1,2316,1,2,10844,10389,455,1922,8922
t1,2317,2,4,9759,422,9337,413,9346
t1,2318,3,4,9676,21,9655,6354,3322
t1,2319,4,2,10218,7484,2734,2056,8162
t1,2320,1,2,11551,11101,450,2571,8980
t1,2321,2,4,9798,578,9220,519,9279
t1,2322,3,4,9269,13,9256,5924,3345
t1,2323,4,2,9091,5755,3336,2455,6636
t1,2324,1,2,12966,12533,433,4074,8892
t1,2325,2,4,10055,886,9169,820,9235
t1,2326,3,4,8853,11,8842,5464,3389
t1,2327,4,1,6700,2921,3779,2674,4026
t1,2328,1,2,12680,12353,327,6694,5986
t1,2329,2,4,11403,3947,7456,3928,7475
t1,2330,3,4,9832,0,9832,6122,3710
t1,2331,4,1,5084,414,4670,3281,1803
t1,2332,1,2,10521,10513,8,8942,1579
t1,2333,2,2,8791,8248,543,8490,301
t1,2334,3,4,16599,0,16599,11999,4600
t1,2335,4,1,5090,39,5051,3356,1734
t1,2336,1,2,10821,10714,107,9202,1619
t1,2337,2,2,8928,8424,504,8627,301
t1,2338,3,4,16350,19,16331,10562,5788
t1,2339,4,1,5018,42,4976,3258,1760
t1,2340,1,2,10801,10468,333,9123,1678
t1,2341,2,2,9071,8569,502,8731,340
t1,2342,3,4,16163,42,16121,9869,6294
t1,2343,4,1,5289,35,5254,3312,1977
t1,2344,1,2,10781,10252,529,8792,1989
t1,2345,2,2,9358,8850,508,8898,460
t1,2346,3,4,15514,71,15443,9288,6226
t1,2347,4,1,5476,43,5433,3219,2257
t1,2348,1,2,10778,9914,864,7490,3288
t1,2349,2,2,9613,9110,503,8878,735
t1,2350,3,4,14623,134,14489,9227,5396
t1,2351,4,1,6217,42,6175,3495,2722
t1,2352,1,2,10666,9605,1061,4638,6028
t1,2353,2,2,9936,9444,492,5664,4272
t1,2354,3,4,13841,186,13655,7631,6210
t1,2355,4,1,6719,30,6689,3455,3264
t1,2356,1,2,10853,9337,1516,1903,8950
t1,2357,2,2,10050,9565,485,1653,8397
t1,2358,3,4,12467,237,12230,278,12189
t1,2359,4,4,7810,37,7773,4480,3330
t1,2360,1,2,10850,9134,1716,1604,9246
t1,2361,2,2,10219,9728,491,1577,8642
t1,2362,3,4,11143,247,10896,257,10886
t1,2363,4,4,8830,36,8794,5456,3374
t1,2364,1,2,10961,8913,2048,1761,9200
t1,2365,2,2,10392,9914,478,1658,8734
t1,2366,3,4,10251,344,9907,329,9922
t1,2367,4,4,9497,29,9468,6192,3305
t1,2368,1,2,10892,8464,2428,2003,8889
t1,2369,2,2,10750,10281,469,1821,8929
t1,2370,3,4,9830,425,9405,398,9432
t1,2371,4,4,9646,22,9624,6307,3339
t1,2372,1,2,10369,7638,2731,2105,8264
t1,2373,2,2,11401,10950,451,2428,8973
t1,2374,3,4,9802,566,9236,514,9288
t1,2375,4,4,9359,15,9344,5978,3381
t1,2376,1,2,9381,6162,3219,2356,7025
t1,2377,2,2,12605,12170,435,3713,8892
t1,2378,3,4,10015,891,9124,798,9217
t1,2379,4,4,8816,6,8810,5371,3445
t1,2380,1,1,7216,3345,3871,2745,4471
t1,2381,2,2,12759,12417,342,6249,6510
t1,2382,3,4,10867,3382,7485,3365,7502
t1,2383,4,4,9876,1,9875,6134,3742
t1,2384,1,1,4660,90,4570,3216,1444
t1,2385,2,2,10833,10820,13,9254,1579
t1,2386,3,2,8847,8330,517,8550,297
t1,2387,4,4,16543,6,16537,11433,5110
t1,2388,1,1,5072,39,5033,3316,1756
t1,2389,2,2,10898,10650,248,9181,1717
t1,2390,3,2,9041,8530,511,8709,332
t1,2391,4,4,16155,25,16130,9981,6174
t1,2392,1,1,5164,42,5122,3241,1923
t1,2393,2,2,10809,10327,482,8924,1885
t1,2394,3,2,9209,8711,498,8849,360
t1,2395,4,4,15785,80,15705,9432,6353
t1,2396,1,1,5464,32,5432,3324,2140
t1,2397,2,2,10716,10090,626,8356,2360
t1,2398,3,2,9467,8969,498,8933,534
t1,2399,4,4,15314,97,15217,9269,6045
t1,2400,1,1,5746,39,5707,3222,2524
t1,2401,2,2,10783,9899,884,7082,3701
t1,2402,3,2,9616,9109,507,8869,747
t1,2403,4,4,14570,134,14436,9197,5373
t1,2404,1,1,6140,38,6102,3393,2747
t1,2405,2,2,10704,9581,1123,4508,6196
t1,2406,3,2,9828,9335,493,6523,3305
t1,2407,4,4,13959,185,13774,7915,6044
t1,2408,1,1,6680,32,6648,3466,3214
t1,2409,2,2,10783,9375,1408,2120,8663
t1,2410,3,2,10063,9575,488,1935,8128
t1,2411,4,4,12769,231,12538,1042,11727
t1,2412,1,1,7541,28,7513,4264,3277
t1,2413,2,2,10888,9128,1760,1675,9213
t1,2414,3,2,10247,9765,482,1644,8603
t1,2415,4,4,11319,263,11056,281,11038
t1,2416,1,4,8676,30,8646,5434,3242
t1,2417,2,2,10859,8900,1959,1703,9156
t1,2418,3,2,10405,9925,480,1661,8744
t1,2419,4,4,10296,337,9959,332,9964
t1,2420,1,4,9541,25,9516,6179,3362
t1,2421,2,2,10887,8557,2330,1903,8984
t1,2422,3,2,10669,10187,482,1825,8844
t1,2423,4,4,9843,448,9395,425,9418
t1,2424,1,4,9661,18,9643,6324,3337
t1,2425,2,2,10205,7337,2868,2144,8061
t1,2426,3,2,11717,11256,461,2724,8993
t1,2427,4,4,9823,611,9212,550,9273
t1,2428,1,4,9138,9,9129,5714,3424
t1,2429,2,1,8220,4704,3516,2505,5715
t1,2430,3,2,12960,12558,402,5003,7957
t1,2431,4,4,10589,1938,8651,1880,8709
t1,2432,1,4,8892,2,8890,5422,3470
t1,2433,2,1,5822,1444,4378,2966,2856
t1,2434,3,2,10425,10282,143,8013,2412
t1,2435,4,2,10495,7468,3027,7614,2881
t1,2436,1,4,14214,0,14214,10156,4058
t1,2437,2,1,4894,45,4849,3305,1589
t1,2438,3,2,10838,10775,63,9260,1578
t1,2439,4,2,8920,8402,518,8608,312
t1,2440,1,4,16469,12,16457,11216,5253
t1,2441,2,1,5069,44,5025,3293,1776
t1,2442,3,2,10864,10588,276,9214,1650
t1,2443,4,2,9047,8540,507,8717,330
t1,2444,1,4,16181,55,16126,9987,6194
t1,2445,2,1,5262,35,5227,3312,1950
t1,2446,3,2,10832,10395,437,9016,1816
t1,2447,4,2,9249,8741,508,8826,423
t1,2448,1,4,15791,54,15737,9460,6331
t1,2449,2,1,5319,33,5286,3277,2042
t1,2450,3,2,10795,10147,648,8422,2373
t1,2451,4,2,9421,8910,511,8954,467
t1,2452,1,4,15454,97,15357,9290,6164
t1,2453,2,1,5673,33,5640,3270,2403
t1,2454,3,2,10761,9909,852,7474,3287
t1,2455,4,2,9632,9125,507,8973,659
t1,2456,1,4,14982,124,14858,9256,5726
t1,2457,2,1,5872,35,5837,3267,2605
t1,2458,3,2,10679,9633,1046,5109,5570
t1,2459,4,2,9848,9352,496,7771,2077
t1,2460,1,4,14183,180,14003,8787,5396
t1,2461,2,1,6446,34,6412,3483,2963
t1,2462,3,2,10773,9441,1332,2605,8168
t1,2463,4,2,10074,9579,495,1806,8268
t1,2464,1,4,12659,212,12447,476,12183
t1,2465,2,4,7694,25,7669,4389,3305
t1,2466,3,2,10922,9154,1768,1668,9254
t1,2467,4,2,10279,9803,476,1629,8650
t1,2468,1,4,10846,273,10573,295,10551
t1,2469,2,4,9063,19,9044,5755,3308
t1,2470,3,2,10935,8759,2176,1827,9108
t1,2471,4,2,10523,10052,471,1699,8824
t1,2472,1,4,9976,382,9594,371,9605
t1,2473,2,4,9709,22,9687,6362,3347
t1,2474,3,2,10710,8207,2503,1972,8738
t1,2475,4,2,10897,10429,468,1997,8900
t1,2476,1,4,9777,476,9301,436,9341
t1,2477,2,4,9558,24,9534,6224,3334
t1,2478,3,2,10013,7026,2987,2214,7799
t1,2479,4,2,11951,11488,463,2969,8982
t1,2480,1,4,9866,636,9230,593,9273
t1,2481,2,4,9110,11,9099,5780,3330
t1,2482,3,2,8679,5185,3494,2486,6193
t1,2483,4,2,12986,12574,412,4570,8416
t1,2484,1,4,10405,1437,8968,1381,9024
t1,2485,2,4,8726,5,8721,5245,3481
t1,2486,3,1,6518,2330,4188,3050,3468
t1,2487,4,2,11021,10773,248,7162,3859
t1,2488,1,2,9872,6101,3771,6160,3712
t1,2489,2,4,13437,0,13437,9458,3979
t1,2490,3,1,4825,47,4778,3188,1637
t1,2491,4,2,10856,10831,25,9234,1622
t1,2492,1,2,8853,8348,505,8568,285
t1,2493,2,4,16587,7,16580,11528,5059
t1,2494,3,1,4917,43,4874,3266,1651
t1,2495,4,2,10849,10662,187,9217,1632
t1,2496,1,2,8966,8446,520,8666,300
t1,2497,2,4,16315,30,16285,10432,5883
t1,2498,3,1,5220,45,5175,3291,1929
t1,2499,4,2,10848,10474,374,9096,1752
t1,2500,1,2,9140,8617,523,8755,385
t1,2501,2,4,15994,44,15950,9733,6261
t1,2502,3,1,5291,49,5242,3244,2047
t1,2503,4,2,10808,10243,565,8685,2123
t1,2504,1,2,9355,8841,514,8894,461
t1,2505,2,4,15410,80,15330,9285,6125
t1,2506,3,1,5639,35,5604,3295,2344
t1,2507,4,2,10709,9890,819,7192,3517
t1,2508,1,2,9681,9185,496,8831,850
t1,2509,2,4,14395,143,14252,9160,5235
t1,2510,3,1,6405,45,6360,3601,2804
t1,2511,4,2,10791,9574,1217,4265,6526
t1,2512,1,2,9899,9400,499,6344,3555
t1,2513,2,4,13328,163,13165,5465,7863
t1,2514,3,1,7077,27,7050,3846,3231
t1,2515,4,2,10822,9279,1543,1656,9166
t1,2516,1,2,10085,9595,490,1542,8543
t1,2517,2,4,12530,265,12265,323,12207
t1,2518,3,4,7859,33,7826,4567,3292
t1,2519,4,2,10894,9105,1789,1678,9216
t1,2520,1,2,10256,9773,483,1640,8616
t1,2521,2,4,11272,251,11021,283,10989
t1,2522,3,4,8693,26,8667,5482,3211
t1,2523,4,2,11038,8833,2205,1903,9135
t1,2524,1,2,10433,9954,479,1645,8788
t1,2525,2,4,10200,365,9835,360,9840
t1,2526,3,4,9547,22,9525,6288,3259
t1,2527,4,2,10824,8456,2368,1914,8910
t1,2528,1,2,10743,10267,476,1889,8854
t1,2529,2,4,9817,463,9354,434,9383
t1,2530,3,4,9677,13,9664,6358,3319
t1,2531,4,2,10500,7627,2873,2205,8295
t1,2532,1,2,11462,11018,444,2497,8965
t1,2533,2,4,9745,545,9200,484,9261
t1,2534,3,4,9200,12,9188,5826,3374
t1,2535,4,2,9225,5801,3424,2510,6715
t1,2536,1,2,12885,12465,420,4017,8868
t1,2537,2,4,10044,914,9130,842,9202
t1,2538,3,4,8786,7,8779,5272,3514
t1,2539,4,1,7364,3505,3859,2715,4649
t1,2540,1,2,12635,12295,340,6096,6539
t1,2541,2,4,10936,3384,7552,3354,7582
t1,2542,3,4,9899,0,9899,6223,3676
t1,2543,4,1,4887,217,4670,3164,1723
t1,2544,1,2,10679,10672,7,9095,1584
t1,2545,2,2,8811,8310,501,8529,282
t1,2546,3,4,16563,7,16556,11527,5036
t1,2547,4,1,4920,38,4882,3272,1648
t1,2548,1,2,10851,10641,210,9192,1659
t1,2549,2,2,9060,8546,514,8698,362
t1,2550,3,4,16137,38,16099,9936,6201
t1,2551,4,1,5232,36,5196,3298,1934
t1,2552,1,2,10756,10312,444,8960,1796
t1,2553,2,2,9244,8738,506,8825,419
t1,2554,3,4,15758,80,15678,9418,6340
t1,2555,4,1,5384,41,5343,3265,2119
t1,2556,1,2,10759,10068,691,8309,2450
t1,2557,2,2,9479,8965,514,9008,471
t1,2558,3,4,15299,105,15194,9254,6045
t1,2559,4,1,5624,26,5598,3265,2359
t1,2560,1,2,10715,9839,876,7036,3679
t1,2561,2,2,9657,9145,512,8895,762
t1,2562,3,4,14719,152,14567,9237,5482
t1,2563,4,1,6107,28,6079,3358,2749
t1,2564,1,2,10801,9630,1171,4857,5944
t1,2565,2,2,9845,9336,509,7287,2558
t1,2566,3,4,13784,134,13650,8057,5727
t1,2567,4,1,6767,34,6733,3613,3154
t1,2568,1,2,10680,9338,1342,1798,8882
t1,2569,2,2,10134,9648,486,1648,8486
t1,2570,3,4,12710,206,12504,581,12129
t1,2571,4,4,7644,25,7619,4328,3316
t1,2572,1,2,10821,9161,1660,1586,9235
t1,2573,2,2,10241,9752,489,1634,8607
t1,2574,3,4,11338,279,11059,303,11035
t1,2575,4,4,8749,25,8724,5416,3333
t1,2576,1,2,10985,8920,2065,1809,9176
t1,2577,2,2,10392,9916,476,1680,8712
t1,2578,3,4,10213,338,9875,334,9879
t1,2579,4,4,9448,25,9423,6207,3241
t1,2580,1,2,10927,8482,2445,2023,8904
t1,2581,2,2,10707,10228,479,1844,8863
t1,2582,3,4,9831,453,9378,416,9415
t1,2583,4,4,9636,14,9622,6346,3290
t1,2584,1,2,10288,7479,2809,2141,8147
t1,2585,2,2,11594,11141,453,2577,9017
t1,2586,3,4,9829,620,9209,573,9256
t1,2587,4,4,9112,9,9103,5667,3445
t1,2588,1,1,8149,4575,3574,2535,5614
t1,2589,2,2,13089,12688,401,5132,7957
t1,2590,3,4,10229,1961,8268,1882,8347
t1,2591,4,4,9208,2,9206,5606,3602
t1,2592,1,1,5603,1194,4409,3127,2476
t1,2593,2,2,9901,9854,47,8243,1658
t1,2594,3,2,9056,8175,881,8401,655
t1,2595,4,4,16413,0,16413,12094,4319
t1,2596,1,1,4943,48,4895,3302,1641
t1,2597,2,2,10889,10807,82,9248,1641
t1,2598,3,2,8903,8383,520,8599,304
t1,2599,4,4,16388,16,16372,10940,5448
t1,2600,1,1,5122,37,5085,3356,1766
t1,2601,2,2,10843,10536,307,9177,1666
t1,2602,3,2,9042,8534,508,8723,319
t1,2603,4,4,16150,41,16109,9950,6200
t1,2604,1,1,5180,37,5143,3302,1878
t1,2605,2,2,10734,10339,395,8967,1767
t1,2606,3,2,9219,8699,520,8844,375
t1,2607,4,4,15860,68,15792,9508,6352
t1,2608,1,1,5529,33,5496,3369,2160
t1,2609,2,2,10677,10061,616,8401,2276
t1,2610,3,2,9504,8977,527,9040,464
t1,2611,4,4,15333,105,15228,9294,6039
t1,2612,1,1,5686,39,5647,3306,2380
t1,2613,2,2,10738,9859,879,6915,3823
t1,2614,3,2,9650,9154,496,8904,746
t1,2615,4,4,14705,131,14574,9240,5465
t1,2616,1,1,6080,32,6048,3398,2682
t1,2617,2,2,10757,9645,1112,5123,5634
t1,2618,3,2,9860,9363,497,7183,2677
t1,2619,4,4,13820,179,13641,7811,6009
t1,2620,1,1,6879,31,6848,3656,3223
t1,2621,2,2,10727,9377,1350,2171,8556
t1,2622,3,2,10090,9599,491,1855,8235
t1,2623,4,4,12684,214,12470,653,12031
t1,2624,1,1,7520,27,7493,4287,3233
t1,2625,2,2,10911,9164,1747,1640,9271
t1,2626,3,2,10223,9737,486,1561,8662
t1,2627,4,4,10848,306,10542,308,10540
t1,2628,1,4,9113,29,9084,5816,3297
t1,2629,2,2,10998,8766,2232,1879,9119
t1,2630,3,2,10559,10089,470,1723,8836
t1,2631,4,4,9880,395,9485,379,9501
t1,2632,1,4,9736,25,9711,6392,3344
t1,2633,2,2,10486,7800,2686,2061,8425
t1,2634,3,2,11280,10834,446,2306,8974
t1,2635,4,4,9784,508,9276,481,9303
t1,2636,1,4,9420,18,9402,6040,3380
t1,2637,2,2,9678,6586,3092,2291,7387
t1,2638,3,2,12228,11781,447,3331,8897
t1,2639,4,4,9997,805,9192,740,9257
t1,2640,1,4,8953,10,8943,5461,3492
t1,2641,2,1,7746,4053,3693,2674,5072
t1,2642,3,2,13659,13278,381,5647,8012
t1,2643,4,4,9764,1982,7782,1933,7831
t1,2644,1,4,9482,1,9481,5868,3614
t1,2645,2,1,5576,1009,4567,3215,2361
t1,2646,3,2,10326,10229,97,8386,1940
t1,2647,4,2,9025,7963,1062,8126,899
t1,2648,1,4,16243,0,16243,11911,4332
t1,2649,2,1,4859,35,4824,3244,1615
t1,2650,3,2,10816,10762,54,9248,1568
t1,2651,4,2,8909,8394,515,8613,296
t1,2652,1,4,16556,7,16549,11309,5247
t1,2653,2,1,5039,45,4994,3236,1803
t1,2654,3,2,10886,10642,244,9171,1715
t1,2655,4,2,9037,8519,518,8697,340
t1,2656,1,4,16084,40,16044,10075,6009
t1,2657,2,1,5236,39,5197,3319,1917
t1,2658,3,2,10763,10360,403,8984,1779
t1,2659,4,2,9244,8731,513,8864,380
t1,2660,1,4,15849,63,15786,9453,6396
t1,2661,2,1,5442,41,5401,3317,2125
t1,2662,3,2,10692,10097,595,8529,2163
t1,2663,4,2,9452,8952,500,8964,488
t1,2664,1,4,15322,100,15222,9279,6043
t1,2665,2,1,5703,32,5671,3308,2395
t1,2666,3,2,10724,9830,894,6539,4185
t1,2667,4,2,9736,9227,509,8741,995
t1,2668,1,4,14472,143,14329,9078,5394
t1,2669,2,1,6218,38,6180,3403,2815
t1,2670,3,2,10729,9458,1271,3146,7583
t1,2671,4,2,10001,9509,492,2383,7618
t1,2672,1,4,13071,209,12862,3211,9860
t1,2673,2,1,7459,28,7431,4050,3409
t1,2674,3,2,10815,9233,1582,1548,9267
t1,2675,4,2,10150,9661,489,1602,8548
t1,2676,1,4,11957,270,11687,296,11661
t1,2677,2,4,8257,28,8229,4891,3366
t1,2678,3,2,10863,9007,1856,1677,9186
t1,2679,4,2,10365,9894,471,1675,8690
t1,2680,1,4,10654,295,10359,308,10346
t1,2681,2,4,9204,27,9177,5939,3265
t1,2682,3,2,10894,8717,2177,1802,9092
t1,2683,4,2,10545,10068,477,1711,8834
t1,2684,1,4,9888,354,9534,335,9553
t1,2685,2,4,9731,19,9712,6398,3333
t1,2686,3,2,10747,8123,2624,2051,8696
t1,2687,4,2,11058,10593,465,2088,8970
t1,2688,1,4,9710,443,9267,420,9290
t1,2689,2,4,9498,14,9484,6144,3354
t1,2690,3,2,9679,6629,3050,2240,7439
t1,2691,4,2,12231,11792,439,3264,8967
t1,2692,1,4,9946,728,9218,697,9249
t1,2693,2,4,9009,8,9001,5613,3396
t1,2694,3,1,8153,4486,3667,2544,5609
t1,2695,4,2,13641,13239,402,5211,8430
t1,2696,1,4,10347,1453,8894,1377,8970
t1,2697,2,4,8740,3,8737,5100,3640
t1,2698,3,1,5874,1553,4321,2995,2879
t1,2699,4,2,10574,10383,191,7897,2677
t1,2700,1,2,10321,7213,3108,7334,2987
t1,2701,2,4,14088,0,14088,10096,3992
t1,2702,3,1,4826,48,4778,3246,1580
t1,2703,4,2,10805,10767,38,9214,1591
t1,2704,1,2,8882,8364,518,8580,302
t1,2705,2,4,16533,8,16525,11161,5372
t1,2706,3,1,5027,31,4996,3299,1728
t1,2707,4,2,10860,10560,300,9189,1671
t1,2708,1,2,9069,8564,505,8746,323
t1,2709,2,4,15928,42,15886,9664,6264
t1,2710,3,1,5406,36,5370,3391,2015
t1,2711,4,2,10771,10213,558,8765,2006
t1,2712,1,2,9367,8850,517,8912,455
t1,2713,2,4,15554,81,15473,9325,6229
t1,2714,3,1,5545,35,5510,3325,2220
t1,2715,4,2,10738,9985,753,8007,2731
t1,2716,1,2,9486,8990,496,8994,492
t1,2717,2,4,15234,105,15129,9278,5956
t1,2718,3,1,5724,35,5689,3287,2437
t1,2719,4,2,10662,9720,942,5984,4678
t1,2720,1,2,9795,9302,493,8710,1085
t1,2721,2,4,14501,157,14344,9136,5365
t1,2722,3,1,6211,33,6178,3359,2852
t1,2723,4,2,10810,9487,1323,3845,6965
t1,2724,1,2,9995,9501,494,4376,5619
t1,2725,2,4,13377,181,13196,5570,7807
t1,2726,3,1,7122,37,7085,3846,3276
t1,2727,4,2,10731,9279,1452,1524,9207
t1,2728,1,2,10154,9672,482,1584,8570
t1,2729,2,4,12192,238,11954,280,11912
t1,2730,3,4,8117,27,8090,4650,3467
t1,2731,4,2,10867,9080,1787,1647,9220
t1,2732,1,2,10289,9799,490,1642,8647
t1,2733,2,4,10908,313,10595,331,10577
t1,2734,3,4,9063,24,9039,5721,3342
t1,2735,4,2,10894,8786,2108,1809,9085
t1,2736,1,2,10503,10026,477,1713,8790
t1,2737,2,4,10081,352,9729,336,9745
t1,2738,3,4,9671,27,9644,6297,3374
t1,2739,4,2,10777,8318,2459,1962,8815
t1,2740,1,2,10881,10414,467,1980,8901
t1,2741,2,4,9774,441,9333,414,9360
t1,2742,3,4,9586,19,9567,6378,3208
t1,2743,4,2,10155,7263,2892,2188,7967
t1,2744,1,2,11723,11270,453,2800,8923
t1,2745,2,4,9842,652,9190,575,9267
t1,2746,3,4,9070,13,9057,5624,3446
t1,2747,4,1,7479,3908,3571,2524,4955
t1,2748,1,2,13090,12710,380,5799,7291
t1,2749,2,4,9633,2648,6985,2577,7056
t1,2750,3,4,10298,0,10298,6490,3808
t1,2751,4,1,5178,581,4597,3213,1965
t1,2752,1,2,10391,10367,24,8809,1582
t1,2753,2,2,8751,8249,502,8514,237
t1,2754,3,4,16706,1,16705,12051,4655
t1,2755,4,1,4985,51,4934,3267,1718
t1,2756,1,2,10836,10696,140,9201,1635
t1,2757,2,2,8955,8429,526,8651,304
t1,2758,3,4,16509,22,16487,10796,5713
t1,2759,4,1,4974,41,4933,3184,1790
t1,2760,1,2,10826,10537,289,9174,1652
t1,2761,2,2,9074,8573,501,8728,346
t1,2762,3,4,16131,44,16087,9895,6236
t1,2763,4,1,5242,40,5202,3266,1976
t1,2764,1,2,10842,10298,544,8921,1921
t1,2765,2,2,9279,8766,513,8877,402
t1,2766,3,4,15733,62,15671,9363,6370
t1,2767,4,1,5380,33,5347,3238,2142
t1,2768,1,2,10738,10055,683,8253,2485
t1,2769,2,2,9556,9055,501,8994,562
t1,2770,3,4,15237,105,15132,9295,5942
t1,2771,4,1,5742,35,5707,3300,2442
t1,2772,1,2,10726,9830,896,6631,4095
t1,2773,2,2,9703,9209,494,8889,814
t1,2774,3,4,14454,128,14326,9108,5346
t1,2775,4,1,6239,32,6207,3379,2860
t1,2776,1,2,10807,9557,1250,4178,6629
t1,2777,2,2,9906,9420,486,6063,3843
t1,2778,3,4,13586,192,13394,6400,7186
t1,2779,4,1,6870,34,6836,3641,3229
t1,2780,1,2,10803,9319,1484,1810,8993
t1,2781,2,2,10040,9554,486,1505,8535
t1,2782,3,4,12523,223,12300,460,12063
t1,2783,4,4,7811,27,7784,4543,3268
t1,2784,1,2,10807,9094,1713,1571,9236
t1,2785,2,2,10316,9821,495,1654,8662
t1,2786,3,4,10674,294,10380,304,10370
t1,2787,4,4,9162,26,9136,5846,3316
t1,2788,1,2,10911,8589,2322,1858,9053
t1,2789,2,2,10598,10124,474,1728,8870
t1,2790,3,4,9800,410,9390,394,9406
t1,2791,4,4,9646,20,9626,6295,3351
t1,2792,1,2,10647,7899,2748,2136,8511
t1,2793,2,2,11173,10720,453,2199,8974
t1,2794,3,4,9792,550,9242,517,9275
t1,2795,4,4,9429,12,9417,6003,3426
t1,2796,1,2,9422,6194,3228,2373,7049
t1,2797,2,2,12622,12181,441,3675,8947
t1,2798,3,4,9996,807,9189,766,9230
t1,2799,4,4,8905,7,8898,5357,3548
t1,2800,1,1,7001,3274,3727,2614,4387
t1,2801,2,2,13432,13064,368,6376,7056
t1,2802,3,4,10907,2839,8068,2800,8107
t1,2803,4,4,9380,0,9380,5680,3700
t1,2804,1,1,5404,978,4426,3142,2262
t1,2805,2,2,10233,10138,95,8403,1830
t1,2806,3,2,9221,8033,1188,8198,1023
t1,2807,4,4,16055,0,16055,11797,4258
t1,2808,1,1,5015,38,4977,3325,1690
t1,2809,2,2,10848,10727,121,9222,1626
t1,2810,3,2,8890,8372,518,8620,270
t1,2811,4,4,16476,13,16463,11071,5405
t1,2812,1,1,5093,42,5051,3246,1847
t1,2813,2,2,10842,10581,261,9152,1690
t1,2814,3,2,9058,8542,516,8729,329
t1,2815,4,4,16204,44,16160,9944,6260
t1,2816,1,1,5287,46,5241,3318,1969
t1,2817,2,2,10810,10353,457,8963,1847
t1,2818,3,2,9248,8733,515,8860,388
t1,2819,4,4,15681,64,15617,9363,6318
t1,2820,1,1,5570,47,5523,3305,2265
t1,2821,2,2,10740,10085,655,8266,2474
t1,2822,3,2,9506,8999,507,8955,551
t1,2823,4,4,15402,78,15324,9274,6128
t1,2824,1,1,5640,37,5603,3233,2407
t1,2825,2,2,10689,9776,913,6609,4080
t1,2826,3,2,9805,9296,509,8772,1033
t1,2827,4,4,14311,156,14155,9023,5288
t1,2828,1,1,6436,33,6403,3545,2891
t1,2829,2,2,10730,9438,1292,3189,7541
t1,2830,3,2,10069,9567,502,2131,7938
t1,2831,4,4,12731,188,12543,713,12018
t1,2832,1,1,7539,28,7511,4273,3266
t1,2833,2,2,10855,9157,1698,1631,9224
t1,2834,3,2,10216,9734,482,1609,8607
t1,2835,4,4,11406,268,11138,288,11118
t1,2836,1,4,8671,27,8644,5378,3293
t1,2837,2,2,10961,8949,2012,1780,9181
t1,2838,3,2,10378,9896,482,1616,8762
t1,2839,4,4,10269,331,9938,329,9940
t1,2840,1,4,9501,23,9478,6105,3396
t1,2841,2,2,10904,8457,2447,1974,8930
t1,2842,3,2,10785,10318,467,1927,8858
t1,2843,4,4,9744,357,9387,337,9407
t1,2844,1,4,9583,17,9566,6318,3265
t1,2845,2,2,10618,7798,2820,2190,8428
t1,2846,3,2,11278,10818,460,2315,8963
t1,2847,4,4,9756,505,9251,472,9284
t1,2848,1,4,9451,12,9439,6056,3395
t1,2849,2,2,9480,6314,3166,2355,7125
t1,2850,3,2,12493,12062,431,3579,8914
t1,2851,4,4,10028,828,9200,757,9271
t1,2852,1,4,8972,9,8963,5519,3453
t1,2853,2,1,7381,3650,3731,2642,4739
t1,2854,3,2,13353,12982,371,6009,7344
t1,2855,4,4,10640,2545,8095,2493,8147
t1,2856,1,4,9355,1,9354,5660,3695
t1,2857,2,1,5519,1136,4383,3086,2433
t1,2858,3,2,9889,9839,50,8268,1621
t1,2859,4,2,9001,8246,755,8480,521
t1,2860,1,4,16498,0,16498,12129,4369
t1,2861,2,1,4912,43,4869,3319,1593
t1,2862,3,2,10838,10755,83,9228,1610
t1,2863,4,2,8929,8406,523,8628,301
t1,2864,1,4,16448,15,16433,11008,5440
t1,2865,2,1,5062,41,5021,3255,1807
t1,2866,3,2,10815,10516,299,9124,1691
t1,2867,4,2,9155,8642,513,8802,353
t1,2868,1,4,15950,56,15894,9607,6343
t1,2869,2,1,5381,40,5341,3302,2079
t1,2870,3,2,10810,10236,574,8671,2139
t1,2871,4,2,9397,8893,504,8937,460
t1,2872,1,4,15391,93,15298,9269,6122
t1,2873,2,1,5797,41,5756,3360,2437
t1,2874,3,2,10748,9873,875,6939,3809
t1,2875,4,2,9681,9181,500,8910,771
t1,2876,1,4,14841,125,14716,9261,5580
t1,2877,2,1,6026,41,5985,3330,2696
t1,2878,3,2,10715,9633,1082,4981,5734
t1,2879,4,2,9856,9368,488,7318,2538
t1,2880,1,4,13994,178,13816,8185,5809
t1,2881,2,1,6615,37,6578,3471,3144
t1,2882,3,2,10744,9401,1343,2593,8151
t1,2883,4,2,10024,9542,482,2030,7994
t1,2884,1,4,12640,215,12425,401,12239
t1,2885,2,4,7726,30,7696,4378,3348
t1,2886,3,2,10884,9159,1725,1650,9234
t1,2887,4,2,10271,9789,482,1677,8594
t1,2888,1,4,11430,252,11178,280,11150
t1,2889,2,4,8708,24,8684,5340,3368
t1,2890,3,2,10832,8965,1867,1666,9166
t1,2891,4,2,10338,9850,488,1581,8757
t1,2892,1,4,10567,330,10237,337,10230
t1,2893,2,4,9392,28,9364,5973,3419
t1,2894,3,2,10781,8594,2187,1791,8990
t1,2895,4,2,10634,10164,470,1814,8820
t1,2896,1,4,9885,391,9494,386,9499
t1,2897,2,4,9617,20,9597,6278,3339
t1,2898,3,2,10665,7967,2698,2098,8567
t1,2899,4,2,11111,10657,454,2161,8950
t1,2900,1,4,9814,563,9251,505,9309
t1,2901,2,4,9472,17,9455,6034,3438
t1,2902,3,2,9716,6601,3115,2251,7465
t1,2903,4,2,12169,11731,438,3233,8936
t1,2904,1,4,9959,768,9191,708,9251
t1,2905,2,4,8979,9,8970,5425,3554
t1,2906,3,1,6962,3277,3685,2638,4324
t1,2907,4,2,12213,11888,325,6329,5884
t1,2908,1,1,9166,4050,5116,4040,5126
t1,2909,2,4,11983,0,11983,7968,4015
t1,2910,3,1,4880,47,4833,3311,1569
t1,2911,4,2,10782,10741,41,9230,1552
t1,2912,1,2,8853,8337,516,8569,284
t1,2913,2,4,16618,7,16611,11396,5222
t1,2914,3,1,4926,41,4885,3309,1617
t1,2915,4,2,10831,10649,182,9181,1650
t1,2916,1,2,9019,8510,509,8644,375
t1,2917,2,4,16295,28,16267,10360,5935
t1,2918,3,1,5244,40,5204,3355,1889
t1,2919,4,2,10814,10440,374,9016,1798
t1,2920,1,2,9184,8671,513,8808,376
t1,2921,2,4,15899,53,15846,9533,6366
t1,2922,3,1,5339,44,5295,3297,2042
t1,2923,4,2,10771,10209,562,8651,2120
t1,2924,1,2,9376,8866,510,8918,458
t1,2925,2,4,15494,87,15407,9303,6191
t1,2926,3,1,5591,47,5544,3342,2249
t1,2927,4,2,10740,9937,803,7583,3157
t1,2928,1,2,9593,9092,501,8943,650
t1,2929,2,4,14885,108,14777,9243,5642
t1,2930,3,1,6009,37,5972,3261,2748
t1,2931,4,2,10771,9674,1097,5278,5493
t1,2932,1,2,9820,9323,497,8237,1583
t1,2933,2,4,14233,192,14041,8880,5353
t1,2934,3,1,6445,37,6408,3428,3017
t1,2935,4,2,10665,9436,1229,3064,7601
t1,2936,1,2,9961,9469,492,3433,6528
t1,2937,2,4,13148,186,12962,4351,8797
t1,2938,3,1,7229,35,7194,3890,3339
t1,2939,4,2,10825,9222,1603,1586,9239
t1,2940,1,2,10168,9670,498,1606,8562
t1,2941,2,4,11808,273,11535,295,11513
t1,2942,3,4,8346,25,8321,5034,3312
t1,2943,4,2,10871,8980,1891,1698,9173
t1,2944,1,2,10377,9898,479,1657,8720
t1,2945,2,4,10415,308,10107,302,10113
t1,2946,3,4,9402,24,9378,6172,3230
t1,2947,4,2,10807,8479,2328,1888,8919
t1,2948,1,2,10770,10297,473,1890,8880
t1,2949,2,4,9762,456,9306,436,9326
t1,2950,3,4,9610,23,9587,6259,3351
t1,2951,4,2,9983,6976,3007,2249,7734
t1,2952,1,2,11996,11551,445,3017,8979
t1,2953,2,4,9906,696,9210,634,9272
t1,2954,3,4,9089,10,9079,5617,3472
t1,2955,4,1,8187,4685,3502,2498,5689
t1,2956,1,2,13302,12894,408,4990,8312
t1,2957,2,4,10508,1579,8929,1520,8988
t1,2958,3,4,8752,5,8747,5172,3580
t1,2959,4,1,5638,1439,4199,2931,2707
t2,0,1,2,11445,11207,238,5689,5756
t2,1,2,2,10241,9737,504,5798,4443
t2,2,3,4,13655,205,13450,6917,6738
t2,3,4,4,6875,32,6843,3627,3248
t2,4,1,2,10850,9370,1480,1722,9128
t2,5,2,2,10058,9566,492,1533,8525
t2,6,3,4,12369,218,12151,272,12097
t2,7,4,4,7894,36,7858,4631,3263
t2,8,1,2,10908,9139,1769,1646,9262
t2,9,2,2,10199,9711,488,1569,8630
t2,10,3,4,11012,295,10717,312,10700
t2,11,4,4,8969,29,8940,5700,3269
t2,12,1,2,11030,8811,2219,1841,9189
t2,13,2,2,10441,9962,479,1648,8793
t2,14,3,4,10108,372,9736,379,9729
t2,15,4,4,9606,24,9582,6374,3232
t2,16,1,2,10844,8339,2505,1996,8848
t2,17,2,2,10893,10395,498,1971,8922
t2,18,3,4,9796,507,9289,441,9355
t2,19,4,4,9484,22,9462,6289,3195
t2,20,1,2,10024,6935,3089,2324,7700
t2,21,2,2,11970,11531,439,3072,8898
t2,22,3,4,9979,777,9202,710,9269
t2,23,4,4,8842,7,8835,5468,3374
t2,24,1,1,7230,3372,3858,2660,4570
t2,25,2,2,11829,11510,319,6237,5592
t2,26,3,4,11582,4387,7195,4365,7217
t2,27,4,4,10144,0,10144,6388,3756
t2,28,1,1,4670,77,4593,3233,1437
t2,29,2,2,10835,10824,11,9269,1566
t2,30,3,2,8809,8283,526,8539,270
t2,31,4,4,16738,0,16738,11819,4919
t2,32,1,1,5069,39,5030,3296,1773
t2,33,2,2,10855,10713,142,9223,1632
t2,34,3,2,8996,8471,525,8641,355
t2,35,4,4,16355,25,16330,10576,5779
t2,36,1,1,5152,41,5111,3245,1907
t2,37,2,2,10842,10533,309,9099,1743
t2,38,3,2,9096,8597,499,8747,349
t2,39,4,4,16000,55,15945,9625,6375
t2,40,1,1,5329,44,5285,3315,2014
t2,41,2,2,10820,10225,595,8749,2071
t2,42,3,2,9365,8848,517,8921,444
t2,43,4,4,15595,84,15511,9321,6274
t2,44,1,1,5651,35,5616,3263,2388
t2,45,2,2,10726,10010,716,8019,2707
t2,46,3,2,9566,9068,498,8998,568
t2,47,4,4,15159,107,15052,9275,5884
t2,48,1,1,5744,35,5709,3327,2417
t2,49,2,2,10708,9749,959,5958,4750
t2,50,3,2,9741,9229,512,8463,1278
t2,51,4,4,14500,172,14328,9148,5352
t2,52,1,1,6388,35,6353,3485,2903
t2,53,2,2,10728,9525,1203,3270,7458
t2,54,3,2,9995,9506,489,3916,6079
t2,55,4,4,13364,171,13193,4956,8408
t2,56,1,4,7157,28,7129,3770,3387
t2,57,2,2,10773,9253,1520,1555,9218
t2,58,3,2,10162,9682,480,1598,8564
t2,59,4,4,11731,232,11499,258,11473
t2,60,1,4,8471,26,8445,5065,3406
t2,61,2,2,10871,9011,1860,1663,9208
t2,62,3,2,10409,9916,493,1673,8736
t2,63,4,4,10167,309,9858,299,9868
t2,64,1,4,9586,31,9555,6268,3318
t2,65,2,2,10816,8349,2467,1977,8839
t2,66,3,2,10857,10378,479,1957,8900
t2,67,4,4,9808,483,9325,450,9358
t2,68,1,4,9595,21,9574,6348,3247
t2,69,2,2,10270,7313,2957,2244,8026
t2,70,3,2,11706,11255,451,2724,8982
t2,71,4,4,9800,570,9230,535,9265
t2,72,1,4,9283,13,9270,5889,3394
t2,73,2,2,8787,5387,3400,2416,6371
t2,74,3,2,12942,12523,419,4366,8576
t2,75,4,4,10308,1263,9045,1203,9105
t2,76,1,4,8828,9,8819,5273,3555
t2,77,2,1,7003,2888,4115,2866,4137
t2,78,3,2,11168,10893,275,6658,4510
t2,79,4,2,11462,5399,6063,5433,6029
t2,80,1,4,11167,0,11167,7349,3818
t2,81,2,1,4875,105,4770,3281,1594
t2,82,3,2,10815,10809,6,9273,1542
t2,83,4,2,8789,8280,509,8514,275
t2,84,1,4,16671,7,16664,11663,5008
t2,85,2,1,5051,48,5003,3348,1703
t2,86,3,2,10854,10690,164,9229,1625
t2,87,4,2,8932,8414,518,8613,319
t2,88,1,4,16308,27,16281,10405,5903
t2,89,2,1,5267,39,5228,3316,1951
t2,90,3,2,10823,10487,336,9101,1722
t2,91,4,2,9123,8608,515,8773,350
t2,92,1,4,16111,47,16064,9717,6394
t2,93,2,1,5145,42,5103,3146,1999
t2,94,3,2,10821,10223,598,8718,2103
t2,95,4,2,9353,8836,517,8908,445
t2,96,1,4,15580,94,15486,9327,6253
t2,97,2,1,5628,40,5588,3354,2274
t2,98,3,2,10776,10037,739,7985,2791
t2,99,4,2,9555,9054,501,8913,642
t2,100,1,4,14857,113,14744,9272,5585
t2,101,2,1,6085,39,6046,3430,2655
t2,102,3,2,10729,9643,1086,4782,5947
t2,103,4,2,9870,9367,503,6365,3505
t2,104,1,4,13677,194,13483,7071,6606
t2,105,2,4,6891,31,6860,3616,3275
t2,106,3,2,10733,9273,1460,1491,9242
t2,107,4,2,10192,9690,502,1639,8553
t2,108,1,4,12050,229,11821,266,11784
t2,109,2,4,8175,36,8139,4864,3311
t2,110,3,2,10979,9098,1881,1729,9250
t2,111,4,2,10249,9767,482,1607,8642
t2,112,1,4,10975,302,10673,326,10649
t2,113,2,4,8992,30,8962,5646,3346
t2,114,3,2,10909,8755,2154,1837,9072
t2,115,4,2,10528,10053,475,1747,8781
t2,116,1,4,10029,349,9680,344,9685
t2,117,2,4,9669,22,9647,6441,3228
t2,118,3,2,10782,8279,2503,1973,8809
t2,119,4,2,10899,10432,467,1960,8939
t2,120,1,4,9752,461,9291,421,9331
t2,121,2,4,9612,21,9591,6180,3432
t2,122,3,2,10257,7208,3049,2276,7981
t2,123,4,2,11769,11319,450,2779,8990
t2,124,1,4,9832,609,9223,570,9262
t2,125,2,4,9111,10,9101,5738,3373
t2,126,3,1,8753,5263,3490,2516,6237
t2,127,4,2,13103,12687,416,4491,8612
t2,128,1,4,10045,1250,8795,1153,8892
t2,129,2,4,8936,5,8931,5356,3580
t2,130,3,1,6150,1985,4165,2987,3163
t2,131,4,2,10987,10767,220,7541,3446
t2,132,1,2,11535,6466,5069,6536,4999
t2,133,2,4,12177,0,12177,8234,3943
t2,134,3,1,4874,45,4829,3401,1473
t2,135,4,2,10910,10882,28,9243,1667
t2,136,1,2,8794,8280,514,8518,276
t2,137,2,4,16711,4,16707,11740,4971
t2,138,3,1,4957,45,4912,3198,1759
t2,139,4,2,10858,10673,185,9198,1660
t2,140,1,2,9003,8493,510,8686,317
t2,141,2,4,16163,34,16129,9949,6214
t2,142,3,1,5263,38,5225,3377,1886
t2,143,4,2,10811,10325,486,8925,1886
t2,144,1,2,9258,8746,512,8849,409
t2,145,2,4,15650,83,15567,9337,6313
t2,146,3,1,5496,37,5459,3210,2286
t2,147,4,2,10714,10025,689,7941,2773
t2,148,1,2,9499,8986,513,9012,487
t2,149,2,4,15018,110,14908,9255,5763
t2,150,3,1,5974,40,5934,3449,2525
t2,151,4,2,10754,9759,995,6050,4704
t2,152,1,2,9723,9218,505,8497,1226
t2,153,2,4,14401,153,14248,9095,5306
t2,154,3,1,6383,37,6346,3424,2959
t2,155,4,2,10766,9505,1261,3724,7042
t2,156,1,2,9953,9447,506,4853,5100
t2,157,2,4,13608,194,13414,6707,6901
t2,158,3,4,6854,33,6821,3567,3287
t2,159,4,2,10837,9251,1586,1595,9242
t2,160,1,2,10154,9665,489,1618,8536
t2,161,2,4,12134,243,11891,278,11856
t2,162,3,4,8202,30,8172,4766,3436
t2,163,4,2,10866,9077,1789,1646,9220
t2,164,1,2,10265,9780,485,1605,8660
t2,165,2,4,10792,294,10498,312,10480
t2,166,3,4,9160,28,9132,5830,3330
t2,167,4,2,11052,8814,2238,1926,9126
t2,168,1,2,10486,10011,475,1696,8790
t2,169,2,4,9949,355,9594,353,9596
t2,170,3,4,9741,26,9715,6432,3309
t2,171,4,2,10764,8237,2527,1981,8783
t2,172,1,2,10921,10451,470,1991,8930
t2,173,2,4,9759,496,9263,444,9315
t2,174,3,4,9566,13,9553,6174,3392
t2,175,4,2,10171,7057,3114,2295,7876
t2,176,1,2,11972,11527,445,2961,9011
t2,177,2,4,9855,643,9212,579,9276
t2,178,3,4,9175,12,9163,5783,3392
t2,179,4,1,7987,4478,3509,2496,5491
t2,180,1,2,13039,12650,389,5228,7811
t2,181,2,4,9820,2138,7682,2073,7747
t2,182,3,4,9811,3,9808,6155,3656
t2,183,4,1,4855,372,4483,3048,1807
t2,184,1,2,10612,10597,15,8967,1645
t2,185,2,2,8826,8293,533,8531,295
t2,186,3,4,16658,3,16655,11723,4935
t2,187,4,1,5048,39,5009,3320,1728
t2,188,1,2,10844,10653,191,9227,1617
t2,189,2,2,8989,8472,517,8675,314
t2,190,3,4,16251,17,16234,10411,5840
t2,191,4,1,5181,43,5138,3311,1870
t2,192,1,2,10875,10479,396,9105,1770
t2,193,2,2,9099,8570,529,8744,355
t2,194,3,4,15855,76,15779,9516,6339
t2,195,4,1,5415,34,5381,3355,2060
t2,196,1,2,10744,10210,534,8639,2105
t2,197,2,2,9406,8898,508,8937,469
t2,198,3,4,15565,79,15486,9309,6256
t2,199,4,1,5652,40,5612,3276,2376
t2,200,1,2,10736,9970,766,7738,2998
t2,201,2,2,9558,9053,505,8980,578
t2,202,3,4,15099,99,15000,9278,5821
t2,203,4,1,5817,34,5783,3298,2519
t2,204,1,2,10758,9711,1047,5888,4870
t2,205,2,2,9831,9333,498,8289,1542
t2,206,3,4,14201,140,14061,8858,5343
t2,207,4,1,6603,33,6570,3643,2960
t2,208,1,2,10789,9512,1277,3452,7337
t2,209,2,2,9971,9476,495,2527,7444
t2,210,3,4,13251,194,13057,4349,8902
t2,211,4,4,7239,30,7209,3887,3352
t2,212,1,2,10822,9241,1581,1574,9248
t2,213,2,2,10184,9695,489,1609,8575
t2,214,3,4,11727,262,11465,291,11436
t2,215,4,4,8484,32,8452,5175,3309
t2,216,1,2,10850,8966,1884,1669,9181
t2,217,2,2,10366,9885,481,1703,8663
t2,218,3,4,10570,321,10249,325,10245
t2,219,4,4,9443,29,9414,6030,3413
t2,220,1,2,10952,8661,2291,1905,9047
t2,221,2,2,10649,10180,469,1792,8857
t2,222,3,4,9751,411,9340,387,9364
t2,223,4,4,9569,21,9548,6342,3227
t2,224,1,2,10080,7150,2930,2177,7903
t2,225,2,2,11815,11369,446,2853,8962
t2,226,3,4,9824,628,9196,558,9266
t2,227,4,4,9216,12,9204,5691,3525
t2,228,1,1,8100,4630,3470,2460,5640
t2,229,2,2,13240,12837,403,5092,8148
t2,230,3,4,10468,1712,8756,1668,8800
t2,231,4,4,8783,3,8780,5170,3613
t2,232,1,1,6158,1731,4427,3124,3034
t2,233,2,2,10368,10189,179,7758,2610
t2,234,3,2,8998,7317,1681,7397,1601
t2,235,4,4,15533,0,15533,11266,4267
t2,236,1,1,4816,39,4777,3238,1578
t2,237,2,2,10893,10837,56,9268,1625
t2,238,3,2,8857,8342,515,8556,301
t2,239,4,4,16550,19,16531,11138,5412
t2,240,1,1,5030,36,4994,3302,1728
t2,241,2,2,10782,10566,216,9124,1658
t2,242,3,2,9029,8521,508,8697,332
t2,243,4,4,16153,39,16114,10126,6027
t2,244,1,1,5306,47,5259,3284,2022
t2,245,2,2,10810,10392,418,9012,1798
t2,246,3,2,9198,8672,526,8791,407
t2,247,4,4,15895,59,15836,9496,6399
t2,248,1,1,5371,41,5330,3348,2023
t2,249,2,2,10730,10146,584,8479,2251
t2,250,3,2,9449,8935,514,8922,527
t2,251,4,4,15405,102,15303,9292,6113
t2,252,1,1,5730,34,5696,3439,2291
t2,253,2,2,10733,9904,829,7261,3472
t2,254,3,2,9649,9143,506,8939,710
t2,255,4,4,14823,149,14674,9269,5554
t2,256,1,1,6039,35,6004,3375,2664
t2,257,2,2,10768,9628,1140,5110,5658
t2,258,3,2,9829,9332,497,7759,2070
t2,259,4,4,13866,192,13674,8082,5784
t2,260,1,1,6730,29,6701,3637,3093
t2,261,2,2,10746,9353,1393,1661,9085
t2,262,3,2,10129,9634,495,1576,8553
t2,263,4,4,11949,222,11727,253,11696
t2,264,1,4,8453,29,8424,4944,3509
t2,265,2,2,10872,9014,1858,1664,9208
t2,266,3,2,10355,9876,479,1683,8672
t2,267,4,4,10509,328,10181,329,10180
t2,268,1,4,9378,22,9356,6021,3357
t2,269,2,2,10868,8538,2330,1924,8944
t2,270,3,2,10689,10223,466,1836,8853
t2,271,4,4,9843,409,9434,382,9461
t2,272,1,4,9766,24,9742,6371,3395
t2,273,2,2,10706,7996,2710,2110,8596
t2,274,3,2,11189,10730,459,2175,9014
t2,275,4,4,9766,504,9262,471,9295
t2,276,1,4,9399,17,9382,6061,3338
t2,277,2,2,9627,6370,3257,2364,7263
t2,278,3,2,12475,12032,443,3539,8936
t2,279,4,4,9982,793,9189,720,9262
t2,280,1,4,8898,11,8887,5380,3518
t2,281,2,1,7280,3587,3693,2578,4702
t2,282,3,2,13540,13173,367,6039,7501
t2,283,4,4,10388,2440,7948,2394,7994
t2,284,1,4,9428,1,9427,5766,3662
t2,285,2,1,5728,1078,4650,3238,2490
t2,286,3,2,10204,10111,93,8340,1864
t2,287,4,2,8994,8003,991,8190,804
t2,288,1,4,16296,0,16296,11858,4438
t2,289,2,1,4953,42,4911,3320,1633
t2,290,3,2,10850,10765,85,9214,1636
t2,291,4,2,8874,8356,518,8572,302
t2,292,1,4,16548,13,16535,11171,5377
t2,293,2,1,4984,42,4942,3245,1739
t2,294,3,2,10884,10617,267,9148,1736
t2,295,4,2,9051,8534,517,8710,341
t2,296,1,4,16106,36,16070,9957,6149
t2,297,2,1,5398,46,5352,3429,1969
t2,298,3,2,10771,10362,409,9004,1767
t2,299,4,2,9261,8740,521,8858,403
t2,300,1,4,15663,69,15594,9360,6303
t2,301,2,1,5549,37,5512,3327,2222
t2,302,3,2,10744,9986,758,7990,2754
t2,303,4,2,9537,9029,508,8926,611
t2,304,1,4,14947,106,14841,9248,5699
t2,305,2,1,5925,43,5882,3376,2549
t2,306,3,2,10700,9637,1063,5016,5684
t2,307,4,2,9874,9382,492,7748,2126
t2,308,1,4,13954,159,13795,8451,5503
t2,309,2,1,6794,32,6762,3608,3186
t2,310,3,2,10809,9410,1399,2687,8122
t2,311,4,2,10021,9529,492,2016,8005
t2,312,1,4,13014,213,12801,2226,10788
t2,313,2,4,7399,30,7369,4086,3313
t2,314,3,2,10854,9166,1688,1620,9234
t2,315,4,2,10216,9734,482,1614,8602
t2,316,1,4,11433,244,11189,269,11164
t2,317,2,4,8723,26,8697,5413,3310
t2,318,3,2,10883,8981,1902,1684,9199
t2,319,4,2,10390,9913,477,1677,8713
t2,320,1,4,10402,317,10085,325,10077
t2,321,2,4,9395,30,9365,6064,3331
t2,322,3,2,10927,8585,2342,1933,8994
t2,323,4,2,10635,10163,472,1811,8824
t2,324,1,4,9795,419,9376,400,9395
t2,325,2,4,9603,24,9579,6301,3302
t2,326,3,2,10624,7834,2790,2190,8434
t2,327,4,2,11261,10799,462,2276,8985
t2,328,1,4,9779,539,9240,482,9297
t2,329,2,4,9498,13,9485,6037,3461
t2,330,3,2,9495,6339,3156,2225,7270
t2,331,4,2,12507,12061,446,3564,8943
t2,332,1,4,10013,795,9218,749,9264
t2,333,2,4,8963,13,8950,5561,3402
t2,334,3,1,7342,3622,3720,2666,4676
t2,335,4,2,13569,13200,369,6036,7533
t2,336,1,4,10490,2405,8085,2348,8142
t2,337,2,4,9379,1,9378,5593,3786
t2,338,3,1,5250,820,4430,3110,2140
t2,339,4,2,10233,10197,36,8633,1600
t2,340,1,2,8729,8227,502,8436,293
t2,341,2,4,16673,0,16673,12069,4604
t2,342,3,1,5125,46,5079,3371,1754
t2,343,4,2,10884,10724,160,9198,1686
t2,344,1,2,8990,8472,518,8665,325
t2,345,2,4,16175,42,16133,10133,6042
t2,346,3,1,5175,37,5138,3286,1889
t2,347,4,2,10789,10318,471,8985,1804
t2,348,1,2,9261,8746,515,8873,388
t2,349,2,4,15841,58,15783,9422,6419
t2,350,3,1,5418,43,5375,3351,2067
t2,351,4,2,10768,10164,604,8514,2254
t2,352,1,2,9405,8900,505,8921,484
t2,353,2,4,15467,99,15368,9292,6175
t2,354,3,1,5707,36,5671,3313,2394
t2,355,4,2,10721,9915,806,7121,3600
t2,356,1,2,9646,9145,501,8929,717
t2,357,2,4,14903,130,14773,9274,5629
t2,358,3,1,5972,30,5942,3359,2613
t2,359,4,2,10792,9630,1162,4946,5846
t2,360,1,2,9848,9356,492,7389,2459
t2,361,2,4,13887,162,13725,8091,5796
t2,362,3,1,6823,37,6786,3583,3240
t2,363,4,2,10751,9400,1351,2291,8460
t2,364,1,2,10032,9539,493,1690,8342
t2,365,2,4,12639,222,12417,539,12100
t2,366,3,4,7698,31,7667,4402,3296
t2,367,4,2,10920,9171,1749,1676,9244
t2,368,1,2,10156,9667,489,1559,8597
t2,369,2,4,11202,264,10938,292,10910
t2,370,3,4,8944,34,8910,5473,3471
t2,371,4,2,10864,8925,1939,1695,9169
t2,372,1,2,10354,9870,484,1606,8748
t2,373,2,4,10342,322,10020,315,10027
t2,374,3,4,9484,27,9457,6197,3287
t2,375,4,2,10925,8538,2387,1938,8987
t2,376,1,2,10678,10207,471,1849,8829
t2,377,2,4,9893,406,9487,401,9492
t2,378,3,4,9647,24,9623,6359,3288
t2,379,4,2,10593,7835,2758,2153,8440
t2,380,1,2,11261,10813,448,2296,8965
t2,381,2,4,9783,562,9221,519,9264
t2,382,3,4,9365,18,9347,5978,3387
t2,383,4,1,8412,5016,3396,2405,6007
t2,384,1,2,12713,12320,393,4740,7973
t2,385,2,4,10373,1888,8485,1847,8526
t2,386,3,4,9056,2,9054,5328,3728
t2,387,4,1,5139,682,4457,3043,2096
t2,388,1,2,10343,10317,26,8700,1643
t2,389,2,2,8772,8203,569,8440,332
t2,390,3,4,16621,0,16621,12022,4599
t2,391,4,1,4934,44,4890,3315,1619
t2,392,1,2,10849,10704,145,9251,1598
t2,393,2,2,8909,8399,510,8615,294
t2,394,3,4,16503,14,16489,10787,5716
t2,395,4,1,5108,40,5068,3313,1795
t2,396,1,2,10793,10547,246,9136,1657
t2,397,2,2,9060,8537,523,8718,342
t2,398,3,4,16207,46,16161,9955,6252
t2,399,4,1,5231,42,5189,3271,1960
t2,400,1,2,10810,10299,511,8907,1903
t2,401,2,2,9269,8751,518,8835,434
t2,402,3,4,15788,63,15725,9426,6362
t2,403,4,1,5449,37,5412,3305,2144
t2,404,1,2,10737,10103,634,8358,2379
t2,405,2,2,9454,8946,508,8952,502
t2,406,3,4,15264,109,15155,9283,5981
t2,407,4,1,5908,45,5863,3441,2467
t2,408,1,2,10754,9927,827,6765,3989
t2,409,2,2,9656,9152,504,8844,812
t2,410,3,4,14616,121,14495,9209,5407
t2,411,4,1,6213,41,6172,3380,2833
t2,412,1,2,10758,9565,1193,4187,6571
t2,413,2,2,9934,9422,512,6090,3844
t2,414,3,4,13618,168,13450,6767,6851
t2,415,4,4,6961,33,6928,3660,3301
t2,416,1,2,10766,9354,1412,1583,9183
t2,417,2,2,10056,9569,487,1577,8479
t2,418,3,4,12456,242,12214,290,12166
t2,419,4,4,7877,29,7848,4509,3368
t2,420,1,2,10971,9098,1873,1729,9242
t2,421,2,2,10303,9816,487,1621,8682
t2,422,3,4,10592,297,10295,302,10290
t2,423,4,4,9302,24,9278,6015,3287
t2,424,1,2,10953,8629,2324,1901,9052
t2,425,2,2,10632,10158,474,1793,8839
t2,426,3,4,9799,413,9386,409,9390
t2,427,4,4,9694,14,9680,6353,3341
t2,428,1,2,10505,7720,2785,2179,8326
t2,429,2,2,11411,10949,462,2427,8984
t2,430,3,4,9807,568,9239,524,9283
t2,431,4,4,9369,13,9356,5975,3394
t2,432,1,2,9425,6160,3265,2433,6992
t2,433,2,2,12605,12167,438,3709,8896
t2,434,3,4,10023,901,9122,826,9197
t2,435,4,4,8793,8,8785,5314,3479
t2,436,1,1,6943,3078,3865,2745,4198
t2,437,2,2,12208,11880,328,6504,5704
t2,438,3,4,11188,4189,6999,4180,7008
t2,439,4,4,10403,0,10403,6666,3737
t2,440,1,1,5107,461,4646,3220,1887
t2,441,2,2,10510,10500,10,8920,1590
t2,442,3,2,9047,8261,786,8516,531
t2,443,4,4,16492,0,16492,11925,4567
t2,444,1,1,4945,44,4901,3262,1683
t2,445,2,2,10899,10731,168,9228,1671
t2,446,3,2,8902,8400,502,8601,301
t2,447,4,4,16471,21,16450,10779,5692
t2,448,1,1,5105,43,5062,3304,1801
t2,449,2,2,10838,10565,273,9163,1675
t2,450,3,2,9067,8560,507,8726,341
t2,451,4,4,16125,53,16072,9794,6331
t2,452,1,1,5346,49,5297,3298,2048
t2,453,2,2,10758,10278,480,8883,1875
t2,454,3,2,9276,8773,503,8892,384
t2,455,4,4,15727,71,15656,9343,6384
t2,456,1,1,5399,39,5360,3124,2275
t2,457,2,2,10843,10046,797,8148,2695
t2,458,3,2,9535,9027,508,8966,569
t2,459,4,4,15186,107,15079,9280,5906
t2,460,1,1,5918,34,5884,3464,2454
t2,461,2,2,10703,9772,931,5907,4796
t2,462,3,2,9805,9303,502,8054,1751
t2,463,4,4,13868,156,13712,8177,5691
t2,464,1,1,6794,30,6764,3678,3116
t2,465,2,2,10819,9387,1432,2088,8731
t2,466,3,2,10116,9630,486,1599,8517
t2,467,4,4,12471,237,12234,271,12200
t2,468,1,4,7798,34,7764,4499,3299
t2,469,2,2,10864,9087,1777,1640,9224
t2,470,3,2,10276,9788,488,1628,8648
t2,471,4,4,10861,281,10580,296,10565
t2,472,1,4,9073,31,9042,5840,3233
t2,473,2,2,11033,8830,2203,1907,9126
t2,474,3,2,10417,9949,468,1692,8725
t2,475,4,4,10061,378,9683,375,9686
t2,476,1,4,9698,18,9680,6351,3347
t2,477,2,2,10847,8319,2528,2037,8810
t2,478,3,2,10922,10456,466,1998,8924
t2,479,4,4,9763,462,9301,446,9317
t2,480,1,4,9579,18,9561,6252,3327
t2,481,2,2,10262,7224,3038,2258,8004
t2,482,3,2,11790,11345,445,2798,8992
t2,483,4,4,9784,576,9208,516,9268
t2,484,1,4,9192,13,9179,5778,3414
t2,485,2,2,9073,5505,3568,2562,6511
t2,486,3,2,13025,12612,413,4288,8737
t2,487,4,4,10176,1074,9102,1032,9144
t2,488,1,4,8699,6,8693,5239,3460
t2,489,2,1,6466,2345,4121,2889,3577
t2,490,3,2,11264,11007,257,7181,4083
t2,491,4,2,11345,5808,5537,5845,5500
t2,492,1,4,11837,0,11837,7884,3953
t2,493,2,1,4756,102,4654,3196,1560
t2,494,3,2,10783,10768,15,9207,1576
t2,495,4,2,8830,8299,531,8550,280
t2,496,1,4,16695,4,16691,11734,4961
t2,497,2,1,5089,42,5047,3357,1732
t2,498,3,2,10896,10713,183,9242,1654
t2,499,4,2,8941,8412,529,8628,313
t2,500,1,4,16321,23,16298,10427,5894
t2,501,2,1,5147,36,5111,3279,1868
t2,502,3,2,10839,10434,405,9049,1790
t2,503,4,2,9257,8735,522,8839,418
t2,504,1,4,15821,62,15759,9442,6379
t2,505,2,1,5457,36,5421,3258,2199
t2,506,3,2,10741,10085,656,8151,2590
t2,507,4,2,9551,9038,513,8970,581
t2,508,1,4,15182,100,15082,9264,5918
t2,509,2,1,5862,35,5827,3365,2497
t2,510,3,2,10777,9808,969,6215,4562
t2,511,4,2,9767,9268,499,8582,1185
t2,512,1,4,14488,144,14344,9115,5373
t2,513,2,1,6272,33,6239,3378,2894
t2,514,3,2,10758,9547,1211,3717,7041
t2,515,4,2,9935,9435,500,3986,5949
t2,516,1,4,13229,198,13031,4535,8694
t2,517,2,4,7402,32,7370,3977,3425
t2,518,3,2,10846,9329,1517,1557,9289
t2,519,4,2,10132,9635,497,1574,8558
t2,520,1,4,12037,242,11795,281,11756
t2,521,2,4,8114,29,8085,4833,3281
t2,522,3,2,10932,9039,1893,1722,9210
t2,523,4,2,10345,9867,478,1691,8654
t2,524,1,4,10764,306,10458,297,10467
t2,525,2,4,9229,37,9192,5907,3322
t2,526,3,2,10968,8794,2174,1820,9148
t2,527,4,2,10482,10018,464,1716,8766
t2,528,1,4,10083,386,9697,391,9692
t2,529,2,4,9600,28,9572,6303,3297
t2,530,3,2,10881,8206,2675,2088,8793
t2,531,4,2,10976,10507,469,2051,8925
t2,532,1,4,9755,460,9295,412,9343
t2,533,2,4,9537,22,9515,6203,3334
t2,534,3,2,10072,7029,3043,2281,7791
t2,535,4,2,11949,11507,442,2993,8956
t2,536,1,4,9909,678,9231,635,9274
t2,537,2,4,9161,8,9153,5744,3417
t2,538,3,1,8327,4909,3418,2483,5844
t2,539,4,2,13290,12877,413,4830,8460
t2,540,1,4,10064,1433,8631,1362,8702
t2,541,2,4,8943,2,8941,5219,3724
t2,542,3,1,5376,992,4384,3042,2334
t2,543,4,2,10016,9998,18,8410,1606
t2,544,1,2,8742,8229,513,8456,286
t2,545,2,4,16703,3,16700,12064,4639
t2,546,3,1,4891,40,4851,3288,1603
t2,547,4,2,10857,10672,185,9220,1637
t2,548,1,2,8965,8448,517,8655,310
t2,549,2,4,16407,16,16391,10484,5923
t2,550,3,1,5188,52,5136,3355,1833
t2,551,4,2,10802,10482,320,9117,1685
t2,552,1,2,9123,8615,508,8745,378
t2,553,2,4,16023,42,15981,9715,6308
t2,554,3,1,5356,38,5318,3294,2062
t2,555,4,2,10844,10243,601,8765,2079
t2,556,1,2,9334,8818,516,8900,434
t2,557,2,4,15616,79,15537,9325,6291
t2,558,3,1,5556,42,5514,3312,2244
t2,559,4,2,10747,10047,700,7899,2848
t2,560,1,2,9577,9070,507,8978,599
t2,561,2,4,15004,109,14895,9264,5740
t2,562,3,1,6077,35,6042,3412,2665
t2,563,4,2,10749,9774,975,5928,4821
t2,564,1,2,9777,9273,504,8656,1121
t2,565,2,4,14244,153,14091,8876,5368
t2,566,3,1,6439,30,6409,3351,3088
t2,567,4,2,10752,9478,1274,3230,7522
t2,568,1,2,9966,9459,507,3501,6465
t2,569,2,4,13310,216,13094,4916,8394
t2,570,3,4,7232,28,7204,3941,3291
t2,571,4,2,10800,9311,1489,1519,9281
t2,572,1,2,10078,9594,484,1552,8526
t2,573,2,4,12269,244,12025,287,11982
t2,574,3,4,8044,30,8014,4643,3401
t2,575,4,2,10958,9046,1912,1725,9233
t2,576,1,2,10342,9852,490,1658,8684
t2,577,2,4,10852,274,10578,298,10554
t2,578,3,4,9074,29,9045,5776,3298
t2,579,4,2,11022,8797,2225,1919,9103
t2,580,1,2,10452,9975,477,1679,8773
t2,581,2,4,9879,387,9492,375,9504
t2,582,3,4,9734,18,9716,6353,3381
t2,583,4,2,10567,7913,2654,2064,8503
t2,584,1,2,11211,10759,452,2257,8954
t2,585,2,4,9786,561,9225,514,9272
t2,586,3,4,9300,18,9282,5964,3336
t2,587,4,2,8783,5471,3312,2325,6458
t2,588,1,2,13071,12643,428,4328,8743
t2,589,2,4,10204,1097,9107,1029,9175
t2,590,3,4,8716,7,8709,5265,3451
t2,591,4,1,6550,2478,4072,2843,3707
t2,592,1,2,12756,12431,325,7078,5678
t2,593,2,4,10858,4264,6594,4242,6616
t2,594,3,4,10699,0,10699,6864,3835
t2,595,4,1,4969,193,4776,3309,1660
t2,596,1,2,10745,10735,10,9138,1607
t2,597,2,2,8804,8287,517,8556,248
t2,598,3,4,16759,1,16758,12040,4719
t2,599,4,1,4912,42,4870,3335,1577
t2,600,1,2,10861,10711,150,9182,1679
t2,601,2,2,8959,8448,511,8608,351
t2,602,3,4,16392,21,16371,10584,5808
t2,603,4,1,5080,43,5037,3284,1796
t2,604,1,2,10830,10520,310,9129,1701
t2,605,2,2,9094,8581,513,8735,359
t2,606,3,4,16018,53,15965,9669,6349
t2,607,4,1,5440,44,5396,3316,2124
t2,608,1,2,10800,10290,510,8817,1983
t2,609,2,2,9329,8820,509,8885,444
t2,610,3,4,15584,81,15503,9322,6262
t2,611,4,1,5545,41,5504,3291,2254
t2,612,1,2,10794,9996,798,7818,2976
t2,613,2,2,9539,9032,507,8936,603
t2,614,3,4,15190,111,15079,9273,5917
t2,615,4,1,5845,33,5812,3341,2504
t2,616,1,2,10714,9761,953,6132,4582
t2,617,2,2,9754,9269,485,8697,1057
t2,618,3,4,14586,142,14444,9158,5428
t2,619,4,1,6226,39,6187,3324,2902
t2,620,1,2,10797,9491,1306,3580,7217
t2,621,2,2,10012,9512,500,3111,6901
t2,622,3,4,12862,187,12675,1473,11389
t2,623,4,4,7536,35,7501,4228,3308
t2,624,1,2,10802,9164,1638,1565,9237
t2,625,2,2,10233,9752,481,1597,8636
t2,626,3,4,11111,293,10818,308,10803
t2,627,4,4,9031,28,9003,5611,3420
t2,628,1,2,10904,8916,1988,1739,9165
t2,629,2,2,10430,9963,467,1694,8736
t2,630,3,4,10111,356,9755,357,9754
t2,631,4,4,9589,16,9573,6271,3318
t2,632,1,2,10964,8405,2559,2068,8896
t2,633,2,2,10815,10351,464,1903,8912
t2,634,3,4,9762,431,9331,417,9345
t2,635,4,4,9699,14,9685,6396,3303
t2,636,1,2,10381,7585,2796,2149,8232
t2,637,2,2,11467,11017,450,2458,9009
t2,638,3,4,9830,606,9224,540,9290
t2,639,4,4,9388,13,9375,6050,3338
t2,640,1,2,9048,5615,3433,2474,6574
t2,641,2,2,12932,12519,413,4190,8742
t2,642,3,4,10219,1066,9153,1000,9219
t2,643,4,4,8743,8,8735,5359,3384
t2,644,1,1,7007,2921,4086,2824,4183
t2,645,2,2,12079,11761,318,6662,5417
t2,646,3,4,11090,4485,6605,4503,6587
t2,647,4,4,10682,0,10682,6835,3847
t2,648,1,1,5066,388,4678,3236,1830
t2,649,2,2,10508,10498,10,8960,1548
t2,650,3,2,8838,8315,523,8582,256
t2,651,4,4,16716,4,16712,11944,4772
t2,652,1,1,5005,48,4957,3266,1739
t2,653,2,2,10819,10676,143,9204,1615
t2,654,3,2,8939,8420,519,8648,291
t2,655,4,4,16358,29,16329,10559,5799
t2,656,1,1,5106,39,5067,3246,1860
t2,657,2,2,10855,10472,383,9159,1696
t2,658,3,2,9110,8597,513,8739,371
t2,659,4,4,16089,55,16034,9769,6320
t2,660,1,1,5301,35,5266,3402,1899
t2,661,2,2,10811,10276,535,8717,2094
t2,662,3,2,9347,8847,500,8888,459
t2,663,4,4,15407,80,15327,9282,6125
t2,664,1,1,5705,36,5669,3372,2333
t2,665,2,2,10704,9832,872,6912,3792
t2,666,3,2,9744,9243,501,8833,911
t2,667,4,4,14581,131,14450,9177,5404
t2,668,1,1,6252,33,6219,3386,2866
t2,669,2,2,10676,9564,1112,3888,6788
t2,670,3,2,9886,9404,482,5465,4421
t2,671,4,4,13523,190,13333,6397,7126
t2,672,1,4,7082,25,7057,3696,3386
t2,673,2,2,10835,9366,1469,1723,9112
t2,674,3,2,10070,9584,486,1562,8508
t2,675,4,4,12041,231,11810,258,11783
t2,676,1,4,8255,38,8217,4963,3292
t2,677,2,2,10867,9079,1788,1652,9215
t2,678,3,2,10277,9802,475,1641,8636
t2,679,4,4,11105,308,10797,337,10768
t2,680,1,4,9003,27,8976,5636,3367
t2,681,2,2,10892,8867,2025,1722,9170
t2,682,3,2,10446,9960,486,1676,8770
t2,683,4,4,10220,350,9870,355,9865
t2,684,1,4,9470,26,9444,6120,3350
t2,685,2,2,10948,8369,2579,2084,8864
t2,686,3,2,10858,10398,460,1941,8917
t2,687,4,4,9742,434,9308,399,9343
t2,688,1,4,9573,18,9555,6293,3280
t2,689,2,2,10397,7435,2962,2275,8122
t2,690,3,2,11594,11136,458,2611,8983
t2,691,4,4,9851,632,9219,565,9286
t2,692,1,4,9280,6,9274,5861,3419
t2,693,2,1,8664,5313,3351,2465,6199
t2,694,3,2,13162,12746,416,4460,8702
t2,695,4,4,10119,1155,8964,1098,9021
t2,696,1,4,8627,3,8624,5145,3482
t2,697,2,1,6439,2043,4396,3058,3381
t2,698,3,2,11817,11530,287,7450,4367
t2,699,4,2,10390,5609,4781,5627,4763
t2,700,1,4,12395,0,12395,8449,3946
t2,701,2,1,4814,46,4768,3257,1557
t2,702,3,2,10823,10766,57,9239,1584
t2,703,4,2,8898,8374,524,8608,290
t2,704,1,4,16547,16,16531,11086,5461
t2,705,2,1,5020,34,4986,3290,1730
t2,706,3,2,10849,10535,314,9152,1697
t2,707,4,2,9112,8608,504,8790,322
t2,708,1,4,16072,48,16024,9760,6312
t2,709,2,1,5327,36,5291,3249,2078
t2,710,3,2,10835,10271,564,8828,2007
t2,711,4,2,9337,8838,499,8925,412
t2,712,1,4,15693,81,15612,9334,6359
t2,713,2,1,5462,36,5426,3260,2202
t2,714,3,2,10795,10056,739,8092,2703
t2,715,4,2,9558,9052,506,8985,573
t2,716,1,4,15037,114,14923,9266,5771
t2,717,2,1,6076,40,6036,3448,2628
t2,718,3,2,10689,9758,931,6180,4509
t2,719,4,2,9759,9258,501,8570,1189
t2,720,1,4,14328,162,14166,9057,5271
t2,721,2,1,6399,34,6365,3461,2938
t2,722,3,2,10665,9467,1198,3292,7373
t2,723,4,2,10002,9504,498,4618,5384
t2,724,1,4,13387,192,13195,5587,7800
t2,725,2,4,7164,30,7134,3886,3278
t2,726,3,2,10798,9301,1497,1563,9235
t2,727,4,2,10074,9587,487,1527,8547
t2,728,1,4,12216,253,11963,293,11923
t2,729,2,4,8134,32,8102,4747,3387
t2,730,3,2,10883,9062,1821,1677,9206
t2,731,4,2,10297,9814,483,1611,8686
t2,732,1,4,10909,291,10618,299,10610
t2,733,2,4,9001,25,8976,5759,3242
t2,734,3,2,10887,8751,2136,1795,9092
t2,735,4,2,10559,10079,480,1725,8834
t2,736,1,4,10047,372,9675,360,9687
t2,737,2,4,9656,24,9632,6352,3304
t2,738,3,2,10829,8300,2529,1999,8830
t2,739,4,2,10905,10440,465,2002,8903
t2,740,1,4,9749,434,9315,414,9335
t2,741,2,4,9569,21,9548,6199,3370
t2,742,3,2,9898,6799,3099,2305,7593
t2,743,4,2,12177,11740,437,3211,8966
t2,744,1,4,9920,755,9165,674,9246
t2,745,2,4,8983,9,8974,5515,3468
t2,746,3,1,6947,3197,3750,2649,4298
t2,747,4,2,11496,11190,306,6381,5115
t2,748,1,4,11628,4805,6823,4777,6851
t2,749,2,4,10499,0,10499,6609,3890
t2,750,3,1,4777,49,4728,3235,1542
t2,751,4,2,10907,10883,24,9264,1643
t2,752,1,2,8850,8327,523,8535,315
t2,753,2,4,16668,5,16663,11889,4779
t2,754,3,1,5009,47,4962,3311,1698
t2,755,4,2,10832,10693,139,9201,1631
t2,756,1,2,8993,8474,519,8671,322
t2,757,2,4,16443,31,16412,10534,5909
t2,758,3,1,5097,41,5056,3215,1882
t2,759,4,2,10799,10475,324,9070,1729
t2,760,1,2,9178,8670,508,8802,376
t2,761,2,4,15958,43,15915,9602,6356
t2,762,3,1,5400,42,5358,3341,2059
t2,763,4,2,10790,10190,600,8693,2097
t2,764,1,2,9359,8840,519,8899,460
t2,765,2,4,15496,73,15423,9306,6190
t2,766,3,1,5553,33,5520,3278,2275
t2,767,4,2,10776,10022,754,7852,2924
t2,768,1,2,9533,9035,498,8969,564
t2,769,2,4,15082,115,14967,9280,5802
t2,770,3,1,5872,34,5838,3464,2408
t2,771,4,2,10719,9723,996,5902,4817
t2,772,1,2,9745,9247,498,8373,1372
t2,773,2,4,14400,163,14237,9094,5306
t2,774,3,1,6409,37,6372,3404,3005
t2,775,4,2,10776,9467,1309,3265,7511
t2,776,1,2,10011,9526,485,4043,5968
t2,777,2,4,13318,204,13114,4505,8813
t2,778,3,4,7122,33,7089,3911,3211
t2,779,4,2,10859,9267,1592,1619,9240
t2,780,1,2,10186,9687,499,1610,8576
t2,781,2,4,11630,235,11395,263,11367
t2,782,3,4,8586,26,8560,5317,3269
t2,783,4,2,10900,8947,1953,1698,9202
t2,784,1,2,10390,9915,475,1654,8736
t2,785,2,4,10167,312,9855,313,9854
t2,786,3,4,9506,24,9482,6197,3309
t2,787,4,2,10867,8269,2598,2074,8793
t2,788,1,2,10933,10470,463,2018,8915
t2,789,2,4,9754,446,9308,406,9348
t2,790,3,4,9581,18,9563,6302,3279
t2,791,4,2,10243,7347,2896,2185,8058
t2,792,1,2,11647,11207,440,2655,8992
t2,793,2,4,9813,583,9230,534,9279
t2,794,3,4,9271,14,9257,5949,3322
t2,795,4,1,8695,5225,3470,2480,6215
t2,796,1,2,13136,12722,414,4522,8614
t2,797,2,4,10297,1247,9050,1186,9111
t2,798,3,4,8805,7,8798,5318,3487
t2,799,4,1,6702,2649,4053,2772,3930
t2,800,1,2,11356,11084,272,6869,4487
t2,801,2,2,11167,5409,5758,5429,5738
t2,802,3,4,11477,0,11477,7483,3994
t2,803,4,1,4785,91,4694,3189,1596
t2,804,1,2,10787,10774,13,9210,1577
t2,805,2,2,8774,8277,497,8527,247
t2,806,3,4,16588,3,16585,11544,5044
t2,807,4,1,5169,37,5132,3372,1797
t2,808,1,2,10799,10655,144,9153,1646
t2,809,2,2,8987,8463,524,8649,338
t2,810,3,4,16349,21,16328,10576,5773
t2,811,4,1,5137,42,5095,3303,1834
t2,812,1,2,10856,10522,334,9101,1755
t2,813,2,2,9151,8639,512,8762,389
t2,814,3,4,16049,43,16006,9743,6306
t2,815,4,1,5286,39,5247,3344,1942
t2,816,1,2,10767,10197,570,8704,2063
t2,817,2,2,9397,8889,508,8957,440
t2,818,3,4,15578,76,15502,9317,6261
t2,819,4,1,5694,32,5662,3319,2375
t2,820,1,2,10739,9984,755,7877,2862
t2,821,2,2,9587,9088,499,9005,582
t2,822,3,4,14972,131,14841,9269,5703
t2,823,4,1,5905,34,5871,3351,2554
t2,824,1,2,10753,9639,1114,4861,5892
t2,825,2,2,9874,9367,507,5793,4081
t2,826,3,4,13488,164,13324,6528,6960
t2,827,4,4,7032,32,7000,3775,3257
t2,828,1,2,10828,9265,1563,1586,9242
t2,829,2,2,10173,9676,497,1580,8593
t2,830,3,4,12031,216,11815,249,11782
t2,831,4,4,8084,30,8054,4776,3308
t2,832,1,2,10999,9039,1960,1810,9189
t2,833,2,2,10258,9778,480,1590,8668
t2,834,3,4,10958,297,10661,315,10643
t2,835,4,4,9030,27,9003,5736,3294
t2,836,1,2,10920,8841,2079,1805,9115
t2,837,2,2,10426,9950,476,1637,8789
t2,838,3,4,10088,354,9734,350,9738
t2,839,4,4,9640,23,9617,6300,3340
t2,840,1,2,10821,8244,2577,2038,8783
t2,841,2,2,10973,10504,469,2021,8952
t2,842,3,4,9788,472,9316,438,9350
t2,843,4,4,9534,15,9519,6304,3230
t2,844,1,2,10164,7176,2988,2219,7945
t2,845,2,2,11866,11423,443,2857,9009
t2,846,3,4,9869,653,9216,593,9276
t2,847,4,4,9185,12,9173,5785,3400
t2,848,1,1,8668,5186,3482,2530,6138
t2,849,2,2,13235,12818,417,4589,8646
t2,850,3,4,10000,1162,8838,1100,8900
t2,851,4,4,8852,4,8848,5316,3536
t2,852,1,1,6216,2027,4189,2897,3319
t2,853,2,2,11206,10963,243,7464,3742
t2,854,3,2,11708,6242,5466,6285,5423
t2,855,4,4,11751,0,11751,7823,3928
t2,856,1,1,4794,55,4739,3257,1537
t2,857,2,2,10813,10798,15,9259,1554
t2,858,3,2,8832,8315,517,8561,271
t2,859,4,4,16707,4,16703,11810,4897
t2,860,1,1,5090,41,5049,3408,1682
t2,861,2,2,10913,10732,181,9185,1728
t2,862,3,2,8995,8490,505,8672,323
t2,863,4,4,16150,30,16120,9908,6242
t2,864,1,1,5293,44,5249,3295,1998
t2,865,2,2,10777,10303,474,8842,1935
t2,866,3,2,9306,8797,509,8896,410
t2,867,4,4,15624,75,15549,9320,6304
t2,868,1,1,5475,37,5438,3190,2285
t2,869,2,2,10730,9969,761,7781,2949
t2,870,3,2,9599,9091,508,8983,616
t2,871,4,4,14910,113,14797,9259,5651
t2,872,1,1,6051,33,6018,3449,2602
t2,873,2,2,10788,9712,1076,5826,4962
t2,874,3,2,9792,9291,501,8463,1329
t2,875,4,4,14208,165,14043,8954,5254
t2,876,1,1,6435,38,6397,3514,2921
t2,877,2,2,10840,9490,1350,3384,7456
t2,878,3,2,9968,9477,491,3828,6140
t2,879,4,4,13461,211,13250,5288,8173
t2,880,1,4,7050,31,7019,3804,3246
t2,881,2,2,10769,9264,1505,1492,9277
t2,882,3,2,10099,9608,491,1552,8547
t2,883,4,4,11970,250,11720,284,11686
t2,884,1,4,8310,33,8277,4882,3428
t2,885,2,2,11014,9050,1964,1789,9225
t2,886,3,2,10349,9874,475,1650,8699
t2,887,4,4,10691,307,10384,307,10384
t2,888,1,4,9195,29,9166,5864,3331
t2,889,2,2,10950,8731,2219,1861,9089
t2,890,3,2,10509,10030,479,1710,8799
t2,891,4,4,9907,383,9524,373,9534
t2,892,1,4,9759,18,9741,6464,3295
t2,893,2,2,10736,8119,2617,2036,8700
t2,894,3,2,11044,10577,467,2068,8976
t2,895,4,4,9739,496,9243,437,9302
t2,896,1,4,9459,18,9441,6125,3334
t2,897,2,2,9974,6800,3174,2327,7647
t2,898,3,2,12118,11681,437,3158,8960
t2,899,4,4,9914,687,9227,653,9261
t2,900,1,4,9102,11,9091,5707,3395
t2,901,2,1,7761,4104,3657,2595,5166
t2,902,3,2,12688,12309,379,5571,7117
t2,903,4,4,10209,2805,7404,2733,7476
t2,904,1,4,9875,1,9874,6166,3709
t2,905,2,1,4890,155,4735,3307,1583
t2,906,3,2,10790,10774,16,9165,1625
t2,907,4,2,8838,8328,510,8573,265
t2,908,1,4,16566,6,16560,11525,5041
t2,909,2,1,5089,47,5042,3326,1763
t2,910,3,2,10827,10599,228,9207,1620
t2,911,4,2,9022,8512,510,8697,325
t2,912,1,4,16279,36,16243,10291,5988
t2,913,2,1,5137,38,5099,3265,1872
t2,914,3,2,10803,10439,364,9051,1752
t2,915,4,2,9197,8684,513,8803,394
t2,916,1,4,15873,75,15798,9474,6399
t2,917,2,1,5507,38,5469,3327,2180
t2,918,3,2,10841,10196,645,8556,2285
t2,919,4,2,9378,8877,501,8914,464
t2,920,1,4,15501,94,15407,9295,6206
t2,921,2,1,5507,39,5468,3304,2203
t2,922,3,2,10763,9960,803,7522,3241
t2,923,4,2,9582,9074,508,8959,623
t2,924,1,4,15105,141,14964,9276,5829
t2,925,2,1,5852,36,5816,3282,2570
t2,926,3,2,10688,9651,1037,5437,5251
t2,927,4,2,9833,9332,501,7907,1926
t2,928,1,4,14022,173,13849,8571,5451
t2,929,2,1,6705,33,6672,3648,3057
t2,930,3,2,10743,9481,1262,2790,7953
t2,931,4,2,9997,9510,487,1989,8008
t2,932,1,4,13026,197,12829,2998,10028
t2,933,2,4,7359,32,7327,4044,3315
t2,934,3,2,10800,9193,1607,1568,9232
t2,935,4,2,10201,9737,464,1671,8530
t2,936,1,4,11518,275,11243,303,11215
t2,937,2,4,8645,25,8620,5290,3355
t2,938,3,2,10994,8964,2030,1807,9187
t2,939,4,2,10401,9918,483,1697,8704
t2,940,1,4,10445,327,10118,341,10104
t2,941,2,4,9373,29,9344,6031,3342
t2,942,3,2,10905,8507,2398,1920,8985
t2,943,4,2,10757,10282,475,1846,8911
t2,944,1,4,9703,411,9292,377,9326
t2,945,2,4,9728,20,9708,6343,3385
t2,946,3,2,9946,7112,2834,2135,7811
t2,947,4,2,11849,11405,444,2913,8936
t2,948,1,4,9933,727,9206,663,9270
t2,949,2,4,9057,10,9047,5575,3482
t2,950,3,1,7678,4056,3622,2513,5165
t2,951,4,2,13392,13008,384,5632,7760
t2,952,1,4,10585,2152,8433,2102,8483
t2,953,2,4,9002,2,9000,5396,3606
t2,954,3,1,6004,1538,4466,3129,2875
t2,955,4,2,10093,9969,124,7900,2193
t2,956,1,2,8694,7722,972,7879,815
t2,957,2,4,16351,0,16351,11935,4416
t2,958,3,1,4814,37,4777,3258,1556
t2,959,4,2,10860,10795,65,9239,1621
t2,960,1,2,8868,8365,503,8589,279
t2,961,2,4,16485,8,16477,11046,5439
t2,962,3,1,5101,37,5064,3335,1766
t2,963,4,2,10815,10539,276,9156,1659
t2,964,1,2,9052,8529,523,8728,324
t2,965,2,4,16176,34,16142,10049,6127
t2,966,3,1,5226,45,5181,3279,1947
t2,967,4,2,10831,10405,426,9056,1775
t2,968,1,2,9215,8700,515,8850,365
t2,969,2,4,15896,70,15826,9488,6408
t2,970,3,1,5397,36,5361,3329,2068
t2,971,4,2,10739,10144,595,8466,2273
t2,972,1,2,9423,8934,489,8950,473
t2,973,2,4,15372,97,15275,9290,6082
t2,974,3,1,5719,38,5681,3343,2376
t2,975,4,2,10703,9845,858,7240,3463
t2,976,1,2,9720,9223,497,8937,783
t2,977,2,4,14773,133,14640,9255,5518
t2,978,3,1,6020,38,5982,3430,2590
t2,979,4,2,10719,9668,1051,5248,5471
t2,980,1,2,9858,9360,498,7630,2228
t2,981,2,4,13730,148,13582,7900,5830
t2,982,3,4,6908,31,6877,3841,3067
t2,983,4,2,10728,9321,1407,1599,9129
t2,984,1,2,10141,9647,494,1589,8552
t2,985,2,4,12060,243,11817,271,11789
t2,986,3,4,8179,25,8154,4889,3290
t2,987,4,2,10865,8986,1879,1671,9194
t2,988,1,2,10327,9849,478,1608,8719
t2,989,2,4,10546,308,10238,325,10221
t2,990,3,4,9265,23,9242,6053,3212
t2,991,4,2,10930,8599,2331,1903,9027
t2,992,1,2,10656,10181,475,1804,8852
t2,993,2,4,9870,409,9461,378,9492
t2,994,3,4,9718,18,9700,6358,3360
t2,995,4,2,10650,7927,2723,2085,8565
t2,996,1,2,11210,10754,456,2227,8983
t2,997,2,4,9774,528,9246,506,9268
t2,998,3,4,9426,14,9412,6088,3338
t2,999,4,2,9632,6430,3202,2353,7279
t2,1000,1,2,12409,11971,438,3448,8961
t2,1001,2,4,9949,755,9194,699,9250
t2,1002,3,4,8932,10,8922,5419,3513
t2,1003,4,1,7412,3664,3748,2654,4758
t2,1004,1,2,13568,13196,372,5972,7596
t2,1005,2,4,10337,2305,8032,2239,8098
t2,1006,3,4,9372,1,9371,5685,3687
t2,1007,4,1,5611,991,4620,3187,2424
t2,1008,1,2,10286,10201,85,8423,1863
t2,1009,2,2,9412,8001,1411,8212,1200
t2,1010,3,4,15938,0,15938,11619,4319
t2,1011,4,1,4794,47,4747,3141,1653
t2,1012,1,2,10832,10749,83,9244,1588
t2,1013,2,2,8891,8384,507,8598,293
t2,1014,3,4,16517,21,16496,11102,5415
t2,1015,4,1,5087,42,5045,3361,1726
t2,1016,1,2,10871,10579,292,9155,1716
t2,1017,2,2,9075,8556,519,8732,343
t2,1018,3,4,16210,40,16170,9983,6227
t2,1019,4,1,5233,34,5199,3246,1987
t2,1020,1,2,10851,10389,462,8979,1872
t2,1021,2,2,9253,8742,511,8839,414
t2,1022,3,4,15719,69,15650,9358,6361
t2,1023,4,1,5510,39,5471,3324,2186
t2,1024,1,2,10711,10026,685,7850,2861
t2,1025,2,2,9578,9063,515,8958,620
t2,1026,3,4,14898,115,14783,9268,5630
t2,1027,4,1,6021,37,5984,3387,2634
t2,1028,1,2,10775,9562,1213,4643,6132
t2,1029,2,2,9969,9469,500,6870,3099
t2,1030,3,4,13857,169,13688,7619,6238
t2,1031,4,1,6721,30,6691,3491,3230
t2,1032,1,2,10763,9374,1389,2262,8501
t2,1033,2,2,10084,9587,497,1703,8381
t2,1034,3,4,12764,213,12551,638,12126
t2,1035,4,4,7752,33,7719,4363,3389
t2,1036,1,2,10777,9130,1647,1564,9213
t2,1037,2,2,10236,9751,485,1614,8622
t2,1038,3,4,11253,296,10957,318,10935
t2,1039,4,4,8902,28,8874,5527,3375
t2,1040,1,2,10910,8882,2028,1745,9165
t2,1041,2,2,10392,9907,485,1646,8746
t2,1042,3,4,10298,331,9967,339,9959
t2,1043,4,4,9393,25,9368,6117,3276
t2,1044,1,2,10948,8535,2413,1966,8982
t2,1045,2,2,10722,10260,462,1835,8887
t2,1046,3,4,9759,420,9339,394,9365
t2,1047,4,4,9648,18,9630,6349,3299
t2,1048,1,2,10528,7648,2880,2204,8324
t2,1049,2,2,11401,10943,458,2410,8991
t2,1050,3,4,9801,575,9226,517,9284
t2,1051,4,4,9385,18,9367,5926,3459
t2,1052,1,2,9298,6035,3263,2392,6906
t2,1053,2,2,12711,12285,426,3775,8936
t2,1054,3,4,10062,866,9196,805,9257
t2,1055,4,4,8895,9,8886,5445,3450
t2,1056,1,1,6963,3091,3872,2677,4286
t2,1057,2,2,13325,12962,363,6504,6821
t2,1058,3,4,10669,3171,7498,3115,7554
t2,1059,4,4,9824,1,9823,6049,3775
t2,1060,1,1,5242,575,4667,3257,1985
t2,1061,2,2,10394,10372,22,8786,1608
t2,1062,3,2,8798,8265,533,8522,276
t2,1063,4,4,16608,5,16603,11671,4937
t2,1064,1,1,5029,48,4981,3323,1706
t2,1065,2,2,10808,10592,216,9163,1645
t2,1066,3,2,9024,8513,511,8691,333
t2,1067,4,4,16197,38,16159,10057,6140
t2,1068,1,1,5226,47,5179,3298,1928
t2,1069,2,2,10801,10312,489,8927,1874
t2,1070,3,2,9249,8749,500,8853,396
t2,1071,4,4,15746,70,15676,9384,6362
t2,1072,1,1,5507,39,5468,3292,2215
t2,1073,2,2,10775,10096,679,8412,2363
t2,1074,3,2,9482,8976,506,8977,505
t2,1075,4,4,15285,89,15196,9274,6011
t2,1076,1,1,5716,37,5679,3360,2356
t2,1077,2,2,10788,9845,943,7095,3693
t2,1078,3,2,9660,9158,502,8879,781
t2,1079,4,4,14820,123,14697,9268,5552
t2,1080,1,1,5968,33,5935,3302,2666
t2,1081,2,2,10687,9569,1118,4494,6193
t2,1082,3,2,9928,9433,495,6910,3018
t2,1083,4,4,13696,174,13522,7578,6118
t2,1084,1,4,6897,34,6863,3676,3221
t2,1085,2,2,10892,9368,1524,2260,8632
t2,1086,3,2,10068,9583,485,1565,8503
t2,1087,4,4,12505,229,12276,349,12156
t2,1088,1,4,7837,31,7806,4521,3316
t2,1089,2,2,10847,9120,1727,1634,9213
t2,1090,3,2,10266,9791,475,1648,8618
t2,1091,4,4,11038,286,10752,312,10726
t2,1092,1,4,9052,29,9023,5672,3380
t2,1093,2,2,10949,8898,2051,1787,9162
t2,1094,3,2,10370,9896,474,1600,8770
t2,1095,4,4,10242,358,9884,348,9894
t2,1096,1,4,9468,18,9450,6202,3266
t2,1097,2,2,10935,8424,2511,2034,8901
t2,1098,3,2,10774,10305,469,1899,8875
t2,1099,4,4,9849,447,9402,418,9431
t2,1100,1,4,9606,20,9586,6362,3244
t2,1101,2,2,10328,7595,2733,2126,8202
t2,1102,3,2,11511,11061,450,2541,8970
t2,1103,4,4,9838,634,9204,573,9265
t2,1104,1,4,9217,10,9207,5719,3498
t2,1105,2,1,7875,4344,3531,2487,5388
t2,1106,3,2,12725,12334,391,5341,7384
t2,1107,4,4,10413,2534,7879,2485,7928
t2,1108,1,4,9453,2,9451,5760,3693
t2,1109,2,1,5321,788,4533,3132,2189
t2,1110,3,2,10336,10250,86,8610,1726
t2,1111,4,2,8639,8135,504,8328,311
t2,1112,1,4,16717,0,16717,11962,4755
t2,1113,2,1,4875,48,4827,3263,1612
t2,1114,3,2,10850,10716,134,9228,1622
t2,1115,4,2,8898,8387,511,8585,313
t2,1116,1,4,16467,24,16443,10765,5702
t2,1117,2,1,5192,39,5153,3390,1802
t2,1118,3,2,10824,10563,261,9113,1711
t2,1119,4,2,9051,8543,508,8703,348
t2,1120,1,4,16149,31,16118,9972,6177
t2,1121,2,1,5192,47,5145,3276,1916
t2,1122,3,2,10819,10299,520,8916,1903
t2,1123,4,2,9314,8814,500,8889,425
t2,1124,1,4,15802,81,15721,9385,6417
t2,1125,2,1,5492,34,5458,3277,2215
t2,1126,3,2,10732,10070,662,8281,2451
t2,1127,4,2,9472,8971,501,8970,502
t2,1128,1,4,15168,110,15058,9264,5904
t2,1129,2,1,5861,37,5824,3365,2496
t2,1130,3,2,10702,9782,920,6646,4056
t2,1131,4,2,9713,9221,492,8732,981
t2,1132,1,4,14560,123,14437,9164,5396
t2,1133,2,1,6158,33,6125,3334,2824
t2,1134,3,2,10748,9550,1198,4092,6656
t2,1135,4,2,9915,9430,485,6304,3611
t2,1136,1,4,13473,164,13309,5942,7531
t2,1137,2,4,7020,27,6993,3735,3285
t2,1138,3,2,10816,9296,1520,1573,9243
t2,1139,4,2,10131,9647,484,1632,8499
t2,1140,1,4,12265,254,12011,292,11973
t2,1141,2,4,8007,24,7983,4687,3320
t2,1142,3,2,10860,9036,1824,1643,9217
t2,1143,4,2,10283,9795,488,1576,8707
t2,1144,1,4,10446,305,10141,303,10143
t2,1145,2,4,9393,25,9368,6125,3268
t2,1146,3,2,10883,8535,2348,1934,8949
t2,1147,4,2,10732,10259,473,1837,8895
t2,1148,1,4,9753,452,9301,411,9342
t2,1149,2,4,9593,18,9575,6267,3326
t2,1150,3,2,10330,7360,2970,2274,8056
t2,1151,4,2,11682,11227,455,2710,8972
t2,1152,1,4,9863,635,9228,584,9279
t2,1153,2,4,9114,10,9104,5789,3325
t2,1154,3,2,8929,5441,3488,2541,6388
t2,1155,4,2,13030,12617,413,4333,8697
t2,1156,1,4,10010,1104,8906,1046,8964
t2,1157,2,4,8910,6,8904,5250,3660
t2,1158,3,1,6375,2314,4061,2832,3543
t2,1159,4,2,11259,10995,264,7193,4066
t2,1160,1,2,11841,5849,5992,5897,5944
t2,1161,2,4,11289,1,11288,7414,3875
t2,1162,3,1,4917,92,4825,3244,1673
t2,1163,4,2,10813,10802,11,9193,1620
t2,1164,1,2,8824,8300,524,8570,254
t2,1165,2,4,16725,2,16723,11899,4826
t2,1166,3,1,4961,45,4916,3190,1771
t2,1167,4,2,10877,10703,174,9180,1697
t2,1168,1,2,8927,8429,498,8599,328
t2,1169,2,4,16382,24,16358,10452,5930
t2,1170,3,1,5162,45,5117,3301,1861
t2,1171,4,2,10828,10488,340,9094,1734
t2,1172,1,2,9146,8638,508,8791,355
t2,1173,2,4,15941,38,15903,9634,6307
t2,1174,3,1,5392,42,5350,3421,1971
t2,1175,4,2,10756,10225,531,8685,2071
t2,1176,1,2,9354,8839,515,8933,421
t2,1177,2,4,15587,80,15507,9306,6281
t2,1178,3,1,5535,30,5505,3318,2217
t2,1179,4,2,10717,9961,756,7773,2944
t2,1180,1,2,9557,9062,495,8956,601
t2,1181,2,4,14980,134,14846,9275,5705
t2,1182,3,1,6069,36,6033,3511,2558
t2,1183,4,2,10679,9708,971,5181,5498
t2,1184,1,2,9819,9320,499,7051,2768
t2,1185,2,4,13739,159,13580,7429,6310
t2,1186,3,1,6757,36,6721,3572,3185
t2,1187,4,2,10731,9263,1468,1509,9222
t2,1188,1,2,10177,9692,485,1617,8560
t2,1189,2,4,11962,238,11724,284,11678
t2,1190,3,4,8298,33,8265,4994,3304
t2,1191,4,2,10855,9036,1819,1629,9226
t2,1192,1,2,10307,9837,470,1606,8701
t2,1193,2,4,10622,336,10286,337,10285
t2,1194,3,4,9298,26,9272,5912,3386
t2,1195,4,2,11036,8739,2297,1902,9134
t2,1196,1,2,10532,10055,477,1700,8832
t2,1197,2,4,9945,429,9516,403,9542
t2,1198,3,4,9704,20,9684,6392,3312
t2,1199,4,2,10677,8147,2530,2017,8660
t2,1200,1,2,11023,10552,471,2046,8977
t2,1201,2,4,9705,456,9249,424,9281
t2,1202,3,4,9495,23,9472,6117,3378
t2,1203,4,2,9695,6622,3073,2290,7405
t2,1204,1,2,12337,11891,446,3333,9004
t2,1205,2,4,9884,667,9217,619,9265
t2,1206,3,4,9016,9,9007,5569,3447
t2,1207,4,1,8337,4643,3694,2607,5730
t2,1208,1,2,13372,12977,395,5069,8303
t2,1209,2,4,10397,1534,8863,1485,8912
t2,1210,3,4,8878,3,8875,5366,3512
t2,1211,4,1,5542,1393,4149,2894,2648
t2,1212,1,2,10208,10066,142,8053,2155
t2,1213,2,2,9730,7724,2006,7862,1868
t2,1214,3,4,15353,0,15353,11085,4268
t2,1215,4,1,4806,41,4765,3160,1646
t2,1216,1,2,10850,10810,40,9243,1607
t2,1217,2,2,8876,8366,510,8605,271
t2,1218,3,4,16532,10,16522,11284,5248
t2,1219,4,1,5028,47,4981,3296,1732
t2,1220,1,2,10853,10597,256,9200,1653
t2,1221,2,2,9018,8517,501,8677,341
t2,1222,3,4,16176,22,16154,10069,6107
t2,1223,4,1,5244,38,5206,3373,1871
t2,1224,1,2,10816,10359,457,8966,1850
t2,1225,2,2,9325,8825,500,8887,438
t2,1226,3,4,15718,74,15644,9343,6375
t2,1227,4,1,5549,42,5507,3292,2257
t2,1228,1,2,10752,9992,760,7735,3017
t2,1229,2,2,9633,9136,497,8979,654
t2,1230,3,4,14920,98,14822,9257,5663
t2,1231,4,1,5995,33,5962,3433,2562
t2,1232,1,2,10762,9656,1106,5346,5416
t2,1233,2,2,9839,9353,486,7947,1892
t2,1234,3,4,14100,156,13944,8612,5488
t2,1235,4,1,6602,31,6571,3521,3081
t2,1236,1,2,10755,9462,1293,2826,7929
t2,1237,2,2,9985,9493,492,1818,8167
t2,1238,3,4,12863,230,12633,1285,11578
t2,1239,4,4,7545,29,7516,4219,3326
t2,1240,1,2,10884,9199,1685,1654,9230
t2,1241,2,2,10201,9710,491,1612,8589
t2,1242,3,4,11558,275,11283,287,11271
t2,1243,4,4,8521,29,8492,5248,3273
t2,1244,1,2,10899,8951,1948,1737,9162
t2,1245,2,2,10365,9882,483,1655,8710
t2,1246,3,4,10373,323,10050,323,10050
t2,1247,4,4,9419,23,9396,6140,3279
t2,1248,1,2,11094,8653,2441,2026,9068
t2,1249,2,2,10609,10132,477,1745,8864
t2,1250,3,4,9904,397,9507,385,9519
t2,1251,4,4,9649,22,9627,6370,3279
t2,1252,1,2,10627,7921,2706,2061,8566
t2,1253,2,2,11202,10749,453,2233,8969
t2,1254,3,4,9749,486,9263,450,9299
t2,1255,4,4,9480,12,9468,6151,3329
t2,1256,1,2,9490,6417,3073,2195,7295
t2,1257,2,2,12458,12020,438,3521,8937
t2,1258,3,4,9961,758,9203,712,9249
t2,1259,4,4,8951,8,8943,5426,3525
t2,1260,1,1,8139,4374,3765,2726,5413
t2,1261,2,2,12939,12537,402,5312,7627
t2,1262,3,4,9840,2329,7511,2249,7591
t2,1263,4,4,9739,0,9739,6059,3680
t2,1264,1,1,4884,197,4687,3265,1619
t2,1265,2,2,10730,10720,10,9135,1595
t2,1266,3,2,8765,8258,507,8524,241
t2,1267,4,4,16640,8,16632,11600,5040
t2,1268,1,1,4908,34,4874,3259,1649
t2,1269,2,2,10827,10608,219,9172,1655
t2,1270,3,2,9034,8538,496,8724,310
t2,1271,4,4,16141,29,16112,10169,5972
t2,1272,1,1,5307,43,5264,3339,1968
t2,1273,2,2,10874,10476,398,9037,1837
t2,1274,3,2,9211,8699,512,8821,390
t2,1275,4,4,15916,51,15865,9529,6387
t2,1276,1,1,5330,35,5295,3361,1969
t2,1277,2,2,10740,10152,588,8513,2227
t2,1278,3,2,9424,8922,502,8923,501
t2,1279,4,4,15540,77,15463,9291,6249
t2,1280,1,1,5585,33,5552,3281,2304
t2,1281,2,2,10668,9910,758,7391,3277
t2,1282,3,2,9684,9182,502,9002,682
t2,1283,4,4,14857,121,14736,9257,5600
t2,1284,1,1,6021,37,5984,3351,2670
t2,1285,2,2,10759,9685,1074,5512,5247
t2,1286,3,2,9806,9316,490,7991,1815
t2,1287,4,4,13867,177,13690,8044,5823
t2,1288,1,1,6713,28,6685,3572,3141
t2,1289,2,2,10747,9400,1347,2350,8397
t2,1290,3,2,10036,9544,492,1897,8139
t2,1291,4,4,12666,193,12473,767,11899
t2,1292,1,4,7841,31,7810,4385,3456
t2,1293,2,2,10797,9216,1581,1532,9265
t2,1294,3,2,10196,9706,490,1612,8584
t2,1295,4,4,11694,257,11437,289,11405
t2,1296,1,4,8453,27,8426,5056,3397
t2,1297,2,2,10869,8919,1950,1701,9168
t2,1298,3,2,10400,9917,483,1707,8693
t2,1299,4,4,10496,322,10174,342,10154
t2,1300,1,4,9319,27,9292,6096,3223
t2,1301,2,2,10950,8567,2383,1930,9020
t2,1302,3,2,10664,10194,470,1835,8829
t2,1303,4,4,9806,463,9343,421,9385
t2,1304,1,4,9774,23,9751,6418,3356
t2,1305,2,2,10190,7358,2832,2102,8088
t2,1306,3,2,11631,11169,462,2673,8958
t2,1307,4,4,9878,672,9206,624,9254
t2,1308,1,4,9023,13,9010,5670,3353
t2,1309,2,1,8136,4568,3568,2511,5625
t2,1310,3,2,13536,13138,398,5145,8391
t2,1311,4,4,10138,1448,8690,1421,8717
t2,1312,1,4,8922,3,8919,5203,3719
t2,1313,2,1,5698,1445,4253,3015,2683
t2,1314,3,2,11036,10847,189,8038,2998
t2,1315,4,2,10468,6845,3623,6965,3503
t2,1316,1,4,13603,0,13603,9466,4137
t2,1317,2,1,4877,43,4834,3266,1611
t2,1318,3,2,10878,10851,27,9242,1636
t2,1319,4,2,8778,8263,515,8529,249
t2,1320,1,4,16590,11,16579,11602,4988
t2,1321,2,1,5024,44,4980,3252,1772
t2,1322,3,2,10793,10557,236,9206,1587
t2,1323,4,2,9060,8550,510,8704,356
t2,1324,1,4,16288,19,16269,10174,6114
t2,1325,2,1,5190,41,5149,3240,1950
t2,1326,3,2,10826,10421,405,9064,1762
t2,1327,4,2,9185,8670,515,8794,391
t2,1328,1,4,15836,66,15770,9500,6336
t2,1329,2,1,5497,36,5461,3327,2170
t2,1330,3,2,10752,10198,554,8569,2183
t2,1331,4,2,9373,8862,511,8935,438
t2,1332,1,4,15413,100,15313,9286,6127
t2,1333,2,1,5656,36,5620,3285,2371
t2,1334,3,2,10693,9897,796,7279,3414
t2,1335,4,2,9633,9116,517,8966,667
t2,1336,1,4,14951,118,14833,9261,5690
t2,1337,2,1,5971,35,5936,3325,2646
t2,1338,3,2,10729,9674,1055,5381,5348
t2,1339,4,2,9802,9315,487,8130,1672
t2,1340,1,4,14145,153,13992,8846,5299
t2,1341,2,1,6400,28,6372,3397,3003
t2,1342,3,2,10768,9415,1353,2568,8200
t2,1343,4,2,10104,9602,502,1677,8427
t2,1344,1,4,12434,226,12208,265,12169
t2,1345,2,4,7929,28,7901,4629,3300
t2,1346,3,2,10779,9074,1705,1599,9180
t2,1347,4,2,10328,9845,483,1635,8693
t2,1348,1,4,10726,290,10436,284,10442
t2,1349,2,4,9199,26,9173,5841,3358
t2,1350,3,2,10919,8685,2234,1874,9045
t2,1351,4,2,10633,10156,477,1835,8798
t2,1352,1,4,9943,387,9556,371,9572
t2,1353,2,4,9673,22,9651,6390,3283
t2,1354,3,2,10816,8191,2625,2060,8756
t2,1355,4,2,10950,10492,458,2025,8925
t2,1356,1,4,9765,491,9274,467,9298
t2,1357,2,4,9562,15,9547,6226,3336
t2,1358,3,2,10127,7049,3078,2328,7799
t2,1359,4,2,11952,11500,452,2972,8980
t2,1360,1,4,9911,701,9210,626,9285
t2,1361,2,4,9153,10,9143,5754,3399
t2,1362,3,1,8373,4840,3533,2544,5829
t2,1363,4,2,13231,12824,407,4861,8370
t2,1364,1,4,10500,1529,8971,1483,9017
t2,1365,2,4,8708,4,8704,5232,3476
t2,1366,3,1,5909,1710,4199,2942,2967
t2,1367,4,2,10977,10764,213,7773,3204
t2,1368,1,2,10422,6704,3718,6780,3642
t2,1369,2,4,13539,0,13539,9390,4149
t2,1370,3,1,4926,42,4884,3381,1545
t2,1371,4,2,10858,10841,17,9251,1607
t2,1372,1,2,8828,8322,506,8543,285
t2,1373,2,4,16578,9,16569,11474,5104
t2,1374,3,1,5010,38,4972,3249,1761
t2,1375,4,2,10757,10564,193,9155,1602
t2,1376,1,2,8991,8492,499,8681,310
t2,1377,2,4,16225,41,16184,10127,6098
t2,1378,3,1,5225,45,5180,3315,1910
t2,1379,4,2,10807,10415,392,9076,1731
t2,1380,1,2,9214,8702,512,8808,406
t2,1381,2,4,15879,53,15826,9509,6370
t2,1382,3,1,5428,38,5390,3298,2130
t2,1383,4,2,10726,10079,647,8512,2214
t2,1384,1,2,9515,9010,505,8990,525
t2,1385,2,4,15280,100,15180,9266,6014
t2,1386,3,1,5594,31,5563,3333,2261
t2,1387,4,2,10738,9745,993,6116,4622
t2,1388,1,2,9758,9263,495,8352,1406
t2,1389,2,4,14100,162,13938,8830,5270
t2,1390,3,1,6609,38,6571,3525,3084
t2,1391,4,2,10784,9474,1310,2970,7814
t2,1392,1,2,10058,9554,504,2533,7525
t2,1393,2,4,13018,192,12826,2817,10201
t2,1394,3,4,7390,30,7360,4025,3365
t2,1395,4,2,10873,9235,1638,1610,9263
t2,1396,1,2,10153,9676,477,1566,8587
t2,1397,2,4,11548,237,11311,263,11285
t2,1398,3,4,8590,27,8563,5324,3266
t2,1399,4,2,10791,8952,1839,1616,9175
t2,1400,1,2,10327,9851,476,1610,8717
t2,1401,2,4,10677,311,10366,330,10347
t2,1402,3,4,9264,25,9239,5870,3394
t2,1403,4,2,10924,8643,2281,1904,9020
t2,1404,1,2,10606,10131,475,1796,8810
t2,1405,2,4,9972,381,9591,363,9609
t2,1406,3,4,9600,18,9582,6253,3347
t2,1407,4,2,10695,7973,2722,2066,8629
t2,1408,1,2,11151,10693,458,2169,8982
t2,1409,2,4,9775,516,9259,472,9303
t2,1410,3,4,9561,18,9543,6241,3320
t2,1411,4,2,9766,6791,2975,2224,7542
t2,1412,1,2,12124,11684,440,3154,8970
t2,1413,2,4,9934,737,9197,689,9245
t2,1414,3,4,9033,9,9024,5548,3485
t2,1415,4,1,8032,4345,3687,2598,5434
t2,1416,1,2,13394,13020,374,5343,8051
t2,1417,2,4,10305,1876,8429,1837,8468
t2,1418,3,4,9089,2,9087,5464,3625
t2,1419,4,1,5546,1239,4307,3041,2505
t2,1420,1,2,10720,10563,157,8204,2516
t2,1421,2,2,8710,7389,1321,7491,1219
t2,1422,3,4,15918,0,15918,11620,4298
t2,1423,4,1,4884,46,4838,3320,1564
t2,1424,1,2,10822,10740,82,9220,1602
t2,1425,2,2,8954,8440,514,8635,319
t2,1426,3,4,16399,19,16380,10639,5760
t2,1427,4,1,5213,42,5171,3307,1906
t2,1428,1,2,10847,10477,370,9067,1780
t2,1429,2,2,9208,8693,515,8811,397
t2,1430,3,4,15945,46,15899,9552,6393
t2,1431,4,1,5354,39,5315,3266,2088
t2,1432,1,2,10800,10185,615,8577,2223
t2,1433,2,2,9398,8895,503,8923,475
t2,1434,3,4,15393,72,15321,9282,6111
t2,1435,4,1,5802,34,5768,3474,2328
t2,1436,1,2,10675,9930,745,7438,3237
t2,1437,2,2,9682,9179,503,8952,730
t2,1438,3,4,14715,97,14618,9233,5482
t2,1439,4,1,6088,31,6057,3465,2623
t2,1440,1,2,10707,9654,1053,5215,5492
t2,1441,2,2,9870,9366,504,7787,2083
t2,1442,3,4,13850,144,13706,8118,5732
t2,1443,4,1,6798,36,6762,3546,3252
t2,1444,1,2,10722,9386,1336,2193,8529
t2,1445,2,2,10030,9532,498,1820,8210
t2,1446,3,4,12870,232,12638,1055,11815
t2,1447,4,4,7480,30,7450,4218,3262
t2,1448,1,2,10884,9205,1679,1641,9243
t2,1449,2,2,10178,9705,473,1600,8578
t2,1450,3,4,11664,253,11411,290,11374
t2,1451,4,4,8467,24,8443,5177,3290
t2,1452,1,2,10961,8936,2025,1813,9148
t2,1453,2,2,10394,9912,482,1663,8731
t2,1454,3,4,10495,331,10164,334,10161
t2,1455,4,4,9378,26,9352,5986,3392
t2,1456,1,2,10897,8650,2247,1867,9030
t2,1457,2,2,10617,10148,469,1786,8831
t2,1458,3,4,9885,415,9470,392,9493
t2,1459,4,4,9679,18,9661,6324,3355
t2,1460,1,2,10766,8015,2751,2179,8587
t2,1461,2,2,11139,10674,465,2180,8959
t2,1462,3,4,9744,509,9235,467,9277
t2,1463,4,4,9310,14,9296,5985,3325
t2,1464,1,2,9187,5928,3259,2426,6761
t2,1465,2,2,12583,12165,418,3928,8655
t2,1466,3,4,10126,1198,8928,1106,9020
t2,1467,4,4,8791,7,8784,5293,3498
t2,1468,1,1,5929,1726,4203,2980,2949
t2,1469,2,2,10078,9916,162,7729,2349
t2,1470,3,2,11238,7545,3693,7695,3543
t2,1471,4,4,13537,0,13537,9290,4247
t2,1472,1,1,5001,42,4959,3344,1657
t2,1473,2,2,10879,10806,73,9258,1621
t2,1474,3,2,8839,8327,512,8563,276
t2,1475,4,4,16516,8,16508,11255,5261
t2,1476,1,1,5082,49,5033,3271,1811
t2,1477,2,2,10804,10576,228,9162,1642
t2,1478,3,2,9013,8517,496,8704,309
t2,1479,4,4,16245,25,16220,10143,6102
t2,1480,1,1,5280,42,5238,3303,1977
t2,1481,2,2,10784,10384,400,9015,1769
t2,1482,3,2,9219,8712,507,8838,381
t2,1483,4,4,15818,62,15756,9449,6369
t2,1484,1,1,5371,44,5327,3242,2129
t2,1485,2,2,10760,10131,629,8498,2262
t2,1486,3,2,9400,8906,494,8948,452
t2,1487,4,4,15363,76,15287,9260,6103
t2,1488,1,1,5612,32,5580,3289,2323
t2,1489,2,2,10779,9897,882,7272,3507
t2,1490,3,2,9639,9139,500,8923,716
t2,1491,4,4,14753,139,14614,9268,5485
t2,1492,1,1,6199,35,6164,3534,2665
t2,1493,2,2,10703,9617,1086,4976,5727
t2,1494,3,2,9836,9343,493,7399,2437
t2,1495,4,4,13974,163,13811,8512,5462
t2,1496,1,1,6566,30,6536,3529,3037
t2,1497,2,2,10742,9367,1375,2015,8727
t2,1498,3,2,10086,9600,486,1723,8363
t2,1499,4,4,12822,207,12615,930,11892
t2,1500,1,4,7527,36,7491,4307,3220
t2,1501,2,2,10898,9207,1691,1635,9263
t2,1502,3,2,10160,9672,488,1549,8611
t2,1503,4,4,11180,274,10906,296,10884
t2,1504,1,4,8936,24,8912,5543,3393
t2,1505,2,2,10887,8815,2072,1744,9143
t2,1506,3,2,10480,10001,479,1662,8818
t2,1507,4,4,9989,394,9595,372,9617
t2,1508,1,4,9559,19,9540,6340,3219
t2,1509,2,2,10531,7882,2649,2044,8487
t2,1510,3,2,11221,10762,459,2238,8983
t2,1511,4,4,9779,524,9255,485,9294
t2,1512,1,4,9475,17,9458,6065,3410
t2,1513,2,2,9730,6584,3146,2313,7417
t2,1514,3,2,12296,11854,442,3346,8950
t2,1515,4,4,9923,721,9202,662,9261
t2,1516,1,4,8987,7,8980,5566,3421
t2,1517,2,1,7733,4076,3657,2600,5133
t2,1518,3,2,13308,12927,381,5588,7720
t2,1519,4,4,10572,2221,8351,2165,8407
t2,1520,1,4,9234,4,9230,5615,3619
t2,1521,2,1,5710,1388,4322,3002,2708
t2,1522,3,2,9776,9703,73,8029,1747
t2,1523,4,2,9694,8115,1579,8302,1392
t2,1524,1,4,15698,0,15698,11413,4285
t2,1525,2,1,4942,38,4904,3267,1675
t2,1526,3,2,10826,10755,71,9244,1582
t2,1527,4,2,8869,8362,507,8591,278
t2,1528,1,4,16501,13,16488,10910,5591
t2,1529,2,1,5049,39,5010,3273,1776
t2,1530,3,2,10787,10524,263,9131,1656
t2,1531,4,2,9086,8562,524,8716,370
t2,1532,1,4,16248,34,16214,10035,6213
t2,1533,2,1,5135,40,5095,3161,1974
t2,1534,3,2,10731,10346,385,8950,1781
t2,1535,4,2,9219,8711,508,8831,388
t2,1536,1,4,15831,48,15783,9454,6377
t2,1537,2,1,5401,37,5364,3348,2053
t2,1538,3,2,10735,10073,662,8336,2399
t2,1539,4,2,9512,9005,507,9025,487
t2,1540,1,4,15393,118,15275,9309,6084
t2,1541,2,1,5637,36,5601,3288,2349
t2,1542,3,2,10695,9832,863,6998,3697
t2,1543,4,2,9709,9204,505,8822,887
t2,1544,1,4,14495,168,14327,9165,5330
t2,1545,2,1,6318,34,6284,3505,2813
t2,1546,3,2,10709,9521,1188,3331,7378
t2,1547,4,2,9967,9465,502,2759,7208
t2,1548,1,4,13065,212,12853,3345,9720
t2,1549,2,4,7325,35,7290,4008,3317
t2,1550,3,2,10832,9223,1609,1572,9260
t2,1551,4,2,10177,9695,482,1585,8592
t2,1552,1,4,11537,245,11292,274,11263
t2,1553,2,4,8557,31,8526,5283,3274
t2,1554,3,2,10931,9010,1921,1730,9201
t2,1555,4,2,10307,9824,483,1605,8702
t2,1556,1,4,10524,330,10194,327,10197
t2,1557,2,4,9396,22,9374,6085,3311
t2,1558,3,2,10967,8626,2341,1907,9060
t2,1559,4,2,10642,10169,473,1821,8821
t2,1560,1,4,9984,389,9595,377,9607
t2,1561,2,4,9515,19,9496,6272,3243
t2,1562,3,2,10607,7867,2740,2120,8487
t2,1563,4,2,11216,10752,464,2229,8987
t2,1564,1,4,9785,527,9258,473,9312
t2,1565,2,4,9489,14,9475,6136,3353
t2,1566,3,2,9637,6658,2979,2227,7410
t2,1567,4,2,12254,11802,452,3259,8995
t2,1568,1,4,9946,758,9188,680,9266
t2,1569,2,4,8949,10,8939,5429,3520
t2,1570,3,1,8050,4311,3739,2651,5399
t2,1571,4,2,13328,12933,395,5337,7991
t2,1572,1,4,9937,1897,8040,1842,8095
t2,1573,2,4,9358,1,9357,5902,3456
t2,1574,3,1,5492,1020,4472,3122,2370
t2,1575,4,2,10297,10196,101,8404,1893
t2,1576,1,2,10203,8028,2175,8215,1988
t2,1577,2,4,15142,0,15142,10833,4309
t2,1578,3,1,4881,44,4837,3265,1616
t2,1579,4,2,10843,10784,59,9265,1578
t2,1580,1,2,8872,8362,510,8573,299
t2,1581,2,4,16505,5,16500,11339,5166
t2,1582,3,1,5073,39,5034,3364,1709
t2,1583,4,2,10865,10601,264,9148,1717
t2,1584,1,2,9043,8533,510,8726,317
t2,1585,2,4,16029,51,15978,9707,6322
t2,1586,3,1,5257,41,5216,3299,1958
t2,1587,4,2,10769,10172,597,8652,2117
t2,1588,1,2,9420,8916,504,8908,512
t2,1589,2,4,15397,95,15302,9273,6124
t2,1590,3,1,5712,38,5674,3294,2418
t2,1591,4,2,10764,9929,835,7132,3632
t2,1592,1,2,9633,9131,502,8936,697
t2,1593,2,4,14654,127,14527,9220,5434
t2,1594,3,1,6189,36,6153,3351,2838
t2,1595,4,2,10714,9615,1099,4823,5891
t2,1596,1,2,9885,9387,498,7176,2709
t2,1597,2,4,13825,158,13667,7682,6143
t2,1598,3,1,6703,34,6669,3500,3203
t2,1599,4,2,10743,9384,1359,2093,8650
t2,1600,1,2,10029,9524,505,1606,8423
t2,1601,2,4,12730,212,12518,817,11913
t2,1602,3,4,7656,34,7622,4310,3346
t2,1603,4,2,10822,9151,1671,1600,9222
t2,1604,1,2,10250,9755,495,1632,8618
t2,1605,2,4,11507,261,11246,294,11213
t2,1606,3,4,8589,25,8564,5238,3351
t2,1607,4,2,10966,8902,2064,1785,9181
t2,1608,1,2,10397,9917,480,1657,8740
t2,1609,2,4,10302,375,9927,362,9940
t2,1610,3,4,9579,21,9558,6315,3264
t2,1611,4,2,10833,8561,2272,1884,8949
t2,1612,1,2,10726,10256,470,1830,8896
t2,1613,2,4,9796,422,9374,408,9388
t2,1614,3,4,9670,21,9649,6274,3396
t2,1615,4,2,10626,7754,2872,2261,8365
t2,1616,1,2,11321,10868,453,2363,8958
t2,1617,2,4,9802,569,9233,519,9283
t2,1618,3,4,9243,12,9231,5889,3354
t2,1619,4,2,8978,5709,3269,2327,6651
t2,1620,1,2,12967,12548,419,4097,8870
t2,1621,2,4,10005,840,9165,784,9221
t2,1622,3,4,8820,9,8811,5378,3442
t2,1623,4,1,6688,2771,3917,2768,3920
t2,1624,1,2,10345,10113,232,6770,3575
t2,1625,2,2,9137,6286,2851,6373,2764
t2,1626,3,4,14268,0,14268,10209,4059
t2,1627,4,1,4991,48,4943,3394,1597
t2,1628,1,2,10884,10813,71,9245,1639
t2,1629,2,2,8909,8397,512,8613,296
t2,1630,3,4,16456,19,16437,10788,5668
t2,1631,4,1,4983,38,4945,3189,1794
t2,1632,1,2,10815,10535,280,9141,1674
t2,1633,2,2,9080,8573,507,8759,321
t2,1634,3,4,16037,35,16002,9776,6261
t2,1635,4,1,5362,32,5330,3411,1951
t2,1636,1,2,10809,10346,463,8899,1910
t2,1637,2,2,9261,8760,501,8863,398
t2,1638,3,4,15592,85,15507,9347,6245
t2,1639,4,1,5616,36,5580,3308,2308
t2,1640,1,2,10714,9981,733,8106,2608
t2,1641,2,2,9557,9057,500,9040,517
t2,1642,3,4,15205,91,15114,9265,5940
t2,1643,4,1,5838,40,5798,3355,2483
t2,1644,1,2,10726,9830,896,6706,4020
t2,1645,2,2,9735,9232,503,8859,876
t2,1646,3,4,14543,129,14414,9227,5316
t2,1647,4,1,6296,31,6265,3486,2810
t2,1648,1,2,10716,9568,1148,4067,6649
t2,1649,2,2,9958,9459,499,5598,4360
t2,1650,3,4,13591,191,13400,6888,6703
t2,1651,4,4,6904,29,6875,3717,3187
t2,1652,1,2,10823,9328,1495,1736,9087
t2,1653,2,2,10104,9616,488,1554,8550
t2,1654,3,4,12380,223,12157,271,12109
t2,1655,4,4,7896,28,7868,4562,3334
t2,1656,1,2,10892,9093,1799,1688,9204
t2,1657,2,2,10260,9776,484,1620,8640
t2,1658,3,4,10948,302,10646,332,10616
t2,1659,4,4,9060,20,9040,5695,3365
t2,1660,1,2,10971,8874,2097,1806,9165
t2,1661,2,2,10373,9905,468,1617,8756
t2,1662,3,4,10100,353,9747,364,9736
t2,1663,4,4,9509,18,9491,6194,3315
t2,1664,1,2,10891,8281,2610,2081,8810
t2,1665,2,2,10943,10471,472,1989,8954
t2,1666,3,4,9710,467,9243,432,9278
t2,1667,4,4,9553,19,9534,6165,3388
t2,1668,1,2,9309,6170,3139,2272,7037
t2,1669,2,2,12467,12045,422,3680,8787
t2,1670,3,4,10171,1023,9148,955,9216
t2,1671,4,4,8806,9,8797,5339,3467
t2,1672,1,1,6702,2702,4000,2744,3958
t2,1673,2,2,12462,12149,313,6856,5606
t2,1674,3,4,10900,4349,6551,4354,6546
t2,1675,4,4,10750,1,10749,6987,3763
t2,1676,1,1,4980,289,4691,3258,1722
t2,1677,2,2,10619,10603,16,9035,1584
t2,1678,3,2,8855,8341,514,8566,289
t2,1679,4,4,16740,1,16739,12037,4703
t2,1680,1,1,4940,32,4908,3306,1634
t2,1681,2,2,10863,10720,143,9191,1672
t2,1682,3,2,8926,8407,519,8625,301
t2,1683,4,4,16250,24,16226,10457,5793
t2,1684,1,1,5213,34,5179,3402,1811
t2,1685,2,2,10826,10446,380,9122,1704
t2,1686,3,2,9153,8636,517,8776,377
t2,1687,4,4,16043,43,16000,9693,6350
t2,1688,1,1,5342,46,5296,3326,2016
t2,1689,2,2,10761,10271,490,8829,1932
t2,1690,3,2,9302,8800,502,8880,422
t2,1691,4,4,15691,88,15603,9362,6329
t2,1692,1,1,5500,31,5469,3225,2275
t2,1693,2,2,10828,10034,794,7882,2946
t2,1694,3,2,9533,9030,503,8916,617
t2,1695,4,4,15163,120,15043,9288,5875
t2,1696,1,1,5664,37,5627,3297,2367
t2,1697,2,2,10720,9755,965,6222,4498
t2,1698,3,2,9742,9238,504,8552,1190
t2,1699,4,4,14370,158,14212,9058,5312
t2,1700,1,1,6411,32,6379,3524,2887
t2,1701,2,2,10728,9560,1168,3691,7037
t2,1702,3,2,9925,9425,500,4810,5115
t2,1703,4,4,13193,212,12981,4324,8869
t2,1704,1,4,7289,36,7253,3972,3317
t2,1705,2,2,10801,9172,1629,1584,9217
t2,1706,3,2,10256,9775,481,1629,8627
t2,1707,4,4,11258,244,11014,274,10984
t2,1708,1,4,8767,24,8743,5483,3284
t2,1709,2,2,10939,8786,2153,1787,9152
t2,1710,3,2,10503,10025,478,1715,8788
t2,1711,4,4,10038,363,9675,362,9676
t2,1712,1,4,9706,22,9684,6316,3390
t2,1713,2,2,10723,8148,2575,2040,8683
t2,1714,3,2,11025,10566,459,2069,8956
t2,1715,4,4,9774,476,9298,464,9310
t2,1716,1,4,9578,14,9564,6189,3389
t2,1717,2,2,9927,6984,2943,2189,7738
t2,1718,3,2,11960,11511,449,2984,8976
t2,1719,4,4,9885,681,9204,621,9264
t2,1720,1,4,9122,13,9109,5785,3337
t2,1721,2,1,8541,5012,3529,2605,5936
t2,1722,3,2,12944,12540,404,4755,8189
t2,1723,4,4,10458,1638,8820,1585,8873
t2,1724,1,4,8763,4,8759,5293,3470
t2,1725,2,1,6038,1755,4283,3069,2969
t2,1726,3,2,11292,11060,232,7756,3536
t2,1727,4,2,9044,6358,2686,6414,2630
t2,1728,1,4,14452,1,14451,10241,4211
t2,1729,2,1,4792,43,4749,3213,1579
t2,1730,3,2,10819,10782,37,9232,1587
t2,1731,4,2,8864,8344,520,8577,287
t2,1732,1,4,16596,11,16585,11684,4912
t2,1733,2,1,5031,32,4999,3317,1714
t2,1734,3,2,10845,10649,196,9198,1647
t2,1735,4,2,8977,8465,512,8669,308
t2,1736,1,4,16337,24,16313,10428,5909
t2,1737,2,1,5191,39,5152,3320,1871
t2,1738,3,2,10868,10428,440,9050,1818
t2,1739,4,2,9188,8678,510,8834,354
t2,1740,1,4,15879,47,15832,9561,6318
t2,1741,2,1,5321,36,5285,3264,2057
t2,1742,3,2,10787,10214,573,8690,2097
t2,1743,4,2,9392,8878,514,8895,497
t2,1744,1,4,15382,93,15289,9273,6109
t2,1745,2,1,5688,31,5657,3257,2431
t2,1746,3,2,10720,9869,851,6928,3792
t2,1747,4,2,9705,9210,495,8742,963
t2,1748,1,4,14467,144,14323,9147,5320
t2,1749,2,1,6234,32,6202,3361,2873
t2,1750,3,2,10722,9463,1259,3073,7649
t2,1751,4,2,9974,9480,494,4053,5921
t2,1752,1,4,13270,217,13053,4675,8595
t2,1753,2,4,7107,35,7072,3875,3232
t2,1754,3,2,10840,9289,1551,1565,9275
t2,1755,4,2,10068,9587,481,1484,8584
t2,1756,1,4,12171,216,11955,252,11919
t2,1757,2,4,8174,26,8148,4858,3316
t2,1758,3,2,10912,9083,1829,1701,9211
t2,1759,4,2,10309,9822,487,1633,8676
t2,1760,1,4,10845,296,10549,312,10533
t2,1761,2,4,9046,22,9024,5770,3276
t2,1762,3,2,10959,8718,2241,1894,9065
t2,1763,4,2,10560,10082,478,1734,8826
t2,1764,1,4,10050,416,9634,391,9659
t2,1765,2,4,9630,18,9612,6301,3329
t2,1766,3,2,10737,8211,2526,2045,8692
t2,1767,4,2,10986,10525,461,2085,8901
t2,1768,1,4,9737,482,9255,443,9294
t2,1769,2,4,9490,16,9474,6176,3314
t2,1770,3,2,10114,6961,3153,2390,7724
t2,1771,4,2,11995,11558,437,2988,9007
t2,1772,1,4,9870,650,9220,597,9273
t2,1773,2,4,9128,10,9118,5714,3414
t2,1774,3,1,8276,4726,3550,2442,5834
t2,1775,4,2,13284,12875,409,4955,8329
t2,1776,1,4,10530,1548,8982,1521,9009
t2,1777,2,4,8738,3,8735,5204,3534
t2,1778,3,1,5874,1574,4300,3035,2839
t2,1779,4,2,10890,10692,198,7864,3026
t2,1780,1,2,10921,6932,3989,7002,3919
t2,1781,2,4,13184,0,13184,9176,4008
t2,1782,3,1,4912,45,4867,3310,1602
t2,1783,4,2,10872,10838,34,9240,1632
t2,1784,1,2,8895,8375,520,8609,286
t2,1785,2,4,16500,11,16489,11073,5427
t2,1786,3,1,5096,43,5053,3317,1779
t2,1787,4,2,10833,10569,264,9126,1707
t2,1788,1,2,9120,8601,519,8757,363
t2,1789,2,4,16033,70,15963,9673,6360
t2,1790,3,1,5418,35,5383,3343,2075
t2,1791,4,2,10777,10225,552,8753,2024
t2,1792,1,2,9365,8859,506,8935,430
t2,1793,2,4,15526,88,15438,9318,6208
t2,1794,3,1,5600,30,5570,3235,2365
t2,1795,4,2,10750,9995,755,7821,2929
t2,1796,1,2,9566,9062,504,8954,612
t2,1797,2,4,15016,112,14904,9257,5759
t2,1798,3,1,5887,39,5848,3477,2410
t2,1799,4,2,10777,9733,1044,6161,4616
t2,1800,1,2,9763,9260,503,8436,1327
t2,1801,2,4,14332,134,14198,9099,5233
t2,1802,3,1,6480,24,6456,3507,2973
t2,1803,4,2,10722,9476,1246,3003,7719
t2,1804,1,2,10018,9523,495,3987,6031
t2,1805,2,4,13271,185,13086,5011,8260
t2,1806,3,4,7163,27,7136,3834,3329
t2,1807,4,2,10828,9294,1534,1590,9238
t2,1808,1,2,10098,9601,497,1562,8536
t2,1809,2,4,11998,254,11744,280,11718
t2,1810,3,4,8276,30,8246,4982,3294
t2,1811,4,2,10801,9084,1717,1580,9221
t2,1812,1,2,10285,9808,477,1616,8669
t2,1813,2,4,10590,297,10293,295,10295
t2,1814,3,4,9351,22,9329,5994,3357
t2,1815,4,2,10919,8696,2223,1841,9078
t2,1816,1,2,10550,10072,478,1739,8811
t2,1817,2,4,10004,410,9594,386,9618
t2,1818,3,4,9624,24,9600,6257,3367
t2,1819,4,2,10681,8218,2463,1919,8762
t2,1820,1,2,10895,10432,463,1967,8928
t2,1821,2,4,9777,481,9296,438,9339
t2,1822,3,4,9628,12,9616,6258,3370
t2,1823,4,2,9968,6984,2984,2231,7737
t2,1824,1,2,11950,11512,438,2986,8964
t2,1825,2,4,9925,738,9187,674,9251
t2,1826,3,4,8824,7,8817,5413,3411
t2,1827,4,1,6877,3031,3846,2660,4217
t2,1828,1,2,11250,10968,282,6523,4727
t2,1829,2,2,10497,5218,5279,5230,5267
t2,1830,3,4,11900,0,11900,8009,3891
t2,1831,4,1,4835,60,4775,3292,1543
t2,1832,1,2,10846,10832,14,9286,1560
t2,1833,2,2,8816,8309,507,8538,278
t2,1834,3,4,16543,6,16537,11522,5021
t2,1835,4,1,5188,42,5146,3349,1839
t2,1836,1,2,10822,10641,181,9181,1641
t2,1837,2,2,8980,8476,504,8673,307
t2,1838,3,4,16257,26,16231,10305,5952
t2,1839,4,1,5231,39,5192,3396,1835
t2,1840,1,2,10816,10440,376,9066,1750
t2,1841,2,2,9200,8676,524,8827,373
t2,1842,3,4,16060,47,16013,9645,6415
t2,1843,4,1,5386,38,5348,3277,2109
t2,1844,1,2,10731,10219,512,8664,2067
t2,1845,2,2,9361,8853,508,8928,433
t2,1846,3,4,15583,85,15498,9305,6278
t2,1847,4,1,5634,39,5595,3247,2387
t2,1848,1,2,10748,9926,822,7668,3080
t2,1849,2,2,9614,9114,500,8948,666
t2,1850,3,4,14929,102,14827,9261,5668
t2,1851,4,1,5964,36,5928,3376,2588
t2,1852,1,2,10725,9740,985,5889,4836
t2,1853,2,2,9779,9287,492,8069,1710
t2,1854,3,4,14259,166,14093,8903,5356
t2,1855,4,1,6511,35,6476,3447,3064
t2,1856,1,2,10701,9446,1255,3002,7699
t2,1857,2,2,10002,9508,494,3906,6096
t2,1858,3,4,12983,204,12779,2123,10860
t2,1859,4,4,7431,36,7395,4095,3336
t2,1860,1,2,10882,9208,1674,1637,9245
t2,1861,2,2,10151,9669,482,1556,8595
t2,1862,3,4,11731,249,11482,275,11456
t2,1863,4,4,8425,26,8399,5133,3292
t2,1864,1,2,10934,8953,1981,1742,9192
t2,1865,2,2,10373,9891,482,1645,8728
t2,1866,3,4,10159,353,9806,343,9816
t2,1867,4,4,9566,21,9545,6291,3275
t2,1868,1,2,10849,8357,2492,2007,8842
t2,1869,2,2,10836,10370,466,1944,8892
t2,1870,3,4,9772,485,9287,444,9328
t2,1871,4,4,9526,15,9511,6138,3388
t2,1872,1,2,9903,6920,2983,2164,7739
t2,1873,2,2,12005,11558,447,3037,8968
t2,1874,3,4,9870,662,9208,609,9261
t2,1875,4,4,9132,10,9122,5626,3506
t2,1876,1,1,8521,4978,3543,2527,5994
t2,1877,2,2,13091,12678,413,4766,8325
t2,1878,3,4,10028,1527,8501,1437,8591
t2,1879,4,4,9074,2,9072,5487,3587
t2,1880,1,1,5920,1553,4367,3023,2897
t2,1881,2,2,10359,10193,166,7904,2455
t2,1882,3,2,10654,7440,3214,7557,3097
t2,1883,4,4,14053,0,14053,9929,4124
t2,1884,1,1,4851,39,4812,3210,1641
t2,1885,2,2,10815,10772,43,9247,1568
t2,1886,3,2,8864,8352,512,8590,274
t2,1887,4,4,16614,11,16603,11488,5126
t2,1888,1,1,5013,42,4971,3303,1710
t2,1889,2,2,10816,10593,223,9197,1619
t2,1890,3,2,9008,8500,508,8683,325
t2,1891,4,4,16194,30,16164,10256,5938
t2,1892,1,1,5284,39,5245,3404,1880
t2,1893,2,2,10830,10405,425,9075,1755
t2,1894,3,2,9173,8664,509,8829,344
t2,1895,4,4,15865,62,15803,9531,6334
t2,1896,1,1,5310,38,5272,3221,2089
t2,1897,2,2,10801,10175,626,8594,2207
t2,1898,3,2,9368,8869,499,8916,452
t2,1899,4,4,15474,91,15383,9294,6180
t2,1900,1,1,5651,31,5620,3292,2359
t2,1901,2,2,10758,9956,802,7453,3305
t2,1902,3,2,9629,9115,514,8937,692
t2,1903,4,4,14734,119,14615,9245,5489
t2,1904,1,1,6141,28,6113,3443,2698
t2,1905,2,2,10715,9634,1081,4696,6019
t2,1906,3,2,9864,9379,485,5934,3930
t2,1907,4,4,13565,178,13387,6548,7017
t2,1908,1,4,6852,32,6820,3646,3206
t2,1909,2,2,10833,9277,1556,1542,9291
t2,1910,3,2,10139,9650,489,1567,8572
t2,1911,4,4,11829,258,11571,282,11547
t2,1912,1,4,8366,31,8335,5020,3346
t2,1913,2,2,10937,8948,1989,1740,9197
t2,1914,3,2,10324,9842,482,1607,8717
t2,1915,4,4,10563,348,10215,356,10207
t2,1916,1,4,9401,28,9373,6025,3376
t2,1917,2,2,10823,8660,2163,1768,9055
t2,1918,3,2,10595,10132,463,1750,8845
t2,1919,4,4,9858,395,9463,379,9479
t2,1920,1,4,9743,20,9723,6433,3310
t2,1921,2,2,10675,8041,2634,2025,8650
t2,1922,3,2,11093,10626,467,2143,8950
t2,1923,4,4,9781,532,9249,497,9284
t2,1924,1,4,9394,17,9377,6015,3379
t2,1925,2,2,9601,6325,3276,2389,7212
t2,1926,3,2,12528,12076,452,3564,8964
t2,1927,4,4,9958,772,9186,703,9255
t2,1928,1,4,8942,11,8931,5539,3403
t2,1929,2,1,8181,4470,3711,2668,5513
t2,1930,3,2,13076,12673,403,5217,7859
t2,1931,4,4,10685,2051,8634,1982,8703
t2,1932,1,4,9042,2,9040,5391,3651
t2,1933,2,1,5261,1036,4225,2929,2332
t2,1934,3,2,10221,10119,102,8402,1819
t2,1935,4,2,10493,8027,2466,8208,2285
t2,1936,1,4,14739,0,14739,10514,4225
t2,1937,2,1,4978,43,4935,3324,1654
t2,1938,3,2,10819,10758,61,9227,1592
t2,1939,4,2,8909,8393,516,8603,306
t2,1940,1,4,16477,13,16464,11246,5231
t2,1941,2,1,4994,39,4955,3278,1716
t2,1942,3,2,10881,10635,246,9193,1688
t2,1943,4,2,9067,8556,511,8728,339
t2,1944,1,4,16169,34,16135,9996,6173
t2,1945,2,1,5241,41,5200,3355,1886
t2,1946,3,2,10830,10294,536,8857,1973
t2,1947,4,2,9330,8818,512,8909,421
t2,1948,1,4,15578,69,15509,9310,6268
t2,1949,2,1,5509,34,5475,3330,2179
t2,1950,3,2,10787,9947,840,7476,3311
t2,1951,4,2,9621,9130,491,8966,655
t2,1952,1,4,14888,136,14752,9273,5615
t2,1953,2,1,5996,35,5961,3395,2601
t2,1954,3,2,10698,9665,1033,5234,5464
t2,1955,4,2,9799,9305,494,7888,1911
t2,1956,1,4,13998,183,13815,8551,5447
t2,1957,2,1,6680,32,6648,3609,3071
t2,1958,3,2,10806,9407,1399,2523,8283
t2,1959,4,2,10038,9556,482,1753,8285
t2,1960,1,4,12995,203,12792,2155,10840
t2,1961,2,4,7387,32,7355,4042,3345
t2,1962,3,2,10819,9195,1624,1579,9240
t2,1963,4,2,10198,9718,480,1594,8604
t2,1964,1,4,11452,272,11180,290,11162
t2,1965,2,4,8678,24,8654,5406,3272
t2,1966,3,2,10988,8956,2032,1806,9182
t2,1967,4,2,10362,9876,486,1657,8705
t2,1968,1,4,10322,331,9991,327,9995
t2,1969,2,4,9532,18,9514,6121,3411
t2,1970,3,2,10948,8568,2380,1947,9001
t2,1971,4,2,10696,10214,482,1831,8865
t2,1972,1,4,9782,355,9427,331,9451
t2,1973,2,4,9664,21,9643,6419,3245
t2,1974,3,2,10682,7964,2718,2091,8591
t2,1975,4,2,11134,10675,459,2169,8965
t2,1976,1,4,9783,511,9272,501,9282
t2,1977,2,4,9543,17,9526,6155,3388
t2,1978,3,2,9598,6412,3186,2344,7254
t2,1979,4,2,12472,12039,433,3553,8919
t2,1980,1,4,9989,790,9199,728,9261
t2,1981,2,4,8965,7,8958,5475,3490
t2,1982,3,1,7891,4172,3719,2606,5285
t2,1983,4,2,12881,12507,374,5482,7399
t2,1984,1,4,9347,2534,6813,2490,6857
t2,1985,2,4,10480,0,10480,6844,3636
t2,1986,3,1,4771,86,4685,3235,1536
t2,1987,4,2,10840,10820,20,9227,1613
t2,1988,1,2,8843,8334,509,8534,309
t2,1989,2,4,16554,12,16542,11397,5157
t2,1990,3,1,5122,45,5077,3317,1805
t2,1991,4,2,10898,10626,272,9188,1710
t2,1992,1,2,9063,8538,525,8728,335
t2,1993,2,4,16137,28,16109,10034,6103
t2,1994,3,1,5324,38,5286,3311,2013
t2,1995,4,2,10765,10375,390,9003,1762
t2,1996,1,2,9203,8705,498,8798,405
t2,1997,2,4,15923,72,15851,9506,6417
t2,1998,3,1,5426,32,5394,3305,2121
t2,1999,4,2,10775,10162,613,8418,2357
t2,2000,1,2,9469,8971,498,8980,489
t2,2001,2,4,15339,78,15261,9272,6067
t2,2002,3,1,5760,35,5725,3343,2417
t2,2003,4,2,10762,9911,851,7162,3600
t2,2004,1,2,9685,9168,517,8936,749
t2,2005,2,4,14720,98,14622,9243,5477
t2,2006,3,1,5988,30,5958,3427,2561
t2,2007,4,2,10827,9686,1141,5228,5599
t2,2008,1,2,9838,9347,491,7484,2354
t2,2009,2,4,13785,181,13604,7552,6233
t2,2010,3,4,6907,33,6874,3688,3219
t2,2011,4,2,10770,9358,1412,2147,8623
t2,2012,1,2,10081,9590,491,1644,8437
t2,2013,2,4,12610,230,12380,391,12219
t2,2014,3,4,7768,25,7743,4436,3332
t2,2015,4,2,10893,9146,1747,1658,9235
t2,2016,1,2,10237,9760,477,1608,8629
t2,2017,2,4,11432,249,11183,267,11165
t2,2018,3,4,8614,21,8593,5295,3319
t2,2019,4,2,10908,8912,1996,1746,9162
t2,2020,1,2,10402,9923,479,1672,8730
t2,2021,2,4,10371,316,10055,335,10036
t2,2022,3,4,9449,22,9427,6130,3319
t2,2023,4,2,11037,8603,2434,2033,9004
t2,2024,1,2,10658,10190,468,1780,8878
t2,2025,2,4,9738,440,9298,392,9346
t2,2026,3,4,9597,18,9579,6340,3257
t2,2027,4,2,9976,7027,2949,2185,7791
t2,2028,1,2,11966,11513,453,2968,8998
t2,2029,2,4,9865,678,9187,601,9264
t2,2030,3,4,9020,8,9012,5545,3475
t2,2031,4,1,7816,4257,3559,2522,5294
t2,2032,1,2,13552,13165,387,5460,8092
t2,2033,2,4,9844,1769,8075,1717,8127
t2,2034,3,4,9363,1,9362,5654,3709
t2,2035,4,1,5741,1210,4531,3142,2599
t2,2036,1,2,10110,10008,102,8180,1930
t2,2037,2,2,9376,7963,1413,8132,1244
t2,2038,3,4,15838,0,15838,11485,4353
t2,2039,4,1,4861,36,4825,3223,1638
t2,2040,1,2,10808,10734,74,9226,1582
t2,2041,2,2,8885,8382,503,8590,295
t2,2042,3,4,16632,10,16622,11450,5182
t2,2043,4,1,4994,33,4961,3207,1787
t2,2044,1,2,10874,10602,272,9182,1692
t2,2045,2,2,9044,8531,513,8706,338
t2,2046,3,4,16160,35,16125,10039,6121
t2,2047,4,1,5327,31,5296,3266,2061
t2,2048,1,2,10854,10411,443,9028,1826
t2,2049,2,2,9275,8757,518,8865,410
t2,2050,3,4,15866,47,15819,9421,6445
t2,2051,4,1,5329,43,5286,3216,2113
t2,2052,1,2,10837,10193,644,8531,2306
t2,2053,2,2,9417,8918,499,8921,496
t2,2054,3,4,15390,102,15288,9286,6104
t2,2055,4,1,5694,40,5654,3248,2446
t2,2056,1,2,10715,9801,914,6897,3818
t2,2057,2,2,9699,9199,500,8918,781
t2,2058,3,4,14689,133,14556,9244,5445
t2,2059,4,1,6194,37,6157,3411,2783
t2,2060,1,2,10775,9623,1152,4967,5808
t2,2061,2,2,9878,9380,498,7625,2253
t2,2062,3,4,14075,171,13904,8447,5628
t2,2063,4,1,6566,33,6533,3367,3199
t2,2064,1,2,10764,9380,1384,1995,8769
t2,2065,2,2,10073,9589,484,1531,8542
t2,2066,3,4,12058,210,11848,244,11814
t2,2067,4,4,8198,25,8173,4879,3319
t2,2068,1,2,10833,9019,1814,1617,9216
t2,2069,2,2,10322,9843,479,1616,8706
t2,2070,3,4,10533,310,10223,313,10220
t2,2071,4,4,9214,22,9192,5985,3229
t2,2072,1,2,10974,8624,2350,1965,9009
t2,2073,2,2,10605,10141,464,1787,8818
t2,2074,3,4,9881,415,9466,375,9506
t2,2075,4,4,9578,22,9556,6336,3242
t2,2076,1,2,10741,7946,2795,2241,8500
t2,2077,2,2,11166,10707,459,2200,8966
t2,2078,3,4,9738,495,9243,460,9278
t2,2079,4,4,9370,14,9356,6063,3307
t2,2080,1,2,9616,6340,3276,2389,7227
t2,2081,2,2,12509,12075,434,3566,8943
t2,2082,3,4,9975,765,9210,725,9250
t2,2083,4,4,8986,9,8977,5596,3390
t2,2084,1,1,7744,4050,3694,2593,5151
t2,2085,2,2,13698,13300,398,5632,8066
t2,2086,3,4,10453,1806,8647,1757,8696
t2,2087,4,4,8937,1,8936,5320,3617
t2,2088,1,1,5283,883,4400,3076,2207
t2,2089,2,2,10444,10343,101,8506,1938
t2,2090,3,2,9266,7962,1304,8137,1129
t2,2091,4,4,15904,0,15904,11572,4332
t2,2092,1,1,4963,47,4916,3292,1671
t2,2093,2,2,10842,10775,67,9262,1580
t2,2094,3,2,8875,8355,520,8618,257
t2,2095,4,4,16594,10,16584,11179,5415
t2,2096,1,1,4981,43,4938,3244,1737
t2,2097,2,2,10832,10609,223,9148,1684
t2,2098,3,2,9043,8533,510,8728,315
t2,2099,4,4,16172,49,16123,9939,6233
t2,2100,1,1,5194,33,5161,3235,1959
t2,2101,2,2,10844,10357,487,8987,1857
t2,2102,3,2,9272,8759,513,8874,398
t2,2103,4,4,15824,84,15740,9438,6386
t2,2104,1,1,5451,42,5409,3317,2134
t2,2105,2,2,10765,10105,660,8180,2585
t2,2106,3,2,9546,9049,497,8972,574
t2,2107,4,4,15003,98,14905,9263,5740
t2,2108,1,1,5953,27,5926,3422,2531
t2,2109,2,2,10729,9679,1050,5262,5467
t2,2110,3,2,9834,9345,489,7612,2222
t2,2111,4,4,13750,180,13570,7707,6043
t2,2112,1,4,6896,33,6863,3600,3296
t2,2113,2,2,10747,9359,1388,1934,8813
t2,2114,3,2,10108,9609,499,1630,8478
t2,2115,4,4,12493,223,12270,360,12133
t2,2116,1,4,7727,32,7695,4459,3268
t2,2117,2,2,10935,9154,1781,1700,9235
t2,2118,3,2,10224,9736,488,1613,8611
t2,2119,4,4,11127,303,10824,324,10803
t2,2120,1,4,8918,26,8892,5612,3306
t2,2121,2,2,10939,8869,2070,1760,9179
t2,2122,3,2,10414,9940,474,1656,8758
t2,2123,4,4,10262,344,9918,321,9941
t2,2124,1,4,9524,19,9505,6218,3306
t2,2125,2,2,10904,8455,2449,1966,8938
t2,2126,3,2,10755,10294,461,1910,8845
t2,2127,4,4,9852,439,9413,412,9440
t2,2128,1,4,9619,11,9608,6373,3246
t2,2129,2,2,10507,7743,2764,2129,8378
t2,2130,3,2,11336,10882,454,2346,8990
t2,2131,4,4,9803,564,9239,513,9290
t2,2132,1,4,9313,15,9298,6005,3308
t2,2133,2,2,9163,5901,3262,2412,6751
t2,2134,3,2,12801,12377,424,3942,8859
t2,2135,4,4,10170,980,9190,924,9246
t2,2136,1,4,8768,11,8757,5265,3503
t2,2137,2,1,7213,3322,3891,2712,4501
t2,2138,3,2,12085,11766,319,6242,5843
t2,2139,4,4,11182,4092,7090,4088,7094
t2,2140,1,4,10192,0,10192,6512,3680
t2,2141,2,1,5015,251,4764,3278,1737
t2,2142,3,2,10703,10686,17,9105,1598
t2,2143,4,2,8790,8264,526,8507,283
t2,2144,1,4,16672,0,16672,11950,4722
t2,2145,2,1,5011,38,4973,3407,1604
t2,2146,3,2,10850,10694,156,9200,1650
t2,2147,4,2,8991,8482,509,8668,323
t2,2148,1,4,16290,37,16253,10189,6101
t2,2149,2,1,5142,37,5105,3245,1897
t2,2150,3,2,10752,10356,396,8893,1859
t2,2151,4,2,9230,8733,497,8873,357
t2,2152,1,4,15742,54,15688,9376,6366
t2,2153,2,1,5399,39,5360,3288,2111
t2,2154,3,2,10767,10049,718,8207,2560
t2,2155,4,2,9499,9001,498,8987,512
t2,2156,1,4,15198,99,15099,9258,5940
t2,2157,2,1,5882,34,5848,3401,2481
t2,2158,3,2,10723,9804,919,6765,3958
t2,2159,4,2,9736,9249,487,8731,1005
t2,2160,1,4,14591,126,14465,9208,5383
t2,2161,2,1,6115,33,6082,3392,2723
t2,2162,3,2,10743,9572,1171,4299,6444
t2,2163,4,2,9878,9391,487,6057,3821
t2,2164,1,4,13361,180,13181,5969,7392
t2,2165,2,4,7216,28,7188,3814,3402
t2,2166,3,2,10721,9277,1444,1508,9213
t2,2167,4,2,10129,9640,489,1575,8554
t2,2168,1,4,12361,257,12104,293,12068
t2,2169,2,4,7867,34,7833,4676,3191
t2,2170,3,2,10975,9123,1852,1728,9247
t2,2171,4,2,10254,9781,473,1606,8648
t2,2172,1,4,11187,281,10906,289,10898
t2,2173,2,4,8911,28,8883,5485,3426
t2,2174,3,2,10861,8801,2060,1722,9139
t2,2175,4,2,10502,10030,472,1715,8787
t2,2176,1,4,10167,365,9802,357,9810
t2,2177,2,4,9586,28,9558,6321,3265
t2,2178,3,2,10848,8370,2478,1973,8875
t2,2179,4,2,10872,10406,466,1966,8906
t2,2180,1,4,9760,442,9318,417,9343
t2,2181,2,4,9590,20,9570,6325,3265
t2,2182,3,2,10500,7532,2968,2284,8216
t2,2183,4,2,11493,11031,462,2464,9029
t2,2184,1,4,9817,586,9231,540,9277
t2,2185,2,4,9268,14,9254,5854,3414
t2,2186,3,1,8298,4849,3449,2465,5833
t2,2187,4,2,12941,12550,391,4860,8081
t2,2188,1,4,9916,1846,8070,1775,8141
t2,2189,2,4,9445,1,9444,5734,3711
t2,2190,3,1,5069,573,4496,3079,1990
t2,2191,4,2,10440,10434,6,8824,1616
t2,2192,1,2,8952,8260,692,8505,447
t2,2193,2,4,16568,0,16568,12048,4520
t2,2194,3,1,4877,41,4836,3258,1619
t2,2195,4,2,10857,10710,147,9250,1607
t2,2196,1,2,8925,8414,511,8628,297
t2,2197,2,4,16503,19,16484,10835,5668
t2,2198,3,1,5090,46,5044,3231,1859
t2,2199,4,2,10865,10560,305,9131,1734
t2,2200,1,2,9138,8623,515,8766,372
t2,2201,2,4,16082,42,16040,9837,6245
t2,2202,3,1,5318,45,5273,3277,2041
t2,2203,4,2,10746,10266,480,8879,1867
t2,2204,1,2,9330,8801,529,8938,392
t2,2205,2,4,15682,56,15626,9362,6320
t2,2206,3,1,5429,41,5388,3274,2155
t2,2207,4,2,10743,10037,706,8240,2503
t2,2208,1,2,9483,8977,506,8962,521
t2,2209,2,4,15112,89,15023,9265,5847
t2,2210,3,1,5929,37,5892,3466,2463
t2,2211,4,2,10724,9824,900,6480,4244
t2,2212,1,2,9696,9212,484,8707,989
t2,2213,2,4,14419,129,14290,9178,5241
t2,2214,3,1,6311,38,6273,3569,2742
t2,2215,4,2,10823,9588,1235,4229,6594
t2,2216,1,2,9912,9430,482,5841,4071
t2,2217,2,4,13868,204,13664,7677,6191
t2,2218,3,1,6753,28,6725,3574,3179
t2,2219,4,2,10765,9293,1472,1563,9202
t2,2220,1,2,10143,9661,482,1612,8531
t2,2221,2,4,12398,259,12139,295,12103
t2,2222,3,4,7952,31,7921,4603,3349
t2,2223,4,2,10893,9127,1766,1668,9225
t2,2224,1,2,10273,9795,478,1629,8644
t2,2225,2,4,10784,307,10477,316,10468
t2,2226,3,4,9178,27,9151,5838,3340
t2,2227,4,2,10902,8724,2178,1811,9091
t2,2228,1,2,10540,10069,471,1720,8820
t2,2229,2,4,9910,431,9479,398,9512
t2,2230,3,4,9648,23,9625,6331,3317
t2,2231,4,2,10423,7711,2712,2112,8311
t2,2232,1,2,11367,10912,455,2406,8961
t2,2233,2,4,9785,564,9221,488,9297
t2,2234,3,4,9389,12,9377,5985,3404
t2,2235,4,2,9669,6399,3270,2449,7220
t2,2236,1,2,12481,12042,439,3483,8998
t2,2237,2,4,9964,760,9204,704,9260
t2,2238,3,4,8811,9,8802,5481,3330
t2,2239,4,1,7470,3687,3783,2696,4774
t2,2240,1,2,12953,12588,365,5903,7050
t2,2241,2,4,10684,2903,7781,2853,7831
t2,2242,3,4,9713,1,9712,6030,3683
t2,2243,4,1,5422,863,4559,3163,2259
t2,2244,1,2,10126,10115,11,8501,1625
t2,2245,2,2,9020,8226,794,8481,539
t2,2246,3,4,16522,0,16522,11998,4524
t2,2247,4,1,4927,40,4887,3312,1615
t2,2248,1,2,10880,10767,113,9229,1651
t2,2249,2,2,8884,8365,519,8585,299
t2,2250,3,4,16471,13,16458,10806,5665
t2,2251,4,1,5110,45,5065,3362,1748
t2,2252,1,2,10816,10564,252,9111,1705
t2,2253,2,2,9083,8570,513,8744,339
t2,2254,3,4,16102,43,16059,9888,6214
t2,2255,4,1,5300,42,5258,3380,1920
t2,2256,1,2,10769,10317,452,8870,1899
t2,2257,2,2,9256,8748,508,8843,413
t2,2258,3,4,15815,73,15742,9413,6402
t2,2259,4,1,5357,35,5322,3158,2199
t2,2260,1,2,10817,10090,727,8285,2532
t2,2261,2,2,9473,8973,500,8946,527
t2,2262,3,4,15375,92,15283,9274,6101
t2,2263,4,1,5679,38,5641,3245,2434
t2,2264,1,2,10718,9826,892,6777,3941
t2,2265,2,2,9745,9245,500,8664,1081
t2,2266,3,4,14281,150,14131,8986,5295
t2,2267,4,1,6508,32,6476,3610,2898
t2,2268,1,2,10682,9466,1216,2908,7774
t2,2269,2,2,10025,9530,495,1852,8173
t2,2270,3,4,12756,220,12536,701,12055
t2,2271,4,4,7620,28,7592,4322,3298
t2,2272,1,2,10854,9137,1717,1644,9210
t2,2273,2,2,10243,9754,489,1642,8601
t2,2274,3,4,11224,285,10939,296,10928
t2,2275,4,4,8838,26,8812,5511,3327
t2,2276,1,2,10941,8895,2046,1761,9180
t2,2277,2,2,10417,9934,483,1647,8770
t2,2278,3,4,10267,319,9948,306,9961
t2,2279,4,4,9513,19,9494,6197,3316
t2,2280,1,2,10974,8529,2445,2008,8966
t2,2281,2,2,10674,10208,466,1793,8881
t2,2282,3,4,9891,440,9451,413,9478
t2,2283,4,4,9671,25,9646,6315,3356
t2,2284,1,2,10426,7663,2763,2037,8389
t2,2285,2,2,11412,10963,449,2435,8977
t2,2286,3,4,9754,516,9238,465,9289
t2,2287,4,4,9448,18,9430,6023,3425
t2,2288,1,2,9344,6142,3202,2363,6981
t2,2289,2,2,12626,12194,432,3762,8864
t2,2290,3,4,10021,843,9178,785,9236
t2,2291,4,4,8811,5,8806,5347,3464
t2,2292,1,1,7465,3578,3887,2802,4663
t2,2293,2,2,13120,12746,374,6038,7082
t2,2294,3,4,9783,2884,6899,2834,6949
t2,2295,4,4,10418,0,10418,6693,3725
t2,2296,1,1,5081,443,4638,3227,1854
t2,2297,2,2,10508,10501,7,8944,1564
t2,2298,3,2,9023,8253,770,8521,502
t2,2299,4,4,16480,0,16480,11927,4553
t2,2300,1,1,5071,43,5028,3352,1719
t2,2301,2,2,10846,10726,120,9225,1621
t2,2302,3,2,8889,8376,513,8587,302
t2,2303,4,4,16463,15,16448,10993,5470
t2,2304,1,1,5128,39,5089,3429,1699
t2,2305,2,2,10794,10533,261,9116,1678
t2,2306,3,2,9184,8669,515,8814,370
t2,2307,4,4,16023,69,15954,9653,6370
t2,2308,1,1,5385,38,5347,3332,2053
t2,2309,2,2,10743,10187,556,8554,2189
t2,2310,3,2,9427,8936,491,8965,462
t2,2311,4,4,15305,78,15227,9285,6020
t2,2312,1,1,5728,36,5692,3351,2377
t2,2313,2,2,10757,9854,903,6955,3802
t2,2314,3,2,9698,9205,493,8935,763
t2,2315,4,4,14671,156,14515,9239,5432
t2,2316,1,1,6114,31,6083,3369,2745
t2,2317,2,2,10735,9605,1130,4663,6072
t2,2318,3,2,9880,9381,499,7053,2827
t2,2319,4,4,13678,190,13488,7082,6596
t2,2320,1,4,6973,29,6944,3751,3222
t2,2321,2,2,10736,9379,1357,1786,8950
t2,2322,3,2,10044,9568,476,1547,8497
t2,2323,4,4,12661,209,12452,535,12126
t2,2324,1,4,7634,28,7606,4340,3294
t2,2325,2,2,10860,9118,1742,1644,9216
t2,2326,3,2,10221,9739,482,1595,8626
t2,2327,4,4,11394,266,11128,287,11107
t2,2328,1,4,8711,22,8689,5381,3330
t2,2329,2,2,10940,8883,2057,1802,9138
t2,2330,3,2,10462,9984,478,1710,8752
t2,2331,4,4,10230,342,9888,345,9885
t2,2332,1,4,9641,25,9616,6294,3347
t2,2333,2,2,10942,8538,2404,1939,9003
t2,2334,3,2,10713,10255,458,1817,8896
t2,2335,4,4,9772,392,9380,389,9383
t2,2336,1,4,9604,19,9585,6268,3336
t2,2337,2,2,10421,7654,2767,2086,8335
t2,2338,3,2,11423,10965,458,2402,9021
t2,2339,4,4,9788,554,9234,528,9260
t2,2340,1,4,9307,12,9295,5916,3391
t2,2341,2,2,8913,5615,3298,2371,6542
t2,2342,3,2,13029,12615,414,4190,8839
t2,2343,4,4,10122,961,9161,893,9229
t2,2344,1,4,8837,6,8831,5262,3575
t2,2345,2,1,6546,2486,4060,2840,3706
t2,2346,3,2,10838,10598,240,7066,3772
t2,2347,4,2,8066,6177,1889,6230,1836
t2,2348,1,4,15318,0,15318,11234,4084
t2,2349,2,1,4865,37,4828,3257,1608
t2,2350,3,2,10832,10772,60,9202,1630
t2,2351,4,2,8910,8395,515,8627,283
t2,2352,1,4,16444,14,16430,10821,5623
t2,2353,2,1,5069,36,5033,3329,1740
t2,2354,3,2,10857,10606,251,9181,1676
t2,2355,4,2,9071,8564,507,8740,331
t2,2356,1,4,16129,36,16093,9806,6323
t2,2357,2,1,5332,44,5288,3330,2002
t2,2358,3,2,10824,10344,480,8915,1909
t2,2359,4,2,9273,8773,500,8878,395
t2,2360,1,4,15755,76,15679,9362,6393
t2,2361,2,1,5416,36,5380,3258,2158
t2,2362,3,2,10746,10044,702,8125,2621
t2,2363,4,2,9462,8954,508,8951,511
t2,2364,1,4,15303,130,15173,9282,6021
t2,2365,2,1,5878,37,5841,3406,2472
t2,2366,3,2,10710,9812,898,6526,4184
t2,2367,4,2,9740,9237,503,8934,806
t2,2368,1,4,14609,116,14493,9208,5401
t2,2369,2,1,6152,49,6103,3343,2809
t2,2370,3,2,10740,9560,1180,4248,6492
t2,2371,4,2,9912,9420,492,6242,3670
t2,2372,1,4,13676,181,13495,6881,6795
t2,2373,2,4,6906,34,6872,3665,3241
t2,2374,3,2,10772,9338,1434,1655,9117
t2,2375,4,2,10110,9622,488,1524,8586
t2,2376,1,4,12400,211,12189,256,12144
t2,2377,2,4,7899,33,7866,4580,3319
t2,2378,3,2,10920,9142,1778,1682,9238
t2,2379,4,2,10240,9759,481,1620,8620
t2,2380,1,4,11090,270,10820,287,10803
t2,2381,2,4,8879,26,8853,5585,3294
t2,2382,3,2,10938,8878,2060,1755,9183
t2,2383,4,2,10426,9964,462,1644,8782
t2,2384,1,4,10165,325,9840,339,9826
t2,2385,2,4,9642,27,9615,6291,3351
t2,2386,3,2,10813,8353,2460,1959,8854
t2,2387,4,2,10804,10344,460,1877,8927
t2,2388,1,4,9746,488,9258,455,9291
t2,2389,2,4,9561,17,9544,6284,3277
t2,2390,3,2,9598,6451,3147,2216,7382
t2,2391,4,2,12371,11937,434,3458,8913
t2,2392,1,4,10029,839,9190,768,9261
t2,2393,2,4,8917,7,8910,5482,3435
t2,2394,3,1,6726,2947,3779,2608,4118
t2,2395,4,2,13209,12870,339,6646,6563
t2,2396,1,4,10852,3386,7466,3354,7498
t2,2397,2,4,9855,1,9854,6141,3714
t2,2398,3,1,5422,698,4724,3366,2056
t2,2399,4,2,10271,10262,9,8687,1584
t2,2400,1,2,8780,8244,536,8489,291
t2,2401,2,4,16747,0,16747,12186,4561
t2,2402,3,1,5044,45,4999,3340,1704
t2,2403,4,2,10821,10706,115,9216,1605
t2,2404,1,2,8933,8423,510,8637,296
t2,2405,2,4,16517,28,16489,10745,5772
t2,2406,3,1,5087,44,5043,3253,1834
t2,2407,4,2,10832,10501,331,9148,1684
t2,2408,1,2,9109,8605,504,8765,344
t2,2409,2,4,16133,34,16099,9793,6340
t2,2410,3,1,5359,39,5320,3288,2071
t2,2411,4,2,10882,10364,518,8949,1933
t2,2412,1,2,9305,8799,506,8867,438
t2,2413,2,4,15731,58,15673,9372,6359
t2,2414,3,1,5385,33,5352,3260,2125
t2,2415,4,2,10771,9991,780,8102,2669
t2,2416,1,2,9557,9058,499,9020,537
t2,2417,2,4,15188,105,15083,9279,5909
t2,2418,3,1,5907,31,5876,3405,2502
t2,2419,4,2,10666,9795,871,6493,4173
t2,2420,1,2,9814,9314,500,8785,1029
t2,2421,2,4,14480,134,14346,9154,5326
t2,2422,3,1,6305,34,6271,3466,2839
t2,2423,4,2,10822,9574,1248,4363,6459
t2,2424,1,2,9899,9397,502,5836,4063
t2,2425,2,4,13440,166,13274,5658,7782
t2,2426,3,4,7043,28,7015,3796,3247
t2,2427,4,2,10794,9257,1537,1519,9275
t2,2428,1,2,10177,9698,479,1567,8610
t2,2429,2,4,11559,273,11286,290,11269
t2,2430,3,4,8636,29,8607,5267,3369
t2,2431,4,2,10822,8918,1904,1650,9172
t2,2432,1,2,10461,9986,475,1694,8767
t2,2433,2,4,10210,339,9871,335,9875
t2,2434,3,4,9553,26,9527,6195,3358
t2,2435,4,2,10928,8465,2463,1999,8929
t2,2436,1,2,10759,10287,472,1842,8917
t2,2437,2,4,9771,426,9345,397,9374
t2,2438,3,4,9616,17,9599,6271,3345
t2,2439,4,2,10361,7493,2868,2171,8190
t2,2440,1,2,11561,11113,448,2537,9024
t2,2441,2,4,9803,565,9238,524,9279
t2,2442,3,4,9269,12,9257,5889,3380
t2,2443,4,2,9184,5748,3436,2476,6708
t2,2444,1,2,12797,12392,405,4074,8723
t2,2445,2,4,10202,1084,9118,1021,9181
t2,2446,3,4,8696,7,8689,5268,3428
t2,2447,4,1,6818,2735,4083,2883,3935
t2,2448,1,2,13107,12761,346,6841,6266
t2,2449,2,1,8723,3733,4990,3677,5046
t2,2450,3,4,12207,0,12207,8205,4002
t2,2451,4,1,4895,116,4779,3302,1593
t2,2452,1,2,10823,10814,9,9182,1641
t2,2453,2,2,8800,8290,510,8532,268
t2,2454,3,4,16734,4,16730,11982,4752
t2,2455,4,1,5034,39,4995,3311,1723
t2,2456,1,2,10872,10731,141,9223,1649
t2,2457,2,2,8952,8441,511,8651,301
t2,2458,3,4,16453,21,16432,10770,5683
t2,2459,4,1,5055,34,5021,3258,1797
t2,2460,1,2,10873,10519,354,9155,1718
t2,2461,2,2,9143,8638,505,8810,333
t2,2462,3,4,16065,41,16024,9705,6360
t2,2463,4,1,5323,40,5283,3322,2001
t2,2464,1,2,10820,10282,538,8892,1928
t2,2465,2,2,9334,8834,500,8911,423
t2,2466,3,4,15551,85,15466,9313,6238
t2,2467,4,1,5625,44,5581,3311,2314
t2,2468,1,2,10746,9915,831,7405,3341
t2,2469,2,2,9702,9203,499,8921,781
t2,2470,3,4,14719,123,14596,9241,5478
t2,2471,4,1,6043,30,6013,3312,2731
t2,2472,1,2,10713,9540,1173,4084,6629
t2,2473,2,2,9938,9440,498,6685,3253
t2,2474,3,4,13772,173,13599,7465,6307
t2,2475,4,4,6829,30,6799,3596,3233
t2,2476,1,2,10819,9390,1429,2076,8743
t2,2477,2,2,10050,9556,494,1651,8399
t2,2478,3,4,12707,220,12487,504,12203
t2,2479,4,4,7720,34,7686,4402,3318
t2,2480,1,2,10869,9149,1720,1647,9222
t2,2481,2,2,10285,9803,482,1640,8645
t2,2482,3,4,11368,271,11097,300,11068
t2,2483,4,4,8770,27,8743,5436,3334
t2,2484,1,2,10897,8922,1975,1737,9160
t2,2485,2,2,10413,9927,486,1664,8749
t2,2486,3,4,10280,362,9918,344,9936
t2,2487,4,4,9494,26,9468,6175,3319
t2,2488,1,2,10886,8465,2421,1953,8933
t2,2489,2,2,10813,10340,473,1925,8888
t2,2490,3,4,9769,408,9361,387,9382
t2,2491,4,4,9653,17,9636,6410,3243
t2,2492,1,2,10514,7651,2863,2165,8349
t2,2493,2,2,11461,10995,466,2458,9003
t2,2494,3,4,9780,562,9218,506,9274
t2,2495,4,4,9297,12,9285,5990,3307
t2,2496,1,2,9303,5929,3374,2430,6873
t2,2497,2,2,12781,12345,436,3889,8892
t2,2498,3,4,10097,934,9163,852,9245
t2,2499,4,4,8850,8,8842,5381,3469
t2,2500,1,1,7066,3132,3934,2794,4272
t2,2501,2,2,13293,12938,355,6503,6790
t2,2502,3,4,10937,3120,7817,3111,7826
t2,2503,4,4,9615,1,9614,5938,3677
t2,2504,1,1,5080,581,4499,3138,1942
t2,2505,2,2,10374,10369,5,8803,1571
t2,2506,3,2,8822,8312,510,8565,257
t2,2507,4,4,16731,8,16723,11722,5009
t2,2508,1,1,4964,38,4926,3315,1649
t2,2509,2,2,10845,10642,203,9193,1652
t2,2510,3,2,9014,8509,505,8681,333
t2,2511,4,4,16161,40,16121,9945,6216
t2,2512,1,1,5314,42,5272,3232,2082
t2,2513,2,2,10760,10347,413,8927,1833
t2,2514,3,2,9260,8751,509,8879,381
t2,2515,4,4,15756,69,15687,9371,6385
t2,2516,1,1,5515,40,5475,3277,2238
t2,2517,2,2,10734,10081,653,8281,2453
t2,2518,3,2,9509,9012,497,8973,536
t2,2519,4,4,15269,82,15187,9269,6000
t2,2520,1,1,5762,37,5725,3381,2381
t2,2521,2,2,10722,9879,843,6925,3797
t2,2522,3,2,9679,9179,500,8902,777
t2,2523,4,4,14790,110,14680,9244,5546
t2,2524,1,1,6063,26,6037,3328,2735
t2,2525,2,2,10702,9563,1139,4238,6464
t2,2526,3,2,9895,9416,479,6706,3189
t2,2527,4,4,13756,182,13574,7629,6127
t2,2528,1,4,6840,32,6808,3636,3204
t2,2529,2,2,10835,9395,1440,2208,8627
t2,2530,3,2,10049,9556,493,1526,8523
t2,2531,4,4,12485,237,12248,289,12196
t2,2532,1,4,7922,32,7890,4552,3370
t2,2533,2,2,10860,9163,1697,1635,9225
t2,2534,3,2,10224,9736,488,1598,8626
t2,2535,4,4,11067,258,10809,282,10785
t2,2536,1,4,8824,26,8798,5569,3255
t2,2537,2,2,10895,8797,2098,1761,9134
t2,2538,3,2,10504,10035,469,1732,8772
t2,2539,4,4,10217,329,9888,325,9892
t2,2540,1,4,9512,26,9486,6154,3358
t2,2541,2,2,10833,8429,2404,1942,8891
t2,2542,3,2,10792,10319,473,1915,8877
t2,2543,4,4,9782,417,9365,384,9398
t2,2544,1,4,9695,23,9672,6333,3362
t2,2545,2,2,10235,7332,2903,2203,8032
t2,2546,3,2,11685,11240,445,2683,9002
t2,2547,4,4,9834,650,9184,572,9262
t2,2548,1,4,9182,11,9171,5665,3517
t2,2549,2,1,7282,3798,3484,2418,4864
t2,2550,3,2,12449,12109,340,5824,6625
t2,2551,4,4,10658,3304,7354,3293,7365
t2,2552,1,4,9917,0,9917,6221,3696
t2,2553,2,1,5101,453,4648,3260,1841
t2,2554,3,2,10531,10515,16,8933,1598
t2,2555,4,2,8793,8267,526,8514,279
t2,2556,1,4,16689,0,16689,12003,4686
t2,2557,2,1,5013,41,4972,3350,1663
t2,2558,3,2,10867,10745,122,9187,1680
t2,2559,4,2,8939,8429,510,8622,317
t2,2560,1,4,16485,17,16468,10721,5764
t2,2561,2,1,5028,35,4993,3249,1779
t2,2562,3,2,10802,10509,293,9094,1708
t2,2563,4,2,9106,8593,513,8776,330
t2,2564,1,4,16130,36,16094,9823,6307
t2,2565,2,1,5289,39,5250,3272,2017
t2,2566,3,2,10773,10262,511,8857,1916
t2,2567,4,2,9304,8800,504,8892,412
t2,2568,1,4,15718,61,15657,9363,6355
t2,2569,2,1,5461,33,5428,3232,2229
t2,2570,3,2,10780,9999,781,8053,2727
t2,2571,4,2,9568,9069,499,8979,589
t2,2572,1,4,15169,107,15062,9251,5918
t2,2573,2,1,5764,32,5732,3362,2402
t2,2574,3,2,10698,9804,894,6549,4149
t2,2575,4,2,9705,9219,486,8519,1186
t2,2576,1,4,14589,126,14463,9168,5421
t2,2577,2,1,6229,35,6194,3336,2893
t2,2578,3,2,10648,9492,1156,3702,6946
t2,2579,4,2,9938,9451,487,5833,4105
t2,2580,1,4,13336,171,13165,5171,8165
t2,2581,2,4,7112,23,7089,3850,3262
t2,2582,3,2,10843,9281,1562,1613,9230
t2,2583,4,2,10110,9615,495,1563,8547
t2,2584,1,4,12205,231,11974,259,11946
t2,2585,2,4,8141,29,8112,4812,3329
t2,2586,3,2,10868,9042,1826,1639,9229
t2,2587,4,2,10257,9789,468,1574,8683
t2,2588,1,4,10373,323,10050,334,10039
t2,2589,2,4,9431,18,9413,6134,3297
t2,2590,3,2,10963,8520,2443,1958,9005
t2,2591,4,2,10774,10309,465,1865,8909
t2,2592,1,4,9718,411,9307,378,9340
t2,2593,2,4,9622,18,9604,6311,3311
t2,2594,3,2,10243,7350,2893,2177,8066
t2,2595,4,2,11682,11231,451,2687,8995
t2,2596,1,4,9834,601,9233,551,9283
t2,2597,2,4,9231,11,9220,5715,3516
t2,2598,3,2,8962,5471,3491,2485,6477
t2,2599,4,2,13040,12621,419,4324,8716
t2,2600,1,4,10056,1124,8932,1081,8975
t2,2601,2,4,8831,4,8827,5260,3571
t2,2602,3,1,6550,2336,4214,2917,3633
t2,2603,4,2,11870,11590,280,7144,4726
t2,2604,1,2,10612,5251,5361,5274,5338
t2,2605,2,4,11854,0,11854,8005,3849
t2,2606,3,1,4814,65,4749,3243,1571
t2,2607,4,2,10799,10786,13,9236,1563
t2,2608,1,2,8826,8310,516,8556,270
t2,2609,2,4,16698,3,16695,11761,4937
t2,2610,3,1,5016,41,4975,3299,1717
t2,2611,4,2,10907,10736,171,9194,1713
t2,2612,1,2,8943,8427,516,8647,296
t2,2613,2,4,16328,16,16312,10517,5811
t2,2614,3,1,5204,38,5166,3310,1894
t2,2615,4,2,10815,10475,340,9088,1727
t2,2616,1,2,9165,8654,511,8784,381
t2,2617,2,4,16044,46,15998,9658,6386
t2,2618,3,1,5394,47,5347,3325,2069
t2,2619,4,2,10781,10281,500,8750,2031
t2,2620,1,2,9372,8865,507,8938,434
t2,2621,2,4,15597,82,15515,9297,6300
t2,2622,3,1,5601,38,5563,3240,2361
t2,2623,4,2,10787,10012,775,7892,2895
t2,2624,1,2,9596,9101,495,9007,589
t2,2625,2,4,14994,106,14888,9265,5729
t2,2626,3,1,5882,42,5840,3381,2501
t2,2627,4,2,10706,9648,1058,5199,5507
t2,2628,1,2,9887,9388,499,7460,2427
t2,2629,2,4,13895,150,13745,8020,5875
t2,2630,3,1,6700,30,6670,3549,3151
t2,2631,4,2,10735,9296,1439,1579,9156
t2,2632,1,2,10131,9645,486,1580,8551
t2,2633,2,4,12196,229,11967,264,11932
t2,2634,3,4,8072,26,8046,4718,3354
t2,2635,4,2,10936,9061,1875,1696,9240
t2,2636,1,2,10343,9857,486,1660,8683
t2,2637,2,4,10704,268,10436,290,10414
t2,2638,3,4,9259,23,9236,5935,3324
t2,2639,4,2,10948,8762,2186,1835,9113
t2,2640,1,2,10515,10052,463,1678,8837
t2,2641,2,4,9940,358,9582,337,9603
t2,2642,3,4,9699,29,9670,6331,3368
t2,2643,4,2,10830,8200,2630,2087,8743
t2,2644,1,2,10967,10502,465,2043,8924
t2,2645,2,4,9767,511,9256,460,9307
t2,2646,3,4,9439,16,9423,6197,3242
t2,2647,4,2,10072,6925,3147,2396,7676
t2,2648,1,2,12082,11633,449,3088,8994
t2,2649,2,4,9886,666,9220,607,9279
t2,2650,3,4,9068,11,9057,5724,3344
t2,2651,4,1,8562,5034,3528,2537,6025
t2,2652,1,2,13243,12826,417,4779,8464
t2,2653,2,4,10355,1353,9002,1279,9076
t2,2654,3,4,8907,4,8903,5287,3620
t2,2655,4,1,5921,1800,4121,2858,3063
t2,2656,1,2,10871,10671,200,7699,3172
t2,2657,2,2,11173,6809,4364,6896,4277
t2,2658,3,4,12842,0,12842,8838,4004
t2,2659,4,1,4800,42,4758,3296,1504
t2,2660,1,2,10821,10779,42,9254,1567
t2,2661,2,2,8870,8355,515,8579,291
t2,2662,3,4,16684,4,16680,11453,5231
t2,2663,4,1,4951,40,4911,3303,1648
t2,2664,1,2,10844,10643,201,9193,1651
t2,2665,2,2,9007,8504,503,8682,325
t2,2666,3,4,16193,28,16165,10036,6157
t2,2667,4,1,5330,42,5288,3356,1974
t2,2668,1,2,10766,10277,489,8899,1867
t2,2669,2,2,9293,8783,510,8894,399
t2,2670,3,4,15756,55,15701,9321,6435
t2,2671,4,1,5362,39,5323,3134,2228
t2,2672,1,2,10726,9938,788,7612,3114
t2,2673,2,2,9620,9117,503,8999,621
t2,2674,3,4,15103,122,14981,9272,5831
t2,2675,4,1,5890,38,5852,3311,2579
t2,2676,1,2,10678,9696,982,5755,4923
t2,2677,2,2,9830,9329,501,8283,1547
t2,2678,3,4,14191,176,14015,8956,5235
t2,2679,4,1,6476,33,6443,3584,2892
t2,2680,1,2,10800,9422,1378,2984,7816
t2,2681,2,2,10039,9562,477,2554,7485
t2,2682,3,4,13224,200,13024,3761,9463
t2,2683,4,4,7280,34,7246,3897,3383
t2,2684,1,2,10737,9224,1513,1492,9245
t2,2685,2,2,10246,9756,490,1637,8609
t2,2686,3,4,11787,254,11533,280,11507
t2,2687,4,4,8375,26,8349,5112,3263
t2,2688,1,2,10996,8980,2016,1794,9202
t2,2689,2,2,10386,9902,484,1694,8692
t2,2690,3,4,10435,296,10139,297,10138
t2,2691,4,4,9456,20,9436,6096,3360
t2,2692,1,2,10940,8643,2297,1903,9037
t2,2693,2,2,10571,10103,468,1775,8796
t2,2694,3,4,9927,422,9505,397,9530
t2,2695,4,4,9730,19,9711,6401,3329
t2,2696,1,2,10664,8122,2542,1959,8705
t2,2697,2,2,11008,10549,459,2043,8965
t2,2698,3,4,9777,497,9280,450,9327
t2,2699,4,4,9544,18,9526,6178,3366
t2,2700,1,2,9823,6634,3189,2356,7467
t2,2701,2,2,12276,11856,420,3300,8976
t2,2702,3,4,9942,711,9231,656,9286
t2,2703,4,4,8995,8,8987,5646,3349
t2,2704,1,1,8539,4883,3656,2586,5953
t2,2705,2,2,12702,12306,396,4855,7847
t2,2706,3,4,10081,2047,8034,1996,8085
t2,2707,4,4,9472,2,9470,5868,3604
t2,2708,1,1,4891,396,4495,3127,1764
t2,2709,2,2,10555,10545,10,8974,1581
t2,2710,3,2,8811,8284,527,8545,266
t2,2711,4,4,16690,3,16687,11881,4809
t2,2712,1,1,5045,35,5010,3330,1715
t2,2713,2,2,10874,10687,187,9174,1700
t2,2714,3,2,9009,8500,509,8663,346
t2,2715,4,4,16396,32,16364,10439,5957
t2,2716,1,1,5061,37,5024,3158,1903
t2,2717,2,2,10800,10448,352,9098,1702
t2,2718,3,2,9132,8611,521,8780,352
t2,2719,4,4,16049,51,15998,9708,6341
t2,2720,1,1,5401,42,5359,3312,2089
t2,2721,2,2,10812,10223,589,8755,2057
t2,2722,3,2,9374,8867,507,8901,473
t2,2723,4,4,15694,75,15619,9334,6360
t2,2724,1,1,5429,41,5388,3165,2264
t2,2725,2,2,10785,10013,772,7809,2976
t2,2726,3,2,9601,9087,514,8967,634
t2,2727,4,4,15099,86,15013,9256,5843
t2,2728,1,1,5943,39,5904,3387,2556
t2,2729,2,2,10717,9783,934,6221,4496
t2,2730,3,2,9775,9283,492,8539,1236
t2,2731,4,4,14177,164,14013,8907,5270
t2,2732,1,1,6517,40,6477,3591,2926
t2,2733,2,2,10825,9488,1337,3457,7368
t2,2734,3,2,9997,9514,483,3750,6247
t2,2735,4,4,13299,194,13105,4119,9180
t2,2736,1,4,7097,26,7071,3790,3307
t2,2737,2,2,10834,9262,1572,1566,9268
t2,2738,3,2,10134,9629,505,1538,8596
t2,2739,4,4,12017,235,11782,265,11752
t2,2740,1,4,8276,35,8241,4927,3349
t2,2741,2,2,10834,9039,1795,1608,9226
t2,2742,3,2,10268,9779,489,1618,8650
t2,2743,4,4,10920,313,10607,336,10584
t2,2744,1,4,9054,24,9030,5741,3313
t2,2745,2,2,10931,8742,2189,1832,9099
t2,2746,3,2,10567,10099,468,1738,8829
t2,2747,4,4,9797,381,9416,363,9434
t2,2748,1,4,9676,18,9658,6473,3203
t2,2749,2,2,10484,7734,2750,2083,8401
t2,2750,3,2,11317,10861,456,2346,8971
t2,2751,4,4,9768,552,9216,490,9278
t2,2752,1,4,9281,14,9267,5908,3373
t2,2753,2,2,9118,5666,3452,2482,6636
t2,2754,3,2,12999,12576,423,4191,8808
t2,2755,4,4,9940,938,9002,860,9080
t2,2756,1,4,8692,4,8688,5205,3487
t2,2757,2,1,6685,2517,4168,2940,3745
t2,2758,3,2,12238,11936,302,7027,5211
t2,2759,4,2,10597,4733,5864,4716,5881
t2,2760,1,4,11386,0,11386,7542,3844
t2,2761,2,1,4891,224,4667,3210,1681
t2,2762,3,2,10733,10726,7,9136,1597
t2,2763,4,2,8809,8305,504,8520,289
t2,2764,1,4,16759,0,16759,12044,4715
t2,2765,2,1,5021,39,4982,3258,1763
t2,2766,3,2,10858,10700,158,9217,1641
t2,2767,4,2,8947,8436,511,8641,306
t2,2768,1,4,16363,24,16339,10575,5788
t2,2769,2,1,5123,35,5088,3197,1926
t2,2770,3,2,10793,10483,310,9094,1699
t2,2771,4,2,9144,8641,503,8774,370
t2,2772,1,4,16039,41,15998,9678,6361
t2,2773,2,1,5351,34,5317,3337,2014
t2,2774,3,2,10755,10256,499,8861,1894
t2,2775,4,2,9346,8837,509,8896,450
t2,2776,1,4,15588,86,15502,9331,6257
t2,2777,2,1,5605,41,5564,3307,2298
t2,2778,3,2,10772,9999,773,7690,3082
t2,2779,4,2,9547,9043,504,8964,583
t2,2780,1,4,15142,116,15026,9273,5869
t2,2781,2,1,5785,33,5752,3254,2531
t2,2782,3,2,10723,9740,983,6190,4533
t2,2783,4,2,9759,9263,496,8608,1151
t2,2784,1,4,14419,156,14263,9092,5327
t2,2785,2,1,6338,32,6306,3505,2833
t2,2786,3,2,10720,9474,1246,3110,7610
t2,2787,4,2,9994,9507,487,2025,7969
t2,2788,1,4,12731,208,12523,627,12104
t2,2789,2,4,7637,41,7596,4304,3333
t2,2790,3,2,10794,9103,1691,1571,9223
t2,2791,4,2,10286,9800,486,1657,8629
t2,2792,1,4,10939,307,10632,328,10611
t2,2793,2,4,9132,25,9107,5778,3354
t2,2794,3,2,10899,8832,2067,1771,9128
t2,2795,4,2,10440,9950,490,1640,8800
t2,2796,1,4,10062,387,9675,373,9689
t2,2797,2,4,9675,23,9652,6290,3385
t2,2798,3,2,10970,8372,2598,2069,8901
t2,2799,4,2,10833,10370,463,1913,8920
t2,2800,1,4,9739,474,9265,416,9323
t2,2801,2,4,9588,16,9572,6247,3341
t2,2802,3,2,10104,7107,2997,2236,7868
t2,2803,4,2,11854,11409,445,2873,8981
t2,2804,1,4,9876,645,9231,600,9276
t2,2805,2,4,9210,11,9199,5799,3411
t2,2806,3,2,8793,5297,3496,2490,6303
t2,2807,4,2,13279,12858,421,4507,8772
t2,2808,1,4,10129,1027,9102,962,9167
t2,2809,2,4,8759,6,8753,5290,3469
t2,2810,3,1,6441,2327,4114,2853,3588
t2,2811,4,2,11728,11446,282,7167,4561
t2,2812,1,2,10925,5415,5510,5434,5491
t2,2813,2,4,11723,0,11723,7811,3912
t2,2814,3,1,4802,128,4674,3206,1596
t2,2815,4,2,10792,10783,9,9226,1566
t2,2816,1,2,8843,8322,521,8550,293
t2,2817,2,4,16635,5,16630,11646,4989
t2,2818,3,1,5082,46,5036,3361,1721
t2,2819,4,2,10830,10665,165,9180,1650
t2,2820,1,2,8978,8462,516,8650,328
t2,2821,2,4,16326,38,16288,10352,5974
t2,2822,3,1,5189,43,5146,3259,1930
t2,2823,4,2,10791,10414,377,9067,1724
t2,2824,1,2,9155,8647,508,8773,382
t2,2825,2,4,16028,45,15983,9600,6428
t2,2826,3,1,5256,38,5218,3266,1990
t2,2827,4,2,10785,10184,601,8640,2145
t2,2828,1,2,9438,8945,493,8959,479
t2,2829,2,4,15399,84,15315,9271,6128
t2,2830,3,1,5784,35,5749,3347,2437
t2,2831,4,2,10665,9841,824,6505,4160
t2,2832,1,2,9740,9238,502,8729,1011
t2,2833,2,4,14288,135,14153,9036,5252
t2,2834,3,1,6350,33,6317,3461,2889
t2,2835,4,2,10816,9524,1292,3735,7081
t2,2836,1,2,9971,9474,497,3940,6031
t2,2837,2,4,13305,177,13128,4980,8325
t2,2838,3,4,7150,33,7117,3866,3284
t2,2839,4,2,10829,9296,1533,1564,9265
t2,2840,1,2,10150,9666,484,1586,8564
t2,2841,2,4,11836,253,11583,278,11558
t2,2842,3,4,8448,32,8416,5083,3365
t2,2843,4,2,10982,9045,1937,1750,9232
t2,2844,1,2,10304,9817,487,1616,8688
t2,2845,2,4,10714,294,10420,309,10405
t2,2846,3,4,9245,24,9221,5910,3335
t2,2847,4,2,10946,8742,2204,1841,9105
t2,2848,1,2,10538,10054,484,1744,8794
t2,2849,2,4,10043,380,9663,350,9693
t2,2850,3,4,9563,24,9539,6324,3239
t2,2851,4,2,10855,8210,2645,2067,8788
t2,2852,1,2,10984,10514,470,2042,8942
t2,2853,2,4,9727,428,9299,402,9325
t2,2854,3,4,9658,16,9642,6256,3402
t2,2855,4,2,9975,6936,3039,2281,7694
t2,2856,1,2,12013,11584,429,3050,8963
t2,2857,2,4,9920,704,9216,639,9281
t2,2858,3,4,9153,14,9139,5752,3401
t2,2859,4,1,8454,5053,3401,2429,6025
t2,2860,1,2,13110,12704,406,4663,8447
t2,2861,2,4,10302,1401,8901,1346,8956
t2,2862,3,4,8743,5,8738,5184,3559
t2,2863,4,1,6201,1909,4292,2998,3203
t2,2864,1,2,11756,11483,273,7599,4157
t2,2865,2,2,9830,5781,4049,5816,4014
t2,2866,3,4,13093,0,13093,9088,4005
t2,2867,4,1,4948,47,4901,3336,1612
t2,2868,1,2,10893,10825,68,9211,1682
t2,2869,2,2,8865,8366,499,8604,261
t2,2870,3,4,16527,26,16501,10964,5563
t2,2871,4,1,5033,39,4994,3239,1794
t2,2872,1,2,10855,10522,333,9113,1742
t2,2873,2,2,9164,8650,514,8799,365
t2,2874,3,4,15961,37,15924,9652,6309
t2,2875,4,1,5393,35,5358,3306,2087
t2,2876,1,2,10849,10259,590,8753,2096
t2,2877,2,2,9362,8856,506,8907,455
t2,2878,3,4,15593,90,15503,9326,6267
t2,2879,4,1,5566,31,5535,3324,2242
t2,2880,1,2,10702,10000,702,7810,2892
t2,2881,2,2,9592,9112,480,8960,632
t2,2882,3,4,15052,117,14935,9271,5781
t2,2883,4,1,5914,28,5886,3327,2587
t2,2884,1,2,10702,9720,982,5792,4910
t2,2885,2,2,9793,9296,497,8649,1144
t2,2886,3,4,14113,159,13954,8812,5301
t2,2887,4,1,6651,40,6611,3513,3138
t2,2888,1,2,10737,9420,1317,2895,7842
t2,2889,2,2,10014,9534,480,2997,7017
t2,2890,3,4,13207,186,13021,3890,9317
t2,2891,4,4,7282,23,7259,3958,3324
t2,2892,1,2,10774,9252,1522,1529,9245
t2,2893,2,2,10120,9640,480,1548,8572
t2,2894,3,4,12006,245,11761,272,11734
t2,2895,4,4,8236,32,8204,4950,3286
t2,2896,1,2,10996,9043,1953,1788,9208
t2,2897,2,2,10318,9846,472,1621,8697
t2,2898,3,4,10701,298,10403,306,10395
t2,2899,4,4,9167,25,9142,5916,3251
t2,2900,1,2,10996,8668,2328,1924,9072
t2,2901,2,2,10548,10082,466,1727,8821
t2,2902,3,4,9959,378,9581,379,9580
t2,2903,4,4,9654,19,9635,6413,3241
t2,2904,1,2,10749,8155,2594,2039,8710
t2,2905,2,2,11030,10572,458,2105,8925
t2,2906,3,4,9757,496,9261,444,9313
t2,2907,4,4,9518,16,9502,6188,3330
t2,2908,1,2,9537,6362,3175,2361,7176
t2,2909,2,2,12433,11994,439,3555,8878
t2,2910,3,4,10061,904,9157,823,9238
t2,2911,4,4,8768,8,8760,5302,3466
t2,2912,1,1,6374,2371,4003,2776,3598
t2,2913,2,2,11174,10914,260,7160,4014
t2,2914,3,2,11387,5960,5427,5988,5399
t2,2915,4,4,11853,0,11853,7919,3934
t2,2916,1,1,4736,43,4693,3284,1452
t2,2917,2,2,10871,10853,18,9256,1615
t2,2918,3,2,8850,8335,515,8542,308
t2,2919,4,4,16682,4,16678,11717,4965
t2,2920,1,1,5040,39,5001,3355,1685
t2,2921,2,2,10874,10682,192,9177,1697
t2,2922,3,2,8967,8464,503,8663,304
t2,2923,4,4,16312,29,16283,10431,5881
t2,2924,1,1,5197,35,5162,3257,1940
t2,2925,2,2,10773,10432,341,9080,1693
t2,2926,3,2,9223,8702,521,8840,383
t2,2927,4,4,16145,66,16079,9586,6559
t2,2928,1,1,5219,34,5185,3179,2040
t2,2929,2,2,10812,10233,579,8748,2064
t2,2930,3,2,9346,8835,511,8899,447
t2,2931,4,4,15457,79,15378,9285,6172
t2,2932,1,1,5724,34,5690,3356,2368
t2,2933,2,2,10743,9927,816,7607,3136
t2,2934,3,2,9591,9104,487,8958,633
t2,2935,4,4,15124,126,14998,9274,5850
t2,2936,1,1,5805,35,5770,3269,2536
t2,2937,2,2,10771,9703,1068,5861,4910
t2,2938,3,2,9784,9295,489,8374,1410
t2,2939,4,4,14417,159,14258,9067,5350
t2,2940,1,1,6388,25,6363,3515,2873
t2,2941,2,2,10701,9471,1230,2842,7859
t2,2942,3,2,10005,9512,493,3356,6649
t2,2943,4,4,13196,207,12989,3718,9478
t2,2944,1,4,7220,31,7189,3930,3290
t2,2945,2,2,10862,9227,1635,1636,9226
t2,2946,3,2,10183,9699,484,1606,8577
t2,2947,4,4,11600,266,11334,286,11314
t2,2948,1,4,8614,26,8588,5310,3304
t2,2949,2,2,10926,8921,2005,1732,9194
t2,2950,3,2,10480,10008,472,1690,8790
t2,2951,4,4,10104,330,9774,326,9778
t2,2952,1,4,9606,21,9585,6272,3334
t2,2953,2,2,10752,8216,2536,2009,8743
t2,2954,3,2,10992,10531,461,2087,8905
t2,2955,4,4,9760,465,9295,431,9329
t2,2956,1,4,9631,17,9614,6299,3332
t2,2957,2,2,10265,7311,2954,2223,8042
t2,2958,3,2,11746,11306,440,2714,9032
t2,2959,4,4,9829,606,9223,557,9272
t3,0,1,2,11343,11081,262,4093,7250
t3,1,2,2,10444,9942,502,3583,6861
t3,2,3,4,13251,202,13049,4066,9185
t3,3,4,4,7192,23,7169,3865,3327
t3,4,1,2,10808,9252,1556,1553,9255
t3,5,2,2,10154,9665,489,1585,8569
t3,6,3,4,11925,246,11679,272,11653
t3,7,4,4,8366,29,8337,5005,3361
t3,8,1,2,10831,9020,1811,1620,9211
t3,9,2,2,10343,9859,484,1644,8699
t3,10,3,4,10769,311,10458,310,10459
t3,11,4,4,9216,20,9196,5851,3365
t3,12,1,2,10924,8724,2200,1824,9100
t3,13,2,2,10526,10055,471,1675,8851
t3,14,3,4,9946,381,9565,382,9564
t3,15,4,4,9648,19,9629,6377,3271
t3,16,1,2,10627,8046,2581,1950,8677
t3,17,2,2,11070,10612,458,2098,8972
t3,18,3,4,9759,499,9260,464,9295
t3,19,4,4,9607,13,9594,6208,3399
t3,20,1,2,9494,6430,3064,2232,7262
t3,21,2,2,12356,11932,424,3441,8915
t3,22,3,4,9999,873,9126,774,9225
t3,23,4,4,8957,6,8951,5377,3580
t3,24,1,1,6373,2478,3895,2657,3716
t3,25,2,2,10520,10286,234,7077,3443
t3,26,3,2,12169,6524,5645,6593,5576
t3,27,4,4,11579,0,11579,7736,3843
t3,28,1,1,4834,43,4791,3301,1533
t3,29,2,2,10852,10801,51,9261,1591
t3,30,3,3,8863,8332,531,8562,301
t3,31,4,4,16629,9,16620,11506,5123
t3,32,1,1,4996,42,4954,3333,1663
t3,33,2,2,10861,10654,207,9224,1637
t3,34,3,3,8992,8480,512,8698,294
t3,35,4,4,16316,25,16291,10359,5957
t3,36,1,1,5137,43,5094,3222,1915
t3,37,2,2,10872,10473,399,9047,1825
t3,38,3,2,9166,8657,509,8790,376
t3,39,4,4,15921,47,15874,9515,6406
t3,40,1,1,5306,34,5272,3269,2037
t3,41,2,2,10718,10159,559,8565,2153
t3,42,3,2,9429,8918,511,8970,459
t3,43,4,4,15499,91,15408,9293,6206
t3,44,1,1,5734,29,5705,3347,2387
t3,45,2,2,10738,9989,749,7737,3001
t3,46,3,2,9601,9087,514,8973,628
t3,47,4,4,14997,106,14891,9274,5723
t3,48,1,1,5883,32,5851,3424,2459
t3,49,2,2,10774,9665,1109,5605,5169
t3,50,3,2,9854,9368,486,8253,1601
t3,51,4,4,14310,184,14126,8967,5343
t3,52,1,1,6431,38,6393,3498,2933
t3,53,2,2,10678,9435,1243,2951,7727
t3,54,3,2,10029,9539,490,3114,6915
t3,55,4,4,13128,204,12924,2846,10282
t3,56,1,4,7377,28,7349,4047,3330
t3,57,2,2,10870,9250,1620,1615,9255
t3,58,3,2,10157,9672,485,1595,8562
t3,59,4,4,11585,270,11315,293,11292
t3,60,1,4,8532,23,8509,5239,3293
t3,61,2,2,10912,8885,2027,1707,9205
t3,62,3,2,10435,9950,485,1674,8761
t3,63,4,4,10062,337,9725,322,9740
t3,64,1,4,9654,17,9637,6341,3313
t3,65,2,2,10699,8194,2505,1944,8755
t3,66,3,2,10966,10491,475,2051,8915
t3,67,4,4,9772,477,9295,438,9334
t3,68,1,4,9576,21,9555,6191,3385
t3,69,2,2,10009,7034,2975,2204,7805
t3,70,3,2,11993,11540,453,2976,9017
t3,71,4,4,9816,604,9212,553,9263
t3,72,1,4,9126,11,9115,5701,3425
t3,73,2,2,8353,4985,3368,2405,5948
t3,74,3,2,13199,12793,406,4732,8467
t3,75,4,4,10363,1409,8954,1341,9022
t3,76,1,4,8849,5,8844,5317,3532
t3,77,2,1,6539,2375,4164,2999,3540
t3,78,3,2,10419,10214,205,7148,3271
t3,79,4,2,11427,6627,4800,6705,4722
t3,80,1,4,12403,1,12402,8425,3978
t3,81,2,1,4904,39,4865,3288,1616
t3,82,3,2,10855,10840,15,9258,1597
t3,83,4,3,8830,8317,513,8560,270
t3,84,1,4,16619,5,16614,11406,5213
t3,85,2,1,4980,52,4928,3290,1690
t3,86,3,2,10808,10655,153,9206,1602
t3,87,4,2,9006,8491,515,8697,309
t3,88,1,4,16310,36,16274,10273,6037
t3,89,2,1,5274,42,5232,3335,1939
t3,90,3,2,10839,10486,353,9074,1765
t3,91,4,2,9150,8636,514,8797,353
t3,92,1,4,15907,44,15863,9678,6229
t3,93,2,1,5326,37,5289,3316,2010
t3,94,3,2,10777,10199,578,8643,2134
t3,95,4,2,9391,8882,509,8939,452
t3,96,1,4,15570,75,15495,9294,6276
t3,97,2,1,5550,38,5512,3259,2291
t3,98,3,2,10748,9958,790,7913,2835
t3,99,4,2,9609,9111,498,8939,670
t3,100,1,4,14667,108,14559,9243,5424
t3,101,2,1,6229,38,6191,3590,2639
t3,102,3,2,10710,9577,1133,4513,6197
t3,103,4,2,9926,9435,491,5318,4608
t3,104,1,4,13575,191,13384,6050,7525
t3,105,2,4,6901,38,6863,3620,3281
t3,106,3,2,10783,9262,1521,1518,9265
t3,107,4,2,10120,9638,482,1569,8551
t3,108,1,4,12029,256,11773,291,11738
t3,109,2,4,8228,27,8201,4849,3379
t3,110,3,2,10955,9061,1894,1763,9192
t3,111,4,2,10284,9814,470,1622,8662
t3,112,1,4,10938,300,10638,327,10611
t3,113,2,4,8931,31,8900,5645,3286
t3,114,3,2,10959,8728,2231,1878,9081
t3,115,4,2,10573,10098,475,1751,8822
t3,116,1,4,10046,371,9675,357,9689
t3,117,2,4,9699,22,9677,6395,3304
t3,118,3,2,10755,8301,2454,1987,8768
t3,119,4,2,10935,10468,467,1986,8949
t3,120,1,4,9751,457,9294,416,9335
t3,121,2,4,9631,17,9614,6187,3444
t3,122,3,2,10265,7200,3065,2271,7994
t3,123,4,2,11764,11321,443,2801,8963
t3,124,1,4,9876,661,9215,607,9269
t3,125,2,4,9095,9,9086,5801,3294
t3,126,3,2,8654,5105,3549,2549,6105
t3,127,4,2,13261,12844,417,4648,8613
t3,128,1,4,10152,1238,8914,1163,8989
t3,129,2,4,8830,4,8826,5238,3592
t3,130,3,1,6311,2138,4173,2938,3373
t3,131,4,2,11112,10865,247,7421,3691
t3,132,1,2,11855,6191,5664,6250,5605
t3,133,2,4,11507,1,11506,7595,3912
t3,134,3,1,4872,57,4815,3329,1543
t3,135,4,2,10839,10816,23,9259,1580
t3,136,1,3,8848,8340,508,8549,299
t3,137,2,4,16657,0,16657,11876,4781
t3,138,3,1,4918,47,4871,3288,1630
t3,139,4,2,10922,10725,197,9218,1704
t3,140,1,2,8957,8455,502,8643,314
t3,141,2,4,16210,37,16173,10013,6197
t3,142,3,1,5315,43,5272,3290,2025
t3,143,4,2,10792,10384,408,8895,1897
t3,144,1,2,9280,8776,504,8880,400
t3,145,2,4,15687,86,15601,9362,6325
t3,146,3,1,5520,40,5480,3241,2279
t3,147,4,2,10791,10009,782,8114,2677
t3,148,1,2,9538,9046,492,9009,529
t3,149,2,4,15100,115,14985,9269,5831
t3,150,3,1,5772,32,5740,3339,2433
t3,151,4,2,10777,9794,983,6305,4472
t3,152,1,2,9722,9222,500,8596,1126
t3,153,2,4,14452,147,14305,9138,5314
t3,154,3,1,6412,31,6381,3530,2882
t3,155,4,2,10683,9525,1158,3922,6761
t3,156,1,2,9952,9462,490,5217,4735
t3,157,2,4,13692,187,13505,7074,6618
t3,158,3,4,6913,34,6879,3529,3384
t3,159,4,2,10691,9273,1418,1449,9242
t3,160,1,2,10141,9652,489,1591,8550
t3,161,2,4,12310,226,12084,254,12056
t3,162,3,4,7965,33,7932,4691,3274
t3,163,4,2,10883,9086,1797,1656,9227
t3,164,1,2,10269,9786,483,1590,8679
t3,165,2,4,10854,287,10567,301,10553
t3,166,3,4,9155,24,9131,5773,3382
t3,167,4,2,11009,8794,2215,1909,9100
t3,168,1,2,10511,10039,472,1750,8761
t3,169,2,4,10033,372,9661,375,9658
t3,170,3,4,9590,23,9567,6335,3255
t3,171,4,2,10799,8300,2499,2021,8778
t3,172,1,2,10862,10396,466,1969,8893
t3,173,2,4,9817,486,9331,461,9356
t3,174,3,4,9652,15,9637,6238,3414
t3,175,4,2,10188,7260,2928,2215,7973
t3,176,1,2,11787,11329,458,2772,9015
t3,177,2,4,9842,626,9216,571,9271
t3,178,3,4,9196,10,9186,5859,3337
t3,179,4,2,8505,5009,3496,2515,5990
t3,180,1,2,12788,12403,385,4742,8046
t3,181,2,4,10186,1850,8336,1790,8396
t3,182,3,4,9148,3,9145,5646,3502
t3,183,4,1,5107,705,4402,3093,2014
t3,184,1,2,10239,10232,7,8666,1573
t3,185,2,3,8827,8316,511,8557,270
t3,186,3,4,16713,0,16713,11964,4749
t3,187,4,1,5030,38,4992,3377,1653
t3,188,1,2,10853,10702,151,9209,1644
t3,189,2,3,8973,8463,510,8678,295
t3,190,3,4,16337,16,16321,10459,5878
t3,191,4,1,5132,38,5094,3305,1827
t3,192,1,2,10857,10512,345,9136,1721
t3,193,2,2,9069,8563,506,8736,333
t3,194,3,4,16037,59,15978,9625,6412
t3,195,4,1,5279,39,5240,3244,2035
t3,196,1,2,10776,10261,515,8742,2034
t3,197,2,2,9351,8837,514,8894,457
t3,198,3,4,15656,76,15580,9355,6301
t3,199,4,1,5526,32,5494,3290,2236
t3,200,1,2,10773,10029,744,7998,2775
t3,201,2,2,9569,9060,509,9018,551
t3,202,3,4,15183,107,15076,9279,5904
t3,203,4,1,5788,39,5749,3230,2558
t3,204,1,2,10737,9770,967,6232,4505
t3,205,2,2,9743,9248,495,8629,1114
t3,206,3,4,14460,130,14330,9095,5365
t3,207,4,1,6328,35,6293,3467,2861
t3,208,1,2,10768,9575,1193,4025,6743
t3,209,2,2,9935,9450,485,4436,5499
t3,210,3,4,13454,181,13273,6032,7422
t3,211,4,4,7083,32,7051,3856,3227
t3,212,1,2,10797,9276,1521,1572,9225
t3,213,2,2,10174,9689,485,1628,8546
t3,214,3,4,11939,246,11693,284,11655
t3,215,4,4,8215,27,8188,4951,3264
t3,216,1,2,10917,9036,1881,1678,9239
t3,217,2,2,10287,9799,488,1603,8684
t3,218,3,4,10851,333,10518,342,10509
t3,219,4,4,9203,24,9179,5772,3431
t3,220,1,2,10941,8756,2185,1866,9075
t3,221,2,2,10497,10021,476,1654,8843
t3,222,3,4,9787,381,9406,353,9434
t3,223,4,4,9644,19,9625,6364,3280
t3,224,1,2,10385,7597,2788,2115,8270
t3,225,2,2,11471,11032,439,2476,8995
t3,226,3,4,9835,597,9238,549,9286
t3,227,4,4,9204,12,9192,5862,3342
t3,228,1,2,8470,5137,3333,2466,6004
t3,229,2,2,13188,12779,409,4639,8549
t3,230,3,4,10243,1245,8998,1181,9062
t3,231,4,4,8716,5,8711,5126,3590
t3,232,1,1,6648,2495,4153,2949,3699
t3,233,2,2,10919,10674,245,7013,3906
t3,234,3,2,9459,6054,3405,6084,3375
t3,235,4,4,13852,0,13852,9717,4135
t3,236,1,1,4845,42,4803,3250,1595
t3,237,2,2,10878,10851,27,9230,1648
t3,238,3,3,8812,8293,519,8558,254
t3,239,4,4,16637,10,16627,11521,5116
t3,240,1,1,4949,37,4912,3238,1711
t3,241,2,2,10823,10628,195,9210,1613
t3,242,3,2,8994,8483,511,8680,314
t3,243,4,4,16284,32,16252,10322,5962
t3,244,1,1,5230,36,5194,3311,1919
t3,245,2,2,10835,10444,391,9088,1747
t3,246,3,2,9162,8651,511,8767,395
t3,247,4,4,15994,62,15932,9641,6353
t3,248,1,1,5325,42,5283,3251,2074
t3,249,2,2,10743,10185,558,8621,2122
t3,250,3,2,9429,8930,499,8945,484
t3,251,4,4,15598,85,15513,9314,6284
t3,252,1,1,5598,33,5565,3297,2301
t3,253,2,2,10703,9972,731,7613,3090
t3,254,3,2,9604,9101,503,8946,658
t3,255,4,4,14970,119,14851,9266,5704
t3,256,1,1,5966,36,5930,3338,2628
t3,257,2,2,10761,9704,1057,5834,4927
t3,258,3,2,9773,9289,484,8349,1424
t3,259,4,4,14151,128,14023,8746,5405
t3,260,1,1,6480,31,6449,3458,3022
t3,261,2,2,10729,9421,1308,2290,8439
t3,262,3,2,10024,9536,488,1520,8504
t3,263,4,4,12345,223,12122,254,12091
t3,264,1,4,8028,32,7996,4689,3339
t3,265,2,2,10813,9053,1760,1611,9202
t3,266,3,2,10378,9897,481,1683,8695
t3,267,4,4,10718,285,10433,302,10416
t3,268,1,4,9165,25,9140,5874,3291
t3,269,2,2,10922,8596,2326,1912,9010
t3,270,3,2,10686,10208,478,1846,8840
t3,271,4,4,9933,396,9537,381,9552
t3,272,1,4,9646,16,9630,6359,3287
t3,273,2,2,10838,8116,2722,2136,8702
t3,274,3,2,11012,10548,464,2090,8922
t3,275,4,4,9775,509,9266,460,9315
t3,276,1,4,9574,12,9562,6242,3332
t3,277,2,2,9835,6771,3064,2280,7555
t3,278,3,2,12166,11719,447,3173,8993
t3,279,4,4,9895,687,9208,654,9241
t3,280,1,4,8947,11,8936,5504,3443
t3,281,2,1,7859,4168,3691,2600,5259
t3,282,3,2,13673,13269,404,5495,8178
t3,283,4,4,10369,1735,8634,1648,8721
t3,284,1,4,8895,3,8892,5302,3593
t3,285,2,1,6121,1800,4321,3042,3079
t3,286,3,2,10817,10607,210,7679,3138
t3,287,4,2,10295,6765,3530,6843,3452
t3,288,1,4,13657,0,13657,9602,4055
t3,289,2,1,4949,46,4903,3327,1622
t3,290,3,2,10837,10780,57,9250,1587
t3,291,4,3,8871,8370,501,8580,291
t3,292,1,4,16589,13,16576,11519,5070
t3,293,2,1,4969,50,4919,3271,1698
t3,294,3,2,10812,10573,239,9214,1598
t3,295,4,2,9035,8531,504,8704,331
t3,296,1,4,16290,25,16265,10177,6113
t3,297,2,1,5272,47,5225,3259,2013
t3,298,3,2,10822,10446,376,9072,1750
t3,299,4,2,9202,8703,499,8812,390
t3,300,1,4,15866,64,15802,9422,6444
t3,301,2,1,5470,36,5434,3340,2130
t3,302,3,2,10744,10063,681,8274,2470
t3,303,4,2,9502,9018,484,8939,563
t3,304,1,4,15098,107,14991,9271,5827
t3,305,2,1,5878,36,5842,3339,2539
t3,306,3,2,10655,9676,979,5688,4967
t3,307,4,2,9813,9317,496,8422,1391
t3,308,1,4,14282,159,14123,8974,5308
t3,309,2,1,6487,39,6448,3448,3039
t3,310,3,2,10778,9472,1306,3411,7367
t3,311,4,2,10016,9530,486,3845,6171
t3,312,1,4,13205,191,13014,4488,8717
t3,313,2,4,7207,30,7177,3905,3302
t3,314,3,2,10864,9241,1623,1583,9281
t3,315,4,2,10180,9704,476,1602,8578
t3,316,1,4,11869,235,11634,260,11609
t3,317,2,4,8366,29,8337,5072,3294
t3,318,3,2,10937,9032,1905,1718,9219
t3,319,4,2,10321,9851,470,1628,8693
t3,320,1,4,10716,313,10403,320,10396
t3,321,2,4,9232,22,9210,5848,3384
t3,322,3,2,10924,8680,2244,1866,9058
t3,323,4,2,10566,10100,466,1779,8787
t3,324,1,4,9889,386,9503,356,9533
t3,325,2,4,9626,18,9608,6340,3286
t3,326,3,2,10785,8086,2699,2116,8669
t3,327,4,2,11045,10579,466,2108,8937
t3,328,1,4,9785,536,9249,477,9308
t3,329,2,4,9623,14,9609,6256,3367
t3,330,3,2,9935,6924,3011,2211,7724
t3,331,4,2,12070,11635,435,3046,9024
t3,332,1,4,9888,672,9216,627,9261
t3,333,2,4,9097,10,9087,5764,3333
t3,334,3,1,7816,4268,3548,2499,5317
t3,335,4,2,13735,13339,396,5419,8316
t3,336,1,4,10399,1597,8802,1532,8867
t3,337,2,4,8841,6,8835,5144,3697
t3,338,3,1,5829,1614,4215,2959,2870
t3,339,4,2,10240,10074,166,7848,2392
t3,340,1,2,8316,7544,772,7649,667
t3,341,2,4,16369,0,16369,11802,4567
t3,342,3,1,4977,36,4941,3369,1608
t3,343,4,2,10846,10717,129,9227,1619
t3,344,1,2,8999,8499,500,8679,320
t3,345,2,4,16365,28,16337,10459,5906
t3,346,3,1,5135,36,5099,3190,1945
t3,347,4,2,10801,10419,382,9019,1782
t3,348,1,2,9216,8705,511,8815,401
t3,349,2,4,15949,53,15896,9524,6425
t3,350,3,1,5335,34,5301,3225,2110
t3,351,4,2,10780,10220,560,8691,2089
t3,352,1,2,9374,8872,502,8894,480
t3,353,2,4,15519,97,15422,9303,6216
t3,354,3,1,5628,37,5591,3329,2299
t3,355,4,2,10719,9924,795,7541,3178
t3,356,1,2,9629,9130,499,8945,684
t3,357,2,4,15077,112,14965,9261,5816
t3,358,3,1,5793,38,5755,3242,2551
t3,359,4,2,10756,9667,1089,5343,5413
t3,360,1,2,9826,9330,496,8095,1731
t3,361,2,4,14137,163,13974,8844,5293
t3,362,3,4,6626,25,6601,3551,3075
t3,363,4,2,10683,9450,1233,2790,7893
t3,364,1,2,10048,9556,492,2509,7539
t3,365,2,4,12938,202,12736,2450,10488
t3,366,3,4,7515,27,7488,4137,3378
t3,367,4,2,10855,9217,1638,1609,9246
t3,368,1,2,10176,9699,477,1603,8573
t3,369,2,4,11410,253,11157,259,11151
t3,370,3,4,8728,25,8703,5399,3329
t3,371,4,2,10836,8975,1861,1663,9173
t3,372,1,2,10326,9854,472,1635,8691
t3,373,2,4,10618,337,10281,361,10257
t3,374,3,4,9295,23,9272,5991,3304
t3,375,4,2,10955,8668,2287,1959,8996
t3,376,1,2,10640,10170,470,1800,8840
t3,377,2,4,9949,382,9567,377,9572
t3,378,3,4,9594,24,9570,6265,3329
t3,379,4,2,10644,7975,2669,2079,8565
t3,380,1,2,11163,10715,448,2193,8970
t3,381,2,4,9740,513,9227,474,9266
t3,382,3,4,9336,12,9324,6041,3295
t3,383,4,2,8695,5416,3279,2358,6337
t3,384,1,2,12757,12347,410,4356,8401
t3,385,2,4,10334,1510,8824,1435,8899
t3,386,3,4,8829,6,8823,5247,3582
t3,387,4,1,6057,1813,4244,2920,3137
t3,388,1,2,10996,10771,225,7666,3330
t3,389,2,2,8665,6620,2045,6679,1986
t3,390,3,4,15107,0,15107,10771,4336
t3,391,4,1,4924,40,4884,3286,1638
t3,392,1,2,10852,10786,66,9250,1602
t3,393,2,3,8858,8338,520,8575,283
t3,394,3,4,16581,7,16574,11437,5144
t3,395,4,1,5063,35,5028,3377,1686
t3,396,1,2,10806,10615,191,9151,1655
t3,397,2,2,8987,8469,518,8653,334
t3,398,3,4,16296,27,16269,10460,5836
t3,399,4,1,5217,36,5181,3298,1919
t3,400,1,2,10841,10453,388,8987,1854
t3,401,2,2,9166,8653,513,8812,354
t3,402,3,4,15948,70,15878,9578,6370
t3,403,4,1,5330,39,5291,3251,2079
t3,404,1,2,10775,10177,598,8692,2083
t3,405,2,2,9407,8909,498,8941,466
t3,406,3,4,15541,97,15444,9319,6222
t3,407,4,1,5644,37,5607,3350,2294
t3,408,1,2,10730,9934,796,7624,3106
t3,409,2,2,9602,9112,490,8932,670
t3,410,3,4,14871,118,14753,9270,5601
t3,411,4,1,5964,34,5930,3398,2566
t3,412,1,2,10806,9656,1150,5268,5538
t3,413,2,2,9836,9344,492,7999,1837
t3,414,3,4,14132,165,13967,8616,5516
t3,415,4,1,6468,31,6437,3420,3048
t3,416,1,2,10694,9411,1283,2578,8116
t3,417,2,2,10053,9566,487,2476,7577
t3,418,3,4,13105,199,12906,2938,10167
t3,419,4,4,7434,27,7407,4045,3389
t3,420,1,2,10799,9213,1586,1539,9260
t3,421,2,2,10239,9756,483,1600,8639
t3,422,3,4,11085,268,10817,289,10796
t3,423,4,4,8945,25,8920,5622,3323
t3,424,1,2,10918,8740,2178,1802,9116
t3,425,2,2,10554,10079,475,1735,8819
t3,426,3,4,9942,398,9544,370,9572
t3,427,4,4,9698,16,9682,6404,3294
t3,428,1,2,10705,8107,2598,2040,8665
t3,429,2,2,10997,10525,472,2097,8900
t3,430,3,4,9815,569,9246,521,9294
t3,431,4,4,9442,12,9430,6099,3343
t3,432,1,2,9981,6799,3182,2430,7551
t3,433,2,2,12137,11684,453,3165,8972
t3,434,3,4,9921,749,9172,674,9247
t3,435,4,4,8996,9,8987,5526,3470
t3,436,1,1,7759,4049,3710,2606,5153
t3,437,2,2,13166,12787,379,5561,7605
t3,438,3,4,10841,2343,8498,2289,8552
t3,439,4,4,9085,6,9079,5479,3606
t3,440,1,1,5768,1465,4303,3064,2704
t3,441,2,2,10202,10059,143,7974,2228
t3,442,3,2,11383,7720,3663,7856,3527
t3,443,4,4,13546,1,13545,9503,4043
t3,444,1,1,4926,38,4888,3295,1631
t3,445,2,2,10919,10838,81,9271,1648
t3,446,3,3,8893,8374,519,8607,286
t3,447,4,4,16517,13,16504,11221,5296
t3,448,1,1,5049,38,5011,3319,1730
t3,449,2,2,10776,10572,204,9137,1639
t3,450,3,2,9036,8533,503,8698,338
t3,451,4,4,16200,43,16157,10134,6066
t3,452,1,1,5297,40,5257,3421,1876
t3,453,2,2,10808,10440,368,8957,1851
t3,454,3,2,9243,8737,506,8849,394
t3,455,4,4,15826,62,15764,9434,6392
t3,456,1,1,5487,36,5451,3273,2214
t3,457,2,2,10817,10150,667,8539,2278
t3,458,3,2,9445,8932,513,8960,485
t3,459,4,4,15387,79,15308,9280,6107
t3,460,1,1,5668,33,5635,3402,2266
t3,461,2,2,10715,9851,864,6967,3748
t3,462,3,2,9711,9214,497,8756,955
t3,463,4,4,14438,158,14280,9110,5328
t3,464,1,1,6452,31,6421,3513,2939
t3,465,2,2,10713,9477,1236,3153,7560
t3,466,3,2,9978,9496,482,1975,8003
t3,467,4,4,12976,233,12743,1482,11494
t3,468,1,4,7401,32,7369,4175,3226
t3,469,2,2,10876,9180,1696,1625,9251
t3,470,3,2,10247,9762,485,1646,8601
t3,471,4,4,11412,267,11145,284,11128
t3,472,1,4,8671,20,8651,5395,3276
t3,473,2,2,10880,8917,1963,1720,9160
t3,474,3,2,10388,9913,475,1658,8730
t3,475,4,4,10331,347,9984,361,9970
t3,476,1,4,9512,22,9490,6217,3295
t3,477,2,2,10990,8511,2479,1967,9023
t3,478,3,2,10683,10204,479,1799,8884
t3,479,4,4,9816,403,9413,385,9431
t3,480,1,4,9599,16,9583,6393,3206
t3,481,2,2,10577,7710,2867,2232,8345
t3,482,3,2,11408,10964,444,2452,8956
t3,483,4,4,9764,517,9247,477,9287
t3,484,1,4,9473,12,9461,6041,3432
t3,485,2,2,9632,6473,3159,2325,7307
t3,486,3,2,12341,11899,442,3416,8925
t3,487,4,4,9951,771,9180,688,9263
t3,488,1,4,8932,10,8922,5452,3480
t3,489,2,1,7348,3608,3740,2602,4746
t3,490,3,2,13289,12925,364,6003,7286
t3,491,4,4,10654,2675,7979,2628,8026
t3,492,1,4,9461,1,9460,5831,3630
t3,493,2,1,5366,973,4393,3056,2310
t3,494,3,2,10032,10007,25,8455,1577
t3,495,4,2,9347,8259,1088,8521,826
t3,496,1,4,16242,0,16242,11814,4428
t3,497,2,1,4957,33,4924,3242,1715
t3,498,3,2,10883,10762,121,9249,1634
t3,499,4,3,8872,8358,514,8578,294
t3,500,1,4,16486,22,16464,10932,5554
t3,501,2,1,5051,36,5015,3273,1778
t3,502,3,2,10805,10466,339,9098,1707
t3,503,4,2,9146,8632,514,8761,385
t3,504,1,4,15941,44,15897,9644,6297
t3,505,2,1,5333,32,5301,3345,1988
t3,506,3,2,10731,10150,581,8451,2280
t3,507,4,2,9466,8965,501,8967,499
t3,508,1,4,15428,105,15323,9296,6132
t3,509,2,1,5719,31,5688,3311,2408
t3,510,3,2,10770,9894,876,6734,4036
t3,511,4,2,9637,9137,500,8837,800
t3,512,1,4,14695,164,14531,9252,5443
t3,513,2,1,6095,34,6061,3398,2697
t3,514,3,2,10786,9590,1196,4641,6145
t3,515,4,2,9868,9396,472,6260,3608
t3,516,1,4,13734,202,13532,7092,6642
t3,517,2,4,6853,31,6822,3674,3179
t3,518,3,2,10761,9375,1386,1971,8790
t3,519,4,2,10115,9620,495,1598,8517
t3,520,1,4,12474,197,12277,259,12215
t3,521,2,4,7821,19,7802,4435,3386
t3,522,3,2,10907,9076,1831,1697,9210
t3,523,4,2,10264,9781,483,1640,8624
t3,524,1,4,11144,292,10852,310,10834
t3,525,2,4,8887,24,8863,5643,3244
t3,526,3,2,10953,8911,2042,1810,9143
t3,527,4,2,10404,9931,473,1629,8775
t3,528,1,4,10281,350,9931,344,9937
t3,529,2,4,9568,22,9546,6215,3353
t3,530,3,2,10828,8471,2357,1901,8927
t3,531,4,2,10748,10278,470,1850,8898
t3,532,1,4,9866,448,9418,426,9440
t3,533,2,4,9621,22,9599,6351,3270
t3,534,3,2,10454,7584,2870,2198,8256
t3,535,4,2,11506,11045,461,2511,8995
t3,536,1,4,9784,550,9234,497,9287
t3,537,2,4,9401,17,9384,5991,3410
t3,538,3,2,9206,5991,3215,2259,6947
t3,539,4,2,12701,12255,446,3855,8846
t3,540,1,4,9988,940,9048,853,9135
t3,541,2,4,8801,5,8796,5212,3589
t3,542,3,1,6388,2346,4042,2835,3553
t3,543,4,2,10540,10323,217,7177,3363
t3,544,1,1,8154,6615,1539,6666,1488
t3,545,2,4,15587,0,15587,11392,4195
t3,546,3,1,4952,42,4910,3271,1681
t3,547,4,2,10816,10732,84,9218,1598
t3,548,1,3,8914,8396,518,8622,292
t3,549,2,4,16546,14,16532,11145,5401
t3,550,3,1,5095,39,5056,3340,1755
t3,551,4,2,10844,10582,262,9194,1650
t3,552,1,2,9013,8504,509,8669,344
t3,553,2,4,16219,38,16181,10095,6124
t3,554,3,1,5304,41,5263,3354,1950
t3,555,4,2,10850,10419,431,8913,1937
t3,556,1,2,9240,8746,494,8841,399
t3,557,2,4,15880,65,15815,9465,6415
t3,558,3,1,5326,38,5288,3221,2105
t3,559,4,2,10741,10100,641,8487,2254
t3,560,1,2,9476,8972,504,8974,502
t3,561,2,4,15310,99,15211,9287,6023
t3,562,3,1,5771,39,5732,3394,2377
t3,563,4,2,10741,9851,890,7085,3656
t3,564,1,2,9615,9109,506,8917,698
t3,565,2,4,14639,138,14501,9228,5411
t3,566,3,1,6182,38,6144,3463,2719
t3,567,4,2,10807,9600,1207,4489,6318
t3,568,1,2,9862,9378,484,6985,2877
t3,569,2,4,13786,177,13609,7775,6011
t3,570,3,4,6747,32,6715,3643,3104
t3,571,4,2,10788,9379,1409,2242,8546
t3,572,1,2,9994,9502,492,1686,8308
t3,573,2,4,12935,228,12707,1605,11330
t3,574,3,4,7511,29,7482,4140,3371
t3,575,4,2,10818,9142,1676,1589,9229
t3,576,1,2,10295,9809,486,1655,8640
t3,577,2,4,11348,251,11097,275,11073
t3,578,3,4,8703,23,8680,5393,3310
t3,579,4,2,10923,8911,2012,1761,9162
t3,580,1,2,10415,9937,478,1666,8749
t3,581,2,4,10100,385,9715,385,9715
t3,582,3,4,9664,26,9638,6387,3277
t3,583,4,2,10731,8187,2544,1972,8759
t3,584,1,2,11002,10542,460,2016,8986
t3,585,2,4,9759,519,9240,459,9300
t3,586,3,4,9379,14,9365,6066,3313
t3,587,4,2,9357,6083,3274,2386,6971
t3,588,1,2,12711,12276,435,3753,8958
t3,589,2,4,9971,780,9191,718,9253
t3,590,3,4,8869,9,8860,5318,3551
t3,591,4,1,7503,3669,3834,2689,4814
t3,592,1,2,13576,13198,378,5929,7647
t3,593,2,4,10527,2280,8247,2235,8292
t3,594,3,4,9264,4,9260,5618,3646
t3,595,4,1,5497,1063,4434,3093,2404
t3,596,1,2,10194,10108,86,8355,1839
t3,597,2,2,9382,7994,1388,8177,1205
t3,598,3,4,15922,0,15922,11682,4240
t3,599,4,1,4871,47,4824,3205,1666
t3,600,1,2,10820,10726,94,9199,1621
t3,601,2,3,8909,8396,513,8651,258
t3,602,3,4,16481,16,16465,11166,5315
t3,603,4,1,5057,35,5022,3233,1824
t3,604,1,2,10817,10576,241,9162,1655
t3,605,2,2,9035,8525,510,8714,321
t3,606,3,4,16130,33,16097,9960,6170
t3,607,4,1,5358,34,5324,3367,1991
t3,608,1,2,10830,10385,445,8963,1867
t3,609,2,2,9246,8739,507,8848,398
t3,610,3,4,15834,80,15754,9398,6436
t3,611,4,1,5359,38,5321,3153,2206
t3,612,1,2,10787,10044,743,8199,2588
t3,613,2,2,9475,8987,488,8948,527
t3,614,3,4,15321,114,15207,9282,6039
t3,615,4,1,5713,39,5674,3317,2396
t3,616,1,2,10748,9859,889,6941,3807
t3,617,2,2,9693,9190,503,8931,762
t3,618,3,4,14823,124,14699,9251,5572
t3,619,4,1,5988,30,5958,3313,2675
t3,620,1,2,10765,9593,1172,4442,6323
t3,621,2,2,9933,9433,500,5097,4836
t3,622,3,4,13195,189,13006,4352,8843
t3,623,4,4,7286,33,7253,3957,3329
t3,624,1,2,10709,9189,1520,1486,9223
t3,625,2,2,10207,9726,481,1606,8601
t3,626,3,4,11453,274,11179,297,11156
t3,627,4,4,8703,25,8678,5391,3312
t3,628,1,2,10917,8918,1999,1721,9196
t3,629,2,2,10408,9924,484,1678,8730
t3,630,3,4,10288,326,9962,320,9968
t3,631,4,4,9497,23,9474,6101,3396
t3,632,1,2,11024,8572,2452,2030,8994
t3,633,2,2,10648,10183,465,1761,8887
t3,634,3,4,9811,368,9443,349,9462
t3,635,4,4,9656,19,9637,6343,3313
t3,636,1,2,10597,7879,2718,2076,8521
t3,637,2,2,11215,10751,464,2222,8993
t3,638,3,4,9753,520,9233,463,9290
t3,639,4,4,9481,15,9466,6186,3295
t3,640,1,2,9414,6292,3122,2298,7116
t3,641,2,2,12530,12099,431,3581,8949
t3,642,3,4,9987,792,9195,737,9250
t3,643,4,4,8932,9,8923,5458,3474
t3,644,1,1,7744,3983,3761,2633,5111
t3,645,2,2,13081,12707,374,5655,7426
t3,646,3,4,10823,2535,8288,2497,8326
t3,647,4,4,9105,2,9103,5512,3593
t3,648,1,1,5706,1256,4450,3167,2539
t3,649,2,2,9943,9843,100,8199,1744
t3,650,3,2,8779,8099,680,8270,509
t3,651,4,4,16580,0,16580,12127,4453
t3,652,1,1,4964,41,4923,3301,1663
t3,653,2,2,10908,10786,122,9222,1686
t3,654,3,3,8884,8374,510,8586,298
t3,655,4,4,16439,14,16425,11049,5390
t3,656,1,1,5020,36,4984,3181,1839
t3,657,2,2,10882,10621,261,9145,1737
t3,658,3,2,9057,8547,510,8707,350
t3,659,4,4,16259,35,16224,10042,6217
t3,660,1,1,5151,32,5119,3237,1914
t3,661,2,2,10735,10300,435,8901,1834
t3,662,3,2,9316,8814,502,8865,451
t3,663,4,4,15582,80,15502,9322,6260
t3,664,1,1,5580,38,5542,3328,2252
t3,665,2,2,10778,9978,800,7715,3063
t3,666,3,2,9583,9085,498,8922,661
t3,667,4,4,14824,121,14703,9267,5557
t3,668,1,1,5986,25,5961,3422,2564
t3,669,2,2,10775,9642,1133,5070,5705
t3,670,3,2,9858,9363,495,7626,2232
t3,671,4,4,13936,169,13767,8264,5672
t3,672,1,4,6775,31,6744,3665,3110
t3,673,2,2,10713,9403,1310,2639,8074
t3,674,3,2,10066,9573,493,2244,7822
t3,675,4,4,12724,224,12500,565,12159
t3,676,1,4,7627,29,7598,4258,3369
t3,677,2,2,10887,9165,1722,1657,9230
t3,678,3,2,10243,9760,483,1616,8627
t3,679,4,4,11555,248,11307,270,11285
t3,680,1,4,8510,26,8484,5184,3326
t3,681,2,2,10951,8930,2021,1762,9189
t3,682,3,2,10447,9968,479,1712,8735
t3,683,4,4,10551,321,10230,316,10235
t3,684,1,4,9304,18,9286,5933,3371
t3,685,2,2,10933,8609,2324,1924,9009
t3,686,3,2,10613,10137,476,1772,8841
t3,687,4,4,9871,439,9432,388,9483
t3,688,1,4,9634,17,9617,6296,3338
t3,689,2,2,10652,7944,2708,2095,8557
t3,690,3,2,11162,10700,462,2203,8959
t3,691,4,4,9750,509,9241,465,9285
t3,692,1,4,9421,14,9407,6177,3244
t3,693,2,2,9649,6505,3144,2344,7305
t3,694,3,2,12363,11920,443,3402,8961
t3,695,4,4,9969,789,9180,719,9250
t3,696,1,4,8936,8,8928,5433,3503
t3,697,2,1,7584,3765,3819,2742,4842
t3,698,3,2,13356,12994,362,5908,7448
t3,699,4,4,10472,2421,8051,2374,8098
t3,700,1,4,9265,0,9265,5705,3560
t3,701,2,1,5122,556,4566,3186,1936
t3,702,3,2,10407,10399,8,8798,1609
t3,703,4,3,8776,8272,504,8522,254
t3,704,1,4,16716,6,16710,11912,4804
t3,705,2,1,4967,43,4924,3271,1696
t3,706,3,2,10833,10633,200,9205,1628
t3,707,4,2,9047,8528,519,8693,354
t3,708,1,4,16219,27,16192,10115,6104
t3,709,2,1,5244,41,5203,3294,1950
t3,710,3,2,10855,10413,442,9020,1835
t3,711,4,2,9209,8715,494,8810,399
t3,712,1,4,15898,56,15842,9458,6440
t3,713,2,1,5379,37,5342,3218,2161
t3,714,3,2,10809,10185,624,8579,2230
t3,715,4,2,9401,8901,500,8913,488
t3,716,1,4,15391,102,15289,9280,6111
t3,717,2,1,5635,38,5597,3348,2287
t3,718,3,2,10732,9866,866,7153,3579
t3,719,4,2,9619,9122,497,8889,730
t3,720,1,4,14734,135,14599,9263,5471
t3,721,2,1,6100,29,6071,3396,2704
t3,722,3,2,10734,9590,1144,4782,5952
t3,723,4,2,9867,9372,495,7752,2115
t3,724,1,4,14081,176,13905,8398,5683
t3,725,2,1,6518,34,6484,3465,3053
t3,726,3,2,10734,9431,1303,2499,8235
t3,727,4,2,9984,9495,489,1951,8033
t3,728,1,4,12909,215,12694,1655,11254
t3,729,2,4,7597,24,7573,4181,3416
t3,730,3,2,10773,9171,1602,1548,9225
t3,731,4,2,10201,9724,477,1600,8601
t3,732,1,4,11683,267,11416,297,11386
t3,733,2,4,8459,25,8434,5123,3336
t3,734,3,2,10936,8992,1944,1736,9200
t3,735,4,2,10414,9933,481,1662,8752
t3,736,1,4,10416,316,10100,324,10092
t3,737,2,4,9399,18,9381,6050,3349
t3,738,3,2,10880,8583,2297,1878,9002
t3,739,4,2,10651,10182,469,1852,8799
t3,740,1,4,9842,411,9431,386,9456
t3,741,2,4,9671,18,9653,6337,3334
t3,742,3,2,10550,7665,2885,2197,8353
t3,743,4,2,11399,10947,452,2398,9001
t3,744,1,4,9837,616,9221,560,9277
t3,745,2,4,9253,8,9245,5879,3374
t3,746,3,2,8146,4752,3394,2391,5755
t3,747,4,2,12928,12540,388,4933,7995
t3,748,1,4,10698,1898,8800,1858,8840
t3,749,2,4,8884,4,8880,5186,3698
t3,750,3,1,5248,1013,4235,2954,2294
t3,751,4,2,10425,10292,133,8403,2022
t3,752,1,2,9543,7824,1719,7968,1575
t3,753,2,4,15499,0,15499,11232,4267
t3,754,3,1,4968,31,4937,3379,1589
t3,755,4,2,10824,10773,51,9208,1616
t3,756,1,2,8896,8389,507,8585,311
t3,757,2,4,16575,14,16561,11296,5279
t3,758,3,1,4975,34,4941,3275,1700
t3,759,4,2,10865,10650,215,9153,1712
t3,760,1,2,8995,8494,501,8672,323
t3,761,2,4,16196,32,16164,10016,6180
t3,762,3,1,5180,35,5145,3251,1929
t3,763,4,2,10884,10363,521,9011,1873
t3,764,1,2,9247,8748,499,8849,398
t3,765,2,4,15805,63,15742,9444,6361
t3,766,3,1,5357,42,5315,3265,2092
t3,767,4,2,10814,10124,690,8482,2332
t3,768,1,2,9438,8936,502,8961,477
t3,769,2,4,15407,85,15322,9286,6121
t3,770,3,1,5647,43,5604,3305,2342
t3,771,4,2,10735,9875,860,7179,3556
t3,772,1,2,9646,9134,512,8927,719
t3,773,2,4,14849,143,14706,9287,5562
t3,774,3,1,6143,32,6111,3436,2707
t3,775,4,2,10716,9595,1121,4710,6006
t3,776,1,2,9937,9444,493,7366,2571
t3,777,2,4,13904,155,13749,8168,5736
t3,778,3,4,6645,32,6613,3527,3118
t3,779,4,2,10792,9391,1401,2511,8281
t3,780,1,2,10049,9559,490,1702,8347
t3,781,2,4,12502,198,12304,245,12257
t3,782,3,4,7829,30,7799,4481,3348
t3,783,4,2,10784,9137,1647,1528,9256
t3,784,1,2,10243,9763,480,1606,8637
t3,785,2,4,10724,316,10408,322,10402
t3,786,3,4,9203,27,9176,5904,3299
t3,787,4,2,10856,8626,2230,1873,8983
t3,788,1,2,10616,10141,475,1756,8860
t3,789,2,4,9961,394,9567,382,9579
t3,790,3,4,9654,19,9635,6320,3334
t3,791,4,2,10612,8065,2547,1921,8691
t3,792,1,2,11072,10602,470,2124,8948
t3,793,2,4,9780,510,9270,471,9309
t3,794,3,4,9527,16,9511,6265,3262
t3,795,4,2,9935,6802,3133,2397,7538
t3,796,1,2,12128,11694,434,3179,8949
t3,797,2,4,9880,672,9208,631,9249
t3,798,3,4,9050,10,9040,5652,3398
t3,799,4,2,8288,4693,3595,2540,5748
t3,800,1,2,12769,12376,393,5004,7765
t3,801,2,4,10902,2149,8753,2099,8803
t3,802,3,4,8807,3,8804,5188,3619
t3,803,4,1,5794,1599,4195,2939,2855
t3,804,1,2,11239,11007,232,7887,3352
t3,805,2,1,8025,6621,1404,6684,1341
t3,806,3,4,15685,1,15684,11436,4249
t3,807,4,1,4941,43,4898,3424,1517
t3,808,1,2,10846,10793,53,9269,1577
t3,809,2,3,8908,8391,517,8615,293
t3,810,3,4,16407,10,16397,11305,5102
t3,811,4,1,5094,36,5058,3353,1741
t3,812,1,2,10844,10614,230,9157,1687
t3,813,2,2,9026,8516,510,8701,325
t3,814,3,4,16278,44,16234,10260,6018
t3,815,4,1,5155,39,5116,3329,1826
t3,816,1,2,10815,10382,433,9023,1792
t3,817,2,2,9255,8749,506,8853,402
t3,818,3,4,15891,59,15832,9520,6371
t3,819,4,1,5387,38,5349,3262,2125
t3,820,1,2,10752,10139,613,8546,2206
t3,821,2,2,9427,8931,496,8932,495
t3,822,3,4,15308,89,15219,9268,6040
t3,823,4,1,5773,39,5734,3387,2386
t3,824,1,2,10714,9819,895,6352,4362
t3,825,2,2,9730,9231,499,8490,1240
t3,826,3,4,14245,162,14083,8941,5304
t3,827,4,1,6447,28,6419,3524,2923
t3,828,1,2,10762,9469,1293,3169,7593
t3,829,2,2,10045,9551,494,3859,6186
t3,830,3,4,13114,191,12923,3510,9604
t3,831,4,4,7337,29,7308,4033,3304
t3,832,1,2,10870,9236,1634,1620,9250
t3,833,2,2,10168,9680,488,1616,8552
t3,834,3,4,11975,258,11717,283,11692
t3,835,4,4,8248,29,8219,4976,3272
t3,836,1,2,10864,9074,1790,1645,9219
t3,837,2,2,10267,9782,485,1579,8688
t3,838,3,4,10835,340,10495,336,10499
t3,839,4,4,9253,22,9231,5814,3439
t3,840,1,2,10906,8706,2200,1814,9092
t3,841,2,2,10610,10131,479,1747,8863
t3,842,3,4,10019,401,9618,399,9620
t3,843,4,4,9533,17,9516,6298,3235
t3,844,1,2,10798,8142,2656,2095,8703
t3,845,2,2,11004,10553,451,2083,8921
t3,846,3,4,9777,495,9282,458,9319
t3,847,4,4,9436,14,9422,6138,3298
t3,848,1,2,10081,7022,3059,2303,7778
t3,849,2,2,11955,11513,442,2995,8960
t3,850,3,4,9817,619,9198,549,9268
t3,851,4,4,9100,8,9092,5630,3470
t3,852,1,1,8021,4379,3642,2605,5416
t3,853,2,2,13409,13015,394,5320,8089
t3,854,3,4,10714,1811,8903,1772,8942
t3,855,4,4,8667,3,8664,5207,3460
t3,856,1,1,6003,1736,4267,3012,2991
t3,857,2,2,11594,11348,246,7697,3897
t3,858,3,2,10308,6070,4238,6097,4211
t3,859,4,4,12989,0,12989,8838,4151
t3,860,1,1,4895,43,4852,3300,1595
t3,861,2,2,10834,10781,53,9238,1596
t3,862,3,3,8866,8364,502,8574,292
t3,863,4,4,16378,21,16357,10757,5621
t3,864,1,1,5146,36,5110,3301,1845
t3,865,2,2,10809,10476,333,9109,1700
t3,866,3,2,9165,8658,507,8775,390
t3,867,4,4,15998,58,15940,9597,6401
t3,868,1,1,5275,30,5245,3197,2078
t3,869,2,2,10735,10207,528,8668,2067
t3,870,3,2,9365,8868,497,8935,430
t3,871,4,4,15505,86,15419,9297,6208
t3,872,1,1,5609,34,5575,3315,2294
t3,873,2,2,10723,9925,798,7643,3080
t3,874,3,2,9606,9116,490,8957,649
t3,875,4,4,14942,109,14833,9257,5685
t3,876,1,1,5898,39,5859,3381,2517
t3,877,2,2,10779,9691,1088,5718,5061
t3,878,3,2,9792,9303,489,8325,1467
t3,879,4,4,14390,151,14239,9043,5347
t3,880,1,1,6314,28,6286,3512,2802
t3,881,2,2,10752,9469,1283,2853,7899
t3,882,3,2,10001,9520,481,3291,6710
t3,883,4,4,13258,189,13069,4306,8952
t3,884,1,4,7259,26,7233,3911,3348
t3,885,2,2,10832,9227,1605,1601,9231
t3,886,3,2,10240,9756,484,1652,8588
t3,887,4,4,11840,271,11569,299,11541
t3,888,1,4,8267,23,8244,5002,3265
t3,889,2,2,10929,9033,1896,1713,9216
t3,890,3,2,10316,9837,479,1608,8708
t3,891,4,4,10496,305,10191,306,10190
t3,892,1,4,9389,21,9368,6053,3336
t3,893,2,2,10926,8691,2235,1862,9064
t3,894,3,2,10564,10086,478,1755,8809
t3,895,4,4,9856,374,9482,354,9502
t3,896,1,4,9672,25,9647,6328,3344
t3,897,2,2,10663,7963,2700,2089,8574
t3,898,3,2,11150,10694,456,2190,8960
t3,899,4,4,9756,485,9271,459,9297
t3,900,1,4,9411,14,9397,6114,3297
t3,901,2,2,9477,6384,3093,2278,7199
t3,902,3,2,12377,11946,431,3515,8862
t3,903,4,4,9997,881,9116,794,9203
t3,904,1,4,8933,7,8926,5334,3599
t3,905,2,1,6569,2640,3929,2757,3812
t3,906,3,2,10768,10528,240,6871,3897
t3,907,4,2,9348,6096,3252,6141,3207
t3,908,1,4,13845,0,13845,9757,4088
t3,909,2,1,4936,40,4896,3325,1611
t3,910,3,2,10796,10739,57,9245,1551
t3,911,4,3,8862,8363,499,8586,276
t3,912,1,4,16541,17,16524,11350,5191
t3,913,2,1,5026,39,4987,3253,1773
t3,914,3,2,10842,10646,196,9197,1645
t3,915,4,2,9011,8511,500,8666,345
t3,916,1,4,16126,38,16088,10005,6121
t3,917,2,1,5385,40,5345,3385,2000
t3,918,3,2,10774,10356,418,8977,1797
t3,919,4,2,9259,8747,512,8863,396
t3,920,1,4,15843,67,15776,9506,6337
t3,921,2,1,5418,33,5385,3290,2128
t3,922,3,2,10781,10144,637,8567,2214
t3,923,4,2,9436,8922,514,8953,483
t3,924,1,4,15540,84,15456,9288,6252
t3,925,2,1,5567,37,5530,3278,2289
t3,926,3,2,10686,9868,818,7310,3376
t3,927,4,2,9725,9221,504,8997,728
t3,928,1,4,14796,125,14671,9256,5540
t3,929,2,1,6132,37,6095,3475,2657
t3,930,3,2,10733,9656,1077,5332,5401
t3,931,4,2,9866,9373,493,7394,2472
t3,932,1,4,13949,163,13786,8517,5432
t3,933,2,1,6716,38,6678,3605,3111
t3,934,3,2,10728,9400,1328,2504,8224
t3,935,4,2,10032,9546,486,2487,7545
t3,936,1,4,12772,223,12549,899,11873
t3,937,2,4,7657,34,7623,4323,3334
t3,938,3,2,10799,9153,1646,1571,9228
t3,939,4,2,10204,9727,477,1594,8610
t3,940,1,4,11499,268,11231,291,11208
t3,941,2,4,8564,23,8541,5286,3278
t3,942,3,2,11001,8946,2055,1825,9176
t3,943,4,2,10382,9919,463,1625,8757
t3,944,1,4,10064,353,9711,351,9713
t3,945,2,4,9695,31,9664,6303,3392
t3,946,3,2,10643,8219,2424,1889,8754
t3,947,4,2,10981,10524,457,2009,8972
t3,948,1,4,9738,469,9269,433,9305
t3,949,2,4,9491,11,9480,6088,3403
t3,950,3,2,9541,6443,3098,2283,7258
t3,951,4,2,12419,11980,439,3494,8925
t3,952,1,4,9988,775,9213,722,9266
t3,953,2,4,8956,10,8946,5525,3431
t3,954,3,1,8108,4386,3722,2621,5487
t3,955,4,2,12826,12450,376,5247,7579
t3,956,1,4,10374,2314,8060,2258,8116
t3,957,2,4,9453,2,9451,5866,3587
t3,958,3,1,5498,1158,4340,3039,2459
t3,959,4,2,10186,10084,102,8219,1967
t3,960,1,2,8957,7952,1005,8123,834
t3,961,2,4,16235,0,16235,11811,4424
t3,962,3,1,4971,35,4936,3334,1637
t3,963,4,2,10876,10767,109,9219,1657
t3,964,1,3,8921,8408,513,8630,291
t3,965,2,4,16511,11,16500,11126,5385
t3,966,3,1,4997,43,4954,3240,1757
t3,967,4,2,10860,10588,272,9174,1686
t3,968,1,2,9053,8548,505,8721,332
t3,969,2,4,16248,31,16217,10063,6185
t3,970,3,1,5154,37,5117,3286,1868
t3,971,4,2,10802,10362,440,8977,1825
t3,972,1,2,9235,8734,501,8830,405
t3,973,2,4,15851,71,15780,9461,6390
t3,974,3,1,5354,39,5315,3237,2117
t3,975,4,2,10777,10103,674,8465,2312
t3,976,1,2,9464,8969,495,8976,488
t3,977,2,4,15287,76,15211,9269,6018
t3,978,3,1,5657,33,5624,3292,2365
t3,979,4,2,10784,9842,942,7297,3487
t3,980,1,2,9650,9151,499,8938,712
t3,981,2,4,14761,139,14622,9218,5543
t3,982,3,1,6154,35,6119,3479,2675
t3,983,4,2,10758,9587,1171,3892,6866
t3,984,1,2,9968,9480,488,3757,6211
t3,985,2,4,13288,190,13098,4422,8866
t3,986,3,4,7115,28,7087,3867,3248
t3,987,4,2,10842,9182,1660,1606,9236
t3,988,1,2,10195,9722,473,1612,8583
t3,989,2,4,11516,290,11226,317,11199
t3,990,3,4,8455,28,8427,5256,3199
t3,991,4,2,10980,8895,2085,1786,9194
t3,992,1,2,10419,9948,471,1662,8757
t3,993,2,4,10349,333,10016,334,10015
t3,994,3,4,9494,18,9476,6167,3327
t3,995,4,2,10969,8571,2398,1969,9000
t3,996,1,2,10655,10179,476,1772,8883
t3,997,2,4,9832,443,9389,439,9393
t3,998,3,4,9651,16,9635,6392,3259
t3,999,4,2,10526,7733,2793,2127,8399
t3,1000,1,2,11368,10917,451,2379,8989
t3,1001,2,4,9763,528,9235,485,9278
t3,1002,3,4,9359,10,9349,5962,3397
t3,1003,4,2,9197,5971,3226,2305,6892
t3,1004,1,2,12805,12378,427,3861,8944
t3,1005,2,4,9985,841,9144,757,9228
t3,1006,3,4,8877,7,8870,5321,3556
t3,1007,4,1,7446,3555,3891,2742,4704
t3,1008,1,2,13230,12871,359,6050,7180
t3,1009,2,4,10418,2707,7711,2696,7722
t3,1010,3,4,9673,1,9672,6038,3635
t3,1011,4,1,5072,573,4499,3119,1953
t3,1012,1,2,10373,10346,27,8796,1577
t3,1013,2,2,8906,8234,672,8464,442
t3,1014,3,4,16673,0,16673,12248,4425
t3,1015,4,1,4922,48,4874,3264,1658
t3,1016,1,2,10855,10753,102,9229,1626
t3,1017,2,2,8993,8469,524,8668,325
t3,1018,3,4,16425,22,16403,10840,5585
t3,1019,4,1,5174,33,5141,3304,1870
t3,1020,1,2,10852,10542,310,9136,1716
t3,1021,2,2,9084,8574,510,8730,354
t3,1022,3,4,16070,32,16038,9649,6421
t3,1023,4,1,5255,33,5222,3319,1936
t3,1024,1,2,10755,10216,539,8686,2069
t3,1025,2,2,9388,8887,501,8923,465
t3,1026,3,4,15407,99,15308,9294,6113
t3,1027,4,1,5729,38,5691,3337,2392
t3,1028,1,2,10713,9826,887,6892,3821
t3,1029,2,2,9679,9174,505,8894,785
t3,1030,3,4,14739,152,14587,9243,5496
t3,1031,4,1,6123,36,6087,3404,2719
t3,1032,1,2,10751,9616,1135,4937,5814
t3,1033,2,2,9902,9401,501,7229,2673
t3,1034,3,4,13896,180,13716,8069,5827
t3,1035,4,4,6748,38,6710,3638,3110
t3,1036,1,2,10690,9332,1358,1829,8861
t3,1037,2,2,10045,9563,482,1591,8454
t3,1038,3,4,12522,232,12290,386,12136
t3,1039,4,4,7957,19,7938,4532,3425
t3,1040,1,2,10755,9155,1600,1516,9239
t3,1041,2,2,10295,9823,472,1650,8645
t3,1042,3,4,11283,253,11030,280,11003
t3,1043,4,4,8721,27,8694,5473,3248
t3,1044,1,2,10915,8876,2039,1778,9137
t3,1045,2,2,10359,9892,467,1639,8720
t3,1046,3,4,10130,335,9795,346,9784
t3,1047,4,4,9650,21,9629,6314,3336
t3,1048,1,2,10922,8476,2446,2008,8914
t3,1049,2,2,10748,10274,474,1874,8874
t3,1050,3,4,9757,402,9355,377,9380
t3,1051,4,4,9674,16,9658,6361,3313
t3,1052,1,2,10467,7664,2803,2147,8320
t3,1053,2,2,11396,10945,451,2413,8983
t3,1054,3,4,9811,564,9247,528,9283
t3,1055,4,4,9431,18,9413,6089,3342
t3,1056,1,2,9091,5975,3116,2270,6821
t3,1057,2,2,12792,12367,425,3871,8921
t3,1058,3,4,9988,830,9158,753,9235
t3,1059,4,4,8848,7,8841,5354,3494
t3,1060,1,1,7377,3476,3901,2770,4607
t3,1061,2,2,12121,11803,318,6144,5977
t3,1062,3,2,9580,3942,5638,3933,5647
t3,1063,4,4,11532,0,11532,7638,3894
t3,1064,1,1,4918,44,4874,3313,1605
t3,1065,2,2,10863,10841,22,9223,1640
t3,1066,3,2,8871,8362,509,8562,309
t3,1067,4,4,16520,17,16503,11218,5302
t3,1068,1,1,4990,38,4952,3277,1713
t3,1069,2,2,10837,10567,270,9116,1721
t3,1070,3,2,9078,8572,506,8724,354
t3,1071,4,4,16114,30,16084,9895,6219
t3,1072,1,1,5252,40,5212,3300,1952
t3,1073,2,2,10832,10325,507,8981,1851
t3,1074,3,2,9259,8762,497,8847,412
t3,1075,4,4,15769,51,15718,9399,6370
t3,1076,1,1,5486,38,5448,3352,2134
t3,1077,2,2,10746,10132,614,8353,2393
t3,1078,3,2,9435,8941,494,8974,461
t3,1079,4,4,15352,98,15254,9291,6061
t3,1080,1,1,5714,30,5684,3319,2395
t3,1081,2,2,10678,9832,846,6653,4025
t3,1082,3,2,9689,9198,491,8911,778
t3,1083,4,4,14586,123,14463,9235,5351
t3,1084,1,1,6224,35,6189,3496,2728
t3,1085,2,2,10784,9605,1179,4843,5941
t3,1086,3,2,9894,9406,488,6253,3641
t3,1087,4,4,13755,164,13591,7258,6497
t3,1088,1,4,6752,32,6720,3567,3185
t3,1089,2,2,10780,9365,1415,1975,8805
t3,1090,3,2,10064,9573,491,1604,8460
t3,1091,4,4,12229,213,12016,247,11982
t3,1092,1,4,8051,28,8023,4745,3306
t3,1093,2,2,10849,9108,1741,1607,9242
t3,1094,3,2,10311,9836,475,1651,8660
t3,1095,4,4,11239,272,10967,301,10938
t3,1096,1,4,8766,28,8738,5485,3281
t3,1097,2,2,11001,8851,2150,1841,9160
t3,1098,3,2,10479,10009,470,1710,8769
t3,1099,4,4,10299,311,9988,312,9987
t3,1100,1,4,9389,17,9372,6152,3237
t3,1101,2,2,10832,8410,2422,1937,8895
t3,1102,3,2,10794,10323,471,1873,8921
t3,1103,4,4,9746,479,9267,436,9310
t3,1104,1,4,9610,15,9595,6232,3378
t3,1105,2,2,9723,6662,3061,2273,7450
t3,1106,3,2,12211,11780,431,3264,8947
t3,1107,4,4,10006,822,9184,773,9233
t3,1108,1,4,8859,7,8852,5376,3483
t3,1109,2,1,7263,3473,3790,2614,4649
t3,1110,3,2,13610,13231,379,6105,7505
t3,1111,4,4,9534,2478,7056,2397,7137
t3,1112,1,4,10204,0,10204,6489,3715
t3,1113,2,1,4941,325,4616,3194,1747
t3,1114,3,2,10662,10645,17,9046,1616
t3,1115,4,3,8821,8240,581,8489,332
t3,1116,1,4,16646,0,16646,12050,4596
t3,1117,2,1,5036,36,5000,3325,1711
t3,1118,3,2,10779,10679,100,9178,1601
t3,1119,4,2,8926,8418,508,8621,305
t3,1120,1,4,16488,11,16477,11028,5460
t3,1121,2,1,5073,37,5036,3304,1769
t3,1122,3,2,10763,10483,280,9127,1636
t3,1123,4,2,9116,8597,519,8760,356
t3,1124,1,4,16167,49,16118,9878,6289
t3,1125,2,1,5221,39,5182,3279,1942
t3,1126,3,2,10833,10307,526,8952,1881
t3,1127,4,2,9271,8769,502,8869,402
t3,1128,1,4,15815,61,15754,9375,6440
t3,1129,2,1,5407,34,5373,3206,2201
t3,1130,3,2,10801,10080,721,8313,2488
t3,1131,4,2,9517,9005,512,8961,556
t3,1132,1,4,15301,111,15190,9263,6038
t3,1133,2,1,5716,42,5674,3290,2426
t3,1134,3,2,10705,9814,891,6659,4046
t3,1135,4,2,9712,9213,499,8898,814
t3,1136,1,4,14497,133,14364,9197,5300
t3,1137,2,1,6296,34,6262,3442,2854
t3,1138,3,2,10724,9497,1227,3894,6830
t3,1139,4,2,9995,9491,504,6094,3901
t3,1140,1,4,13648,175,13473,7097,6551
t3,1141,2,4,6873,33,6840,3601,3272
t3,1142,3,2,10858,9292,1566,1593,9265
t3,1143,4,2,10109,9628,481,1518,8591
t3,1144,1,4,11705,268,11437,284,11421
t3,1145,2,4,8494,32,8462,5132,3362
t3,1146,3,2,10868,8963,1905,1701,9167
t3,1147,4,2,10372,9900,472,1615,8757
t3,1148,1,4,10199,346,9853,335,9864
t3,1149,2,4,9557,19,9538,6228,3329
t3,1150,3,2,10931,8469,2462,2003,8928
t3,1151,4,2,10764,10304,460,1862,8902
t3,1152,1,4,9782,435,9347,410,9372
t3,1153,2,4,9601,19,9582,6314,3287
t3,1154,3,2,10473,7615,2858,2204,8269
t3,1155,4,2,11417,10966,451,2470,8947
t3,1156,1,4,9792,562,9230,518,9274
t3,1157,2,4,9219,11,9208,5861,3358
t3,1158,3,2,8990,5701,3289,2397,6593
t3,1159,4,2,12831,12411,420,4126,8705
t3,1160,1,4,10260,1104,9156,1038,9222
t3,1161,2,4,8787,7,8780,5354,3433
t3,1162,3,1,7127,3246,3881,2708,4419
t3,1163,4,2,12718,12376,342,6323,6395
t3,1164,1,4,11192,3536,7656,3520,7672
t3,1165,2,4,9723,0,9723,5966,3757
t3,1166,3,1,4671,151,4520,3115,1556
t3,1167,4,2,10758,10746,12,9199,1559
t3,1168,1,3,8809,8278,531,8522,287
t3,1169,2,4,16725,1,16724,11982,4743
t3,1170,3,1,4951,44,4907,3336,1615
t3,1171,4,2,10816,10706,110,9201,1615
t3,1172,1,2,8937,8433,504,8632,305
t3,1173,2,4,16432,19,16413,10700,5732
t3,1174,3,1,5089,32,5057,3270,1819
t3,1175,4,2,10828,10518,310,9111,1717
t3,1176,1,2,9109,8600,509,8765,344
t3,1177,2,4,16013,44,15969,9717,6296
t3,1178,3,1,5320,39,5281,3251,2069
t3,1179,4,2,10773,10271,502,8808,1965
t3,1180,1,2,9316,8806,510,8884,432
t3,1181,2,4,15612,83,15529,9335,6277
t3,1182,3,1,5569,31,5538,3336,2233
t3,1183,4,2,10747,9989,758,7762,2985
t3,1184,1,2,9599,9109,490,8902,697
t3,1185,2,4,14840,116,14724,9255,5585
t3,1186,3,1,6032,36,5996,3409,2623
t3,1187,4,2,10722,9572,1150,4612,6110
t3,1188,1,2,9960,9468,492,5757,4203
t3,1189,2,4,13619,198,13421,6920,6699
t3,1190,3,4,6965,33,6932,3655,3310
t3,1191,4,2,10774,9291,1483,1526,9248
t3,1192,1,2,10116,9631,485,1612,8504
t3,1193,2,4,12372,262,12110,289,12083
t3,1194,3,4,8027,29,7998,4610,3417
t3,1195,4,2,10841,9108,1733,1626,9215
t3,1196,1,2,10299,9814,485,1639,8660
t3,1197,2,4,11006,312,10694,342,10664
t3,1198,3,4,8950,24,8926,5672,3278
t3,1199,4,2,10941,8807,2134,1848,9093
t3,1200,1,2,10453,9990,463,1671,8782
t3,1201,2,4,10077,381,9696,368,9709
t3,1202,3,4,9644,22,9622,6252,3392
t3,1203,4,2,10776,8234,2542,1998,8778
t3,1204,1,2,10961,10501,460,2037,8924
t3,1205,2,4,9782,479,9303,451,9331
t3,1206,3,4,9551,15,9536,6359,3192
t3,1207,4,2,10422,7410,3012,2251,8171
t3,1208,1,2,11568,11112,456,2575,8993
t3,1209,2,4,9815,601,9214,539,9276
t3,1210,3,4,9299,13,9286,5982,3317
t3,1211,4,2,8533,5215,3318,2383,6150
t3,1212,1,2,13221,12803,418,4548,8673
t3,1213,2,4,10252,1220,9032,1166,9086
t3,1214,3,4,8835,8,8827,5365,3470
t3,1215,4,1,6833,2801,4032,2844,3989
t3,1216,1,2,10835,10580,255,6717,4118
t3,1217,2,2,11966,5859,6107,5901,6065
t3,1218,3,4,11125,0,11125,7294,3831
t3,1219,4,1,4880,88,4792,3210,1670
t3,1220,1,2,10833,10817,16,9203,1630
t3,1221,2,3,8789,8270,519,8522,267
t3,1222,3,4,16661,4,16657,11722,4939
t3,1223,4,1,4965,41,4924,3280,1685
t3,1224,1,2,10887,10684,203,9199,1688
t3,1225,2,2,9050,8525,525,8696,354
t3,1226,3,4,16150,36,16114,9955,6195
t3,1227,4,1,5320,42,5278,3323,1997
t3,1228,1,2,10795,10335,460,8813,1982
t3,1229,2,2,9323,8819,504,8888,435
t3,1230,3,4,15649,77,15572,9344,6305
t3,1231,4,1,5467,39,5428,3218,2249
t3,1232,1,2,10828,10021,807,7937,2891
t3,1233,2,2,9556,9053,503,8954,602
t3,1234,3,4,15146,107,15039,9246,5900
t3,1235,4,1,5762,27,5735,3397,2365
t3,1236,1,2,10676,9722,954,6114,4562
t3,1237,2,2,9745,9254,491,8386,1359
t3,1238,3,4,14241,152,14089,8974,5267
t3,1239,4,1,6488,33,6455,3534,2954
t3,1240,1,2,10787,9496,1291,3585,7202
t3,1241,2,2,9939,9440,499,3303,6636
t3,1242,3,4,13256,193,13063,4267,8989
t3,1243,4,4,7148,28,7120,3820,3328
t3,1244,1,2,10785,9233,1552,1534,9251
t3,1245,2,2,10184,9697,487,1629,8555
t3,1246,3,4,11798,244,11554,272,11526
t3,1247,4,4,8511,31,8480,5077,3434
t3,1248,1,2,10848,9028,1820,1644,9204
t3,1249,2,2,10338,9860,478,1645,8693
t3,1250,3,4,10734,270,10464,280,10454
t3,1251,4,4,9173,19,9154,5890,3283
t3,1252,1,2,10963,8735,2228,1867,9096
t3,1253,2,2,10483,10015,468,1691,8792
t3,1254,3,4,10112,389,9723,387,9725
t3,1255,4,4,9644,20,9624,6310,3334
t3,1256,1,2,10664,8160,2504,1992,8672
t3,1257,2,2,11020,10555,465,2115,8905
t3,1258,3,4,9772,489,9283,448,9324
t3,1259,4,4,9574,18,9556,6276,3298
t3,1260,1,2,10244,7259,2985,2283,7961
t3,1261,2,2,11779,11336,443,2786,8993
t3,1262,3,4,9867,683,9184,599,9268
t3,1263,4,4,8966,12,8954,5577,3389
t3,1264,1,1,7314,3591,3723,2645,4669
t3,1265,2,2,12394,12045,349,6051,6343
t3,1266,3,4,9322,3597,5725,3554,5768
t3,1267,4,4,11511,0,11511,7667,3844
t3,1268,1,1,4755,45,4710,3280,1475
t3,1269,2,2,10860,10829,31,9252,1608
t3,1270,3,3,8874,8355,519,8608,266
t3,1271,4,4,16542,7,16535,11567,4975
t3,1272,1,1,5106,41,5065,3327,1779
t3,1273,2,2,10903,10744,159,9195,1708
t3,1274,3,2,8959,8446,513,8645,314
t3,1275,4,4,16325,24,16301,10412,5913
t3,1276,1,1,5129,39,5090,3271,1858
t3,1277,2,2,10847,10445,402,9074,1773
t3,1278,3,2,9164,8655,509,8792,372
t3,1279,4,4,16051,73,15978,9623,6428
t3,1280,1,1,5254,35,5219,3267,1987
t3,1281,2,2,10820,10217,603,8705,2115
t3,1282,3,2,9381,8879,502,8922,459
t3,1283,4,4,15514,89,15425,9299,6215
t3,1284,1,1,5615,37,5578,3270,2345
t3,1285,2,2,10780,9934,846,7764,3016
t3,1286,3,2,9623,9117,506,8981,642
t3,1287,4,4,14912,132,14780,9260,5652
t3,1288,1,1,6034,38,5996,3314,2720
t3,1289,2,2,10705,9652,1053,5422,5283
t3,1290,3,2,9825,9328,497,8023,1802
t3,1291,4,4,14040,169,13871,8682,5358
t3,1292,1,4,6650,30,6620,3560,3090
t3,1293,2,2,10749,9447,1302,2936,7813
t3,1294,3,2,9982,9502,480,2575,7407
t3,1295,4,4,13162,197,12965,3995,9167
t3,1296,1,4,7317,30,7287,3980,3337
t3,1297,2,2,10818,9206,1612,1577,9241
t3,1298,3,2,10198,9709,489,1613,8585
t3,1299,4,4,11872,259,11613,290,11582
t3,1300,1,4,8330,28,8302,5084,3246
t3,1301,2,2,10926,9034,1892,1716,9210
t3,1302,3,2,10303,9820,483,1597,8706
t3,1303,4,4,10306,340,9966,331,9975
t3,1304,1,4,9566,28,9538,6182,3384
t3,1305,2,2,10916,8494,2422,1993,8923
t3,1306,3,2,10786,10315,471,1874,8912
t3,1307,4,4,9727,436,9291,394,9333
t3,1308,1,4,9622,18,9604,6230,3392
t3,1309,2,2,10011,7123,2888,2162,7849
t3,1310,3,2,11877,11431,446,2909,8968
t3,1311,4,4,9834,617,9217,557,9277
t3,1312,1,4,9121,11,9110,5735,3386
t3,1313,2,2,8338,4827,3511,2544,5794
t3,1314,3,2,13505,13079,426,4924,8581
t3,1315,4,4,10246,1270,8976,1178,9068
t3,1316,1,4,8754,4,8750,5091,3663
t3,1317,2,1,6584,2404,4180,2918,3666
t3,1318,3,2,11862,11570,292,7092,4770
t3,1319,4,2,10925,5238,5687,5251,5674
t3,1320,1,4,11511,0,11511,7726,3785
t3,1321,2,1,4820,46,4774,3266,1554
t3,1322,3,2,10810,10783,27,9221,1589
t3,1323,4,3,8875,8352,523,8592,283
t3,1324,1,4,16639,3,16636,11640,4999
t3,1325,2,1,5020,37,4983,3320,1700
t3,1326,3,2,10908,10758,150,9235,1673
t3,1327,4,2,8983,8471,512,8661,322
t3,1328,1,4,16296,21,16275,10326,5970
t3,1329,2,1,5196,32,5164,3315,1881
t3,1330,3,2,10800,10454,346,9080,1720
t3,1331,4,2,9152,8649,503,8814,338
t3,1332,1,4,15941,51,15890,9558,6383
t3,1333,2,1,5320,39,5281,3268,2052
t3,1334,3,2,10769,10163,606,8650,2119
t3,1335,4,2,9421,8908,513,8961,460
t3,1336,1,4,15554,79,15475,9309,6245
t3,1337,2,1,5575,37,5538,3303,2272
t3,1338,3,2,10751,9984,767,7747,3004
t3,1339,4,2,9585,9085,500,9030,555
t3,1340,1,4,15108,99,15009,9252,5856
t3,1341,2,1,5780,34,5746,3272,2508
t3,1342,3,2,10707,9680,1027,5601,5106
t3,1343,4,2,9883,9387,496,7540,2343
t3,1344,1,4,13790,165,13625,7632,6158
t3,1345,2,4,6901,36,6865,3665,3236
t3,1346,3,2,10702,9309,1393,1567,9135
t3,1347,4,2,10119,9645,474,1575,8544
t3,1348,1,4,11983,235,11748,268,11715
t3,1349,2,4,8243,27,8216,4913,3330
t3,1350,3,2,10990,9055,1935,1777,9213
t3,1351,4,2,10315,9827,488,1650,8665
t3,1352,1,4,10701,311,10390,314,10387
t3,1353,2,4,9174,27,9147,5935,3239
t3,1354,3,2,10997,8731,2266,1928,9069
t3,1355,4,2,10543,10071,472,1702,8841
t3,1356,1,4,9935,361,9574,351,9584
t3,1357,2,4,9780,20,9760,6419,3361
t3,1358,3,2,10755,8198,2557,2017,8738
t3,1359,4,2,10927,10472,455,2053,8874
t3,1360,1,4,9794,494,9300,467,9327
t3,1361,2,4,9560,19,9541,6272,3288
t3,1362,3,2,9972,6976,2996,2199,7773
t3,1363,4,2,11983,11535,448,2965,9018
t3,1364,1,4,9919,695,9224,633,9286
t3,1365,2,4,9179,12,9167,5757,3422
t3,1366,3,2,8186,4740,3446,2431,5755
t3,1367,4,2,13399,12997,402,5010,8389
t3,1368,1,4,10401,1485,8916,1409,8992
t3,1369,2,4,8816,3,8813,5220,3596
t3,1370,3,1,6310,2152,4158,3007,3303
t3,1371,4,2,10909,10680,229,7327,3582
t3,1372,1,2,9376,6395,2981,6445,2931
t3,1373,2,4,14209,0,14209,10198,4011
t3,1374,3,1,4923,34,4889,3298,1625
t3,1375,4,2,10866,10839,27,9256,1610
t3,1376,1,3,8845,8329,516,8580,265
t3,1377,2,4,16592,7,16585,11437,5155
t3,1378,3,1,4998,42,4956,3233,1765
t3,1379,4,2,10856,10646,210,9213,1643
t3,1380,1,2,9015,8511,504,8665,350
t3,1381,2,4,16275,28,16247,10350,5925
t3,1382,3,1,5231,35,5196,3316,1915
t3,1383,4,2,10808,10346,462,9024,1784
t3,1384,1,2,9249,8739,510,8864,385
t3,1385,2,4,15734,64,15670,9386,6348
t3,1386,3,1,5393,35,5358,3204,2189
t3,1387,4,2,10754,10018,736,7945,2809
t3,1388,1,2,9562,9052,510,8950,612
t3,1389,2,4,14987,114,14873,9269,5718
t3,1390,3,1,5952,33,5919,3384,2568
t3,1391,4,2,10786,9712,1074,5659,5127
t3,1392,1,2,9800,9305,495,8144,1656
t3,1393,2,4,14133,165,13968,8778,5355
t3,1394,3,1,6568,33,6535,3511,3057
t3,1395,4,2,10819,9457,1362,3214,7605
t3,1396,1,2,10015,9518,497,3006,7009
t3,1397,2,4,12862,213,12649,1150,11712
t3,1398,3,4,7512,25,7487,4207,3305
t3,1399,4,2,10920,9200,1720,1696,9224
t3,1400,1,2,10208,9725,483,1607,8601
t3,1401,2,4,11766,270,11496,312,11454
t3,1402,3,4,8465,28,8437,5173,3292
t3,1403,4,2,10984,9034,1950,1764,9220
t3,1404,1,2,10319,9833,486,1630,8689
t3,1405,2,4,10696,319,10377,333,10363
t3,1406,3,4,9165,29,9136,5960,3205
t3,1407,4,2,10946,8657,2289,1913,9033
t3,1408,1,2,10578,10108,470,1775,8803
t3,1409,2,4,9932,394,9538,376,9556
t3,1410,3,4,9674,25,9649,6404,3270
t3,1411,4,2,10743,8120,2623,2017,8726
t3,1412,1,2,11001,10549,452,2067,8934
t3,1413,2,4,9776,519,9257,487,9289
t3,1414,3,4,9543,15,9528,6165,3378
t3,1415,4,2,9826,6710,3116,2258,7568
t3,1416,1,2,12153,11720,433,3220,8933
t3,1417,2,4,9960,753,9207,704,9256
t3,1418,3,4,8941,9,8932,5532,3409
t3,1419,4,1,7802,4104,3698,2602,5200
t3,1420,1,2,13523,13142,381,5590,7933
t3,1421,2,4,10492,1973,8519,1932,8560
t3,1422,3,4,9002,4,8998,5353,3649
t3,1423,4,1,5294,824,4470,3071,2223
t3,1424,1,2,10156,10151,5,8569,1587
t3,1425,2,3,8771,8253,518,8482,289
t3,1426,3,4,16682,2,16680,11844,4838
t3,1427,4,1,5069,36,5033,3342,1727
t3,1428,1,2,10830,10671,159,9162,1668
t3,1429,2,2,9015,8504,511,8708,307
t3,1430,3,4,16220,20,16200,10154,6066
t3,1431,4,1,5182,36,5146,3249,1933
t3,1432,1,2,10850,10413,437,8982,1868
t3,1433,2,2,9217,8724,493,8800,417
t3,1434,3,4,15842,72,15770,9457,6385
t3,1435,4,1,5469,39,5430,3389,2080
t3,1436,1,2,10758,10169,589,8538,2220
t3,1437,2,2,9422,8919,503,8935,487
t3,1438,3,4,15274,87,15187,9270,6004
t3,1439,4,1,5808,40,5768,3439,2369
t3,1440,1,2,10758,9849,909,7190,3568
t3,1441,2,2,9648,9149,499,8907,741
t3,1442,3,4,14706,127,14579,9242,5464
t3,1443,4,1,6094,32,6062,3420,2674
t3,1444,1,2,10676,9583,1093,4499,6177
t3,1445,2,2,9859,9365,494,7429,2430
t3,1446,3,4,13902,207,13695,8050,5852
t3,1447,4,4,6857,31,6826,3603,3254
t3,1448,1,2,10764,9388,1376,2336,8428
t3,1449,2,2,10055,9569,486,1836,8219
t3,1450,3,4,12859,202,12657,1213,11646
t3,1451,4,4,7491,25,7466,4240,3251
t3,1452,1,2,10939,9184,1755,1682,9257
t3,1453,2,2,10181,9701,480,1537,8644
t3,1454,3,4,11415,281,11134,303,11112
t3,1455,4,4,8731,23,8708,5420,3311
t3,1456,1,2,10850,8929,1921,1688,9162
t3,1457,2,2,10417,9934,483,1681,8736
t3,1458,3,4,10324,328,9996,319,10005
t3,1459,4,4,9513,20,9493,6146,3367
t3,1460,1,2,11051,8590,2461,2044,9007
t3,1461,2,2,10633,10166,467,1798,8835
t3,1462,3,4,9833,449,9384,423,9410
t3,1463,4,4,9611,14,9597,6318,3293
t3,1464,1,2,10318,7499,2819,2150,8168
t3,1465,2,2,11543,11088,455,2562,8981
t3,1466,3,4,9846,636,9210,571,9275
t3,1467,4,4,9197,10,9187,5835,3362
t3,1468,1,1,8005,4498,3507,2542,5463
t3,1469,2,2,12914,12539,375,5223,7691
t3,1470,3,4,10914,2211,8703,2160,8754
t3,1471,4,4,8840,2,8838,5275,3565
t3,1472,1,1,5402,980,4422,3051,2351
t3,1473,2,2,10750,10612,138,8443,2307
t3,1474,3,2,9557,7653,1904,7784,1773
t3,1475,4,4,15355,0,15355,11094,4261
t3,1476,1,1,4826,39,4787,3234,1592
t3,1477,2,2,10842,10793,49,9209,1633
t3,1478,3,3,8890,8378,512,8599,291
t3,1479,4,4,16566,11,16555,11269,5297
t3,1480,1,1,5001,35,4966,3240,1761
t3,1481,2,2,10888,10609,279,9161,1727
t3,1482,3,2,9032,8517,515,8730,302
t3,1483,4,4,16237,46,16191,9996,6241
t3,1484,1,1,5208,36,5172,3210,1998
t3,1485,2,2,10808,10342,466,8987,1821
t3,1486,3,2,9285,8789,496,8857,428
t3,1487,4,4,15780,68,15712,9368,6412
t3,1488,1,1,5449,32,5417,3293,2156
t3,1489,2,2,10743,10091,652,8385,2358
t3,1490,3,2,9473,8970,503,8950,523
t3,1491,4,4,15395,92,15303,9284,6111
t3,1492,1,1,5666,35,5631,3309,2357
t3,1493,2,2,10752,9861,891,7073,3679
t3,1494,3,2,9655,9159,496,8903,752
t3,1495,4,4,14845,120,14725,9260,5585
t3,1496,1,1,5946,31,5915,3317,2629
t3,1497,2,2,10782,9630,1152,4553,6229
t3,1498,3,2,9884,9386,498,6969,2915
t3,1499,4,4,13891,178,13713,7936,5955
t3,1500,1,4,6734,35,6699,3534,3200
t3,1501,2,2,10788,9397,1391,2346,8442
t3,1502,3,2,10012,9523,489,1592,8420
t3,1503,4,4,12259,222,12037,252,12007
t3,1504,1,4,8082,26,8056,4690,3392
t3,1505,2,2,10861,9074,1787,1631,9230
t3,1506,3,2,10348,9864,484,1657,8691
t3,1507,4,4,10596,312,10284,315,10281
t3,1508,1,4,9222,27,9195,5992,3230
t3,1509,2,2,10930,8594,2336,1912,9018
t3,1510,3,2,10666,10199,467,1773,8893
t3,1511,4,4,9846,390,9456,377,9469
t3,1512,1,4,9722,24,9698,6338,3384
t3,1513,2,2,10552,7882,2670,2063,8489
t3,1514,3,2,11242,10784,458,2251,8991
t3,1515,4,4,9757,508,9249,460,9297
t3,1516,1,4,9507,12,9495,6188,3319
t3,1517,2,2,9555,6348,3207,2297,7258
t3,1518,3,2,12468,12036,432,3494,8974
t3,1519,4,4,10047,836,9211,772,9275
t3,1520,1,4,9035,9,9026,5571,3464
t3,1521,2,1,7767,4122,3645,2534,5233
t3,1522,3,2,12796,12425,371,5522,7274
t3,1523,4,4,11121,2671,8450,2619,8502
t3,1524,1,4,9044,2,9042,5475,3569
t3,1525,2,1,5538,981,4557,3124,2414
t3,1526,3,2,10640,10491,149,8454,2186
t3,1527,4,2,8400,7724,676,7855,545
t3,1528,1,4,16501,0,16501,12073,4428
t3,1529,2,1,5002,44,4958,3401,1601
t3,1530,3,2,10882,10802,80,9198,1684
t3,1531,4,3,8903,8399,504,8610,293
t3,1532,1,4,16439,13,16426,11042,5397
t3,1533,2,1,5114,37,5077,3355,1759
t3,1534,3,2,10864,10597,267,9169,1695
t3,1535,4,2,9047,8529,518,8722,325
t3,1536,1,4,16319,56,16263,10089,6230
t3,1537,2,1,5141,33,5108,3208,1933
t3,1538,3,2,10801,10317,484,8923,1878
t3,1539,4,2,9274,8772,502,8860,414
t3,1540,1,4,15824,63,15761,9428,6396
t3,1541,2,1,5358,39,5319,3240,2118
t3,1542,3,2,10762,10081,681,8438,2324
t3,1543,4,2,9497,8995,502,8963,534
t3,1544,1,4,15199,95,15104,9269,5930
t3,1545,2,1,5859,33,5826,3399,2460
t3,1546,3,2,10670,9770,900,6055,4615
t3,1547,4,2,9747,9251,496,8368,1379
t3,1548,1,4,14225,162,14063,8952,5273
t3,1549,2,1,6495,30,6465,3494,3001
t3,1550,3,2,10759,9443,1316,2698,8061
t3,1551,4,2,10013,9527,486,2763,7250
t3,1552,1,4,12843,211,12632,1786,11057
t3,1553,2,4,7578,29,7549,4249,3329
t3,1554,3,2,10801,9226,1575,1530,9271
t3,1555,4,2,10169,9672,497,1564,8605
t3,1556,1,4,11692,233,11459,258,11434
t3,1557,2,4,8605,19,8586,5240,3365
t3,1558,3,2,10930,9053,1877,1707,9223
t3,1559,4,2,10277,9805,472,1568,8709
t3,1560,1,4,10690,340,10350,347,10343
t3,1561,2,4,9250,21,9229,5931,3319
t3,1562,3,2,10901,8564,2337,1910,8991
t3,1563,4,2,10647,10175,472,1795,8852
t3,1564,1,4,9948,443,9505,431,9517
t3,1565,2,4,9671,23,9648,6278,3393
t3,1566,3,2,10709,8100,2609,2059,8650
t3,1567,4,2,11088,10624,464,2121,8967
t3,1568,1,4,9757,496,9261,472,9285
t3,1569,2,4,9525,13,9512,6059,3466
t3,1570,3,2,9898,6744,3154,2296,7602
t3,1571,4,2,12184,11740,444,3206,8978
t3,1572,1,4,9909,708,9201,653,9256
t3,1573,2,4,8891,7,8884,5515,3376
t3,1574,3,1,7791,3998,3793,2702,5089
t3,1575,4,2,13372,12985,387,5648,7724
t3,1576,1,4,10865,2215,8650,2184,8681
t3,1577,2,4,8906,4,8902,5317,3589
t3,1578,3,1,5632,1331,4301,3044,2588
t3,1579,4,2,10769,10522,247,8125,2644
t3,1580,1,2,10771,7367,3404,7392,3379
t3,1581,2,4,13731,0,13731,9688,4043
t3,1582,3,1,4959,43,4916,3313,1646
t3,1583,4,2,10817,10756,61,9218,1599
t3,1584,1,3,8909,8398,511,8617,292
t3,1585,2,4,16381,20,16361,10811,5570
t3,1586,3,1,5151,44,5107,3288,1863
t3,1587,4,2,10806,10471,335,9067,1739
t3,1588,1,2,9225,8712,513,8814,411
t3,1589,2,4,15950,63,15887,9512,6438
t3,1590,3,1,5435,36,5399,3354,2081
t3,1591,4,2,10753,10210,543,8594,2159
t3,1592,1,2,9384,8875,509,8920,464
t3,1593,2,4,15469,91,15378,9295,6174
t3,1594,3,1,5691,36,5655,3259,2432
t3,1595,4,2,10743,9906,837,7393,3350
t3,1596,1,2,9615,9116,499,8919,696
t3,1597,2,4,14901,118,14783,9257,5644
t3,1598,3,1,5954,36,5918,3429,2525
t3,1599,4,2,10735,9675,1060,5323,5412
t3,1600,1,2,9815,9311,504,7847,1968
t3,1601,2,4,14154,171,13983,8810,5344
t3,1602,3,1,6549,30,6519,3462,3087
t3,1603,4,2,10751,9410,1341,2587,8164
t3,1604,1,2,10045,9549,496,2371,7674
t3,1605,2,4,13007,199,12808,2795,10212
t3,1606,3,4,7409,27,7382,4128,3281
t3,1607,4,2,10870,9208,1662,1623,9247
t3,1608,1,2,10176,9689,487,1558,8618
t3,1609,2,4,11618,266,11352,300,11318
t3,1610,3,4,8604,23,8581,5283,3321
t3,1611,4,2,10898,8990,1908,1725,9173
t3,1612,1,2,10362,9893,469,1648,8714
t3,1613,2,4,10444,314,10130,315,10129
t3,1614,3,4,9431,23,9408,6096,3335
t3,1615,4,2,10896,8601,2295,1858,9038
t3,1616,1,2,10658,10178,480,1807,8851
t3,1617,2,4,9800,400,9400,366,9434
t3,1618,3,4,9635,18,9617,6420,3215
t3,1619,4,2,10558,7837,2721,2076,8482
t3,1620,1,2,11243,10783,460,2301,8942
t3,1621,2,4,9749,506,9243,448,9301
t3,1622,3,4,9520,15,9505,6103,3417
t3,1623,4,2,9368,6203,3165,2383,6985
t3,1624,1,2,12512,12094,418,3665,8847
t3,1625,2,4,9985,945,9040,862,9123
t3,1626,3,4,8828,6,8822,5234,3594
t3,1627,4,1,6165,2150,4015,2748,3417
t3,1628,1,2,10223,10033,190,7319,2904
t3,1629,2,2,9886,7022,2864,7121,2765
t3,1630,3,4,14334,0,14334,10261,4073
t3,1631,4,1,4884,44,4840,3313,1571
t3,1632,1,2,10861,10782,79,9266,1595
t3,1633,2,2,8903,8391,512,8588,315
t3,1634,3,4,16576,11,16565,11226,5350
t3,1635,4,1,5083,34,5049,3347,1736
t3,1636,1,2,10861,10674,187,9175,1686
t3,1637,2,2,9025,8497,528,8693,332
t3,1638,3,4,16155,43,16112,9956,6199
t3,1639,4,1,5315,41,5274,3325,1990
t3,1640,1,2,10828,10394,434,8986,1842
t3,1641,2,2,9259,8741,518,8826,433
t3,1642,3,4,15916,58,15858,9497,6419
t3,1643,4,1,5285,42,5243,3210,2075
t3,1644,1,2,10767,10189,578,8516,2251
t3,1645,2,2,9419,8913,506,8938,481
t3,1646,3,4,15431,86,15345,9286,6145
t3,1647,4,1,5696,37,5659,3375,2321
t3,1648,1,2,10767,9923,844,7277,3490
t3,1649,2,2,9632,9123,509,8952,680
t3,1650,3,4,14785,132,14653,9260,5525
t3,1651,4,1,6028,30,5998,3433,2595
t3,1652,1,2,10727,9627,1100,5167,5560
t3,1653,2,2,9838,9341,497,7433,2405
t3,1654,3,4,14006,176,13830,8441,5565
t3,1655,4,4,6727,30,6697,3522,3205
t3,1656,1,2,10759,9451,1308,2477,8282
t3,1657,2,2,10024,9538,486,1901,8123
t3,1658,3,4,12672,208,12464,676,11996
t3,1659,4,4,7708,28,7680,4355,3353
t3,1660,1,2,10930,9174,1756,1690,9240
t3,1661,2,2,10168,9707,461,1613,8555
t3,1662,3,4,11402,294,11108,312,11090
t3,1663,4,4,8754,31,8723,5433,3321
t3,1664,1,2,10859,8889,1970,1704,9155
t3,1665,2,2,10416,9947,469,1652,8764
t3,1666,3,4,10000,370,9630,352,9648
t3,1667,4,4,9767,18,9749,6352,3415
t3,1668,1,2,10683,8106,2577,1982,8701
t3,1669,2,2,11048,10584,464,2116,8932
t3,1670,3,4,9786,530,9256,498,9288
t3,1671,4,4,9419,17,9402,6070,3349
t3,1672,1,2,9426,6219,3207,2375,7051
t3,1673,2,2,12641,12209,432,3692,8949
t3,1674,3,4,9950,750,9200,699,9251
t3,1675,4,4,8931,6,8925,5479,3452
t3,1676,1,1,8034,4328,3706,2667,5367
t3,1677,2,2,12893,12511,382,5307,7586
t3,1678,3,4,10632,2368,8264,2298,8334
t3,1679,4,4,9290,2,9288,5629,3661
t3,1680,1,1,5583,1106,4477,3084,2499
t3,1681,2,2,10276,10157,119,8315,1961
t3,1682,3,2,8604,7927,677,8110,494
t3,1683,4,4,16510,0,16510,12035,4475
t3,1684,1,1,5066,39,5027,3332,1734
t3,1685,2,2,10859,10765,94,9223,1636
t3,1686,3,3,8886,8378,508,8600,286
t3,1687,4,4,16519,16,16503,11126,5393
t3,1688,1,1,5054,37,5017,3324,1730
t3,1689,2,2,10868,10612,256,9196,1672
t3,1690,3,2,9068,8551,517,8707,361
t3,1691,4,4,16140,40,16100,10083,6057
t3,1692,1,1,5286,49,5237,3391,1895
t3,1693,2,2,10857,10353,504,8951,1906
t3,1694,3,2,9268,8773,495,8874,394
t3,1695,4,4,15812,72,15740,9458,6354
t3,1696,1,1,5327,31,5296,3326,2001
t3,1697,2,2,10782,10115,667,8456,2326
t3,1698,3,2,9459,8957,502,8960,499
t3,1699,4,4,15379,103,15276,9274,6105
t3,1700,1,1,5702,38,5664,3302,2400
t3,1701,2,2,10736,9867,869,7226,3510
t3,1702,3,2,9675,9183,492,8929,746
t3,1703,4,4,14613,129,14484,9235,5378
t3,1704,1,1,6210,33,6177,3471,2739
t3,1705,2,2,10740,9558,1182,4094,6646
t3,1706,3,2,9983,9491,492,3933,6050
t3,1707,4,4,13277,208,13069,4098,9179
t3,1708,1,4,7158,32,7126,3919,3239
t3,1709,2,2,10792,9221,1571,1549,9243
t3,1710,3,2,10188,9703,485,1593,8595
t3,1711,4,4,11777,268,11509,285,11492
t3,1712,1,4,8435,25,8410,5127,3308
t3,1713,2,2,10955,8929,2026,1760,9195
t3,1714,3,2,10413,9934,479,1687,8726
t3,1715,4,4,10492,319,10173,308,10184
t3,1716,1,4,9393,22,9371,6009,3384
t3,1717,2,2,10887,8564,2323,1877,9010
t3,1718,3,2,10681,10209,472,1823,8858
t3,1719,4,4,9824,417,9407,401,9423
t3,1720,1,4,9710,15,9695,6391,3319
t3,1721,2,2,10662,7960,2702,2096,8566
t3,1722,3,2,11170,10699,471,2172,8998
t3,1723,4,4,9757,522,9235,482,9275
t3,1724,1,4,9490,13,9477,6028,3462
t3,1725,2,2,9466,6262,3204,2373,7093
t3,1726,3,2,12585,12156,429,3631,8954
t3,1727,4,4,9946,782,9164,711,9235
t3,1728,1,4,8886,9,8877,5404,3482
t3,1729,2,1,7738,3911,3827,2721,5017
t3,1730,3,2,13234,12868,366,5720,7514
t3,1731,4,4,10501,2427,8074,2377,8124
t3,1732,1,4,9488,1,9487,5792,3696
t3,1733,2,1,5468,1036,4432,3102,2366
t3,1734,3,2,10313,10218,95,8357,1956
t3,1735,4,2,9659,7959,1700,8117,1542
t3,1736,1,4,15586,0,15586,11318,4268
t3,1737,2,1,4977,39,4938,3248,1729
t3,1738,3,2,10868,10773,95,9183,1685
t3,1739,4,2,8914,8398,516,8578,336
t3,1740,1,4,16478,12,16466,11049,5429
t3,1741,2,1,5084,36,5048,3270,1814
t3,1742,3,2,10834,10586,248,9200,1634
t3,1743,4,2,9102,8585,517,8746,356
t3,1744,1,4,16045,43,16002,9792,6253
t3,1745,2,1,5318,34,5284,3302,2016
t3,1746,3,2,10800,10304,496,8757,2043
t3,1747,4,2,9361,8837,524,8865,496
t3,1748,1,4,15569,100,15469,9315,6254
t3,1749,2,1,5531,32,5499,3250,2281
t3,1750,3,2,10746,9883,863,7351,3395
t3,1751,4,2,9645,9149,496,8993,652
t3,1752,1,4,14862,121,14741,9262,5600
t3,1753,2,1,6011,33,5978,3450,2561
t3,1754,3,2,10788,9712,1076,5589,5199
t3,1755,4,2,9801,9302,499,8260,1541
t3,1756,1,4,14170,156,14014,8880,5290
t3,1757,2,4,6584,24,6560,3561,3023
t3,1758,3,2,10742,9412,1330,2578,8164
t3,1759,4,2,10071,9586,485,2266,7805
t3,1760,1,4,13135,199,12936,3465,9670
t3,1761,2,4,7217,31,7186,3995,3222
t3,1762,3,2,10862,9225,1637,1606,9256
t3,1763,4,2,10187,9714,473,1615,8572
t3,1764,1,4,11741,271,11470,286,11455
t3,1765,2,4,8502,22,8480,5138,3364
t3,1766,3,2,10868,9013,1855,1660,9208
t3,1767,4,2,10340,9860,480,1639,8701
t3,1768,1,4,10447,307,10140,311,10136
t3,1769,2,4,9368,20,9348,6041,3327
t3,1770,3,2,10967,8624,2343,1929,9038
t3,1771,4,2,10619,10141,478,1758,8861
t3,1772,1,4,9816,371,9445,350,9466
t3,1773,2,4,9695,16,9679,6274,3421
t3,1774,3,2,10670,8008,2662,2091,8579
t3,1775,4,2,11106,10641,465,2133,8973
t3,1776,1,4,9789,519,9270,492,9297
t3,1777,2,4,9521,15,9506,6163,3358
t3,1778,3,2,9555,6482,3073,2340,7215
t3,1779,4,2,12483,12050,433,3466,9017
t3,1780,1,4,9930,734,9196,652,9278
t3,1781,2,4,9068,10,9058,5590,3478
t3,1782,3,1,8032,4388,3644,2617,5415
t3,1783,4,2,12551,12190,361,5278,7273
t3,1784,1,4,9939,2637,7302,2573,7366
t3,1785,2,4,10186,0,10186,6422,3764
t3,1786,3,1,4578,123,4455,3044,1534
t3,1787,4,2,10796,10785,11,9218,1578
t3,1788,1,2,8857,8347,510,8550,307
t3,1789,2,4,16640,11,16629,11433,5207
t3,1790,3,1,5052,41,5011,3324,1728
t3,1791,4,2,10804,10606,198,9159,1645
t3,1792,1,2,9015,8511,504,8710,305
t3,1793,2,4,16177,33,16144,10084,6093
t3,1794,3,1,5172,36,5136,3245,1927
t3,1795,4,2,10833,10353,480,9024,1809
t3,1796,1,2,9202,8694,508,8819,383
t3,1797,2,4,15886,54,15832,9479,6407
t3,1798,3,1,5420,37,5383,3401,2019
t3,1799,4,2,10704,10179,525,8582,2122
t3,1800,1,2,9403,8888,515,8897,506
t3,1801,2,4,15569,88,15481,9311,6258
t3,1802,3,1,5581,29,5552,3196,2385
t3,1803,4,2,10755,9905,850,7183,3572
t3,1804,1,2,9685,9184,501,8985,700
t3,1805,2,4,14931,111,14820,9250,5681
t3,1806,3,1,5956,31,5925,3338,2618
t3,1807,4,2,10799,9704,1095,5625,5174
t3,1808,1,2,9844,9359,485,7575,2269
t3,1809,2,4,14110,159,13951,8539,5571
t3,1810,3,4,6633,22,6611,3487,3146
t3,1811,4,2,10775,9468,1307,2600,8175
t3,1812,1,2,9994,9488,506,2181,7813
t3,1813,2,4,12599,224,12375,626,11973
t3,1814,3,4,7741,29,7712,4368,3373
t3,1815,4,2,10845,9139,1706,1632,9213
t3,1816,1,2,10243,9776,467,1631,8612
t3,1817,2,4,11617,262,11355,290,11327
t3,1818,3,4,8530,24,8506,5235,3295
t3,1819,4,2,10899,8985,1914,1716,9183
t3,1820,1,2,10389,9901,488,1698,8691
t3,1821,2,4,10618,347,10271,343,10275
t3,1822,3,4,9396,21,9375,6056,3340
t3,1823,4,2,10891,8618,2273,1850,9041
t3,1824,1,2,10689,10222,467,1806,8883
t3,1825,2,4,9742,435,9307,404,9338
t3,1826,3,4,9593,14,9579,6308,3285
t3,1827,4,2,9946,6969,2977,2203,7743
t3,1828,1,2,11970,11530,440,3005,8965
t3,1829,2,4,9913,701,9212,640,9273
t3,1830,3,4,9007,11,8996,5565,3442
t3,1831,4,1,8080,4506,3574,2515,5565
t3,1832,1,2,13406,13007,399,5187,8219
t3,1833,2,4,10041,1663,8378,1581,8460
t3,1834,3,4,9116,1,9115,5453,3663
t3,1835,4,1,5995,1519,4476,3087,2908
t3,1836,1,2,10410,10246,164,7920,2490
t3,1837,2,2,8833,7455,1378,7574,1259
t3,1838,3,4,15822,0,15822,11568,4254
t3,1839,4,1,4925,36,4889,3281,1644
t3,1840,1,2,10802,10733,69,9236,1566
t3,1841,2,3,8872,8356,516,8609,263
t3,1842,3,4,16636,8,16628,11420,5216
t3,1843,4,1,4935,35,4900,3264,1671
t3,1844,1,2,10823,10576,247,9177,1646
t3,1845,2,2,9048,8542,506,8682,366
t3,1846,3,4,16226,33,16193,10230,5996
t3,1847,4,1,5259,38,5221,3318,1941
t3,1848,1,2,10851,10402,449,9044,1807
t3,1849,2,2,9244,8727,517,8841,403
t3,1850,3,4,15923,64,15859,9499,6424
t3,1851,4,1,5287,38,5249,3207,2080
t3,1852,1,2,10793,10172,621,8570,2223
t3,1853,2,2,9403,8902,501,8900,503
t3,1854,3,4,15454,89,15365,9294,6160
t3,1855,4,1,5587,39,5548,3234,2353
t3,1856,1,2,10775,9914,861,7241,3534
t3,1857,2,2,9598,9104,494,8935,663
t3,1858,3,4,14743,127,14616,9223,5520
t3,1859,4,1,6148,31,6117,3368,2780
t3,1860,1,2,10729,9583,1146,4842,5887
t3,1861,2,2,9931,9432,499,7371,2560
t3,1862,3,4,13964,165,13799,8107,5857
t3,1863,4,4,6646,30,6616,3558,3088
t3,1864,1,2,10754,9346,1408,1789,8965
t3,1865,2,2,10126,9631,495,1586,8540
t3,1866,3,4,12047,261,11786,290,11757
t3,1867,4,4,8258,27,8231,4846,3412
t3,1868,1,2,10943,8988,1955,1749,9194
t3,1869,2,2,10386,9898,488,1676,8710
t3,1870,3,4,10426,328,10098,325,10101
t3,1871,4,4,9343,21,9322,6090,3253
t3,1872,1,2,10985,8602,2383,1947,9038
t3,1873,2,2,10649,10180,469,1804,8845
t3,1874,3,4,9856,421,9435,403,9453
t3,1875,4,4,9704,16,9688,6427,3277
t3,1876,1,2,10605,7932,2673,2083,8522
t3,1877,2,2,11153,10699,454,2201,8952
t3,1878,3,4,9757,522,9235,469,9288
t3,1879,4,4,9354,12,9342,6012,3342
t3,1880,1,2,9485,6141,3344,2427,7058
t3,1881,2,2,12669,12233,436,3745,8924
t3,1882,3,4,10006,802,9204,765,9241
t3,1883,4,4,8853,6,8847,5377,3476
t3,1884,1,1,7444,3664,3780,2636,4808
t3,1885,2,2,13517,13136,381,5942,7575
t3,1886,3,4,10683,2352,8331,2306,8377
t3,1887,4,4,9129,3,9126,5495,3634
t3,1888,1,1,5044,572,4472,3136,1908
t3,1889,2,2,10539,10481,58,8849,1690
t3,1890,3,2,9221,8168,1053,8368,853
t3,1891,4,4,16187,0,16187,11718,4469
t3,1892,1,1,5061,39,5022,3377,1684
t3,1893,2,2,10873,10784,89,9214,1659
t3,1894,3,3,8902,8386,516,8616,286
t3,1895,4,4,16529,10,16519,11002,5527
t3,1896,1,1,4987,43,4944,3232,1755
t3,1897,2,2,10802,10529,273,9160,1642
t3,1898,3,2,9100,8592,508,8744,356
t3,1899,4,4,16122,31,16091,9866,6256
t3,1900,1,1,5337,39,5298,3327,2010
t3,1901,2,2,10807,10365,442,8973,1834
t3,1902,3,2,9288,8780,508,8870,418
t3,1903,4,4,15769,70,15699,9387,6382
t3,1904,1,1,5544,30,5514,3347,2197
t3,1905,2,2,10775,10036,739,8027,2748
t3,1906,3,2,9603,9100,503,9001,602
t3,1907,4,4,15005,109,14896,9272,5733
t3,1908,1,1,5899,30,5869,3405,2494
t3,1909,2,2,10648,9671,977,4932,5716
t3,1910,3,2,9910,9409,501,7153,2757
t3,1911,4,4,13864,171,13693,7793,6071
t3,1912,1,4,6709,30,6679,3521,3188
t3,1913,2,2,10804,9329,1475,1718,9086
t3,1914,3,2,10092,9607,485,1566,8526
t3,1915,4,4,12420,234,12186,282,12138
t3,1916,1,4,7809,33,7776,4541,3268
t3,1917,2,2,10957,9117,1840,1729,9228
t3,1918,3,2,10253,9769,484,1597,8656
t3,1919,4,4,11011,277,10734,297,10714
t3,1920,1,4,9122,29,9093,5758,3364
t3,1921,2,2,10860,8888,1972,1714,9146
t3,1922,3,2,10429,9951,478,1656,8773
t3,1923,4,4,10106,347,9759,344,9762
t3,1924,1,4,9568,23,9545,6307,3261
t3,1925,2,2,10932,8325,2607,2064,8868
t3,1926,3,2,10907,10457,450,2007,8900
t3,1927,4,4,9771,452,9319,423,9348
t3,1928,1,4,9665,16,9649,6301,3364
t3,1929,2,2,10351,7439,2912,2203,8148
t3,1930,3,2,11623,11173,450,2600,9023
t3,1931,4,4,9856,621,9235,578,9278
t3,1932,1,4,9431,13,9418,5941,3490
t3,1933,2,2,8707,5433,3274,2367,6340
t3,1934,3,2,13082,12670,412,4384,8698
t3,1935,4,4,10274,1153,9121,1083,9191
t3,1936,1,4,8777,6,8771,5246,3531
t3,1937,2,1,6678,2674,4004,2774,3904
t3,1938,3,2,11002,10738,264,6874,4128
t3,1939,4,2,12160,5808,6352,5859,6301
t3,1940,1,4,10935,0,10935,7075,3860
t3,1941,2,1,4833,99,4734,3252,1581
t3,1942,3,2,10779,10766,13,9225,1554
t3,1943,4,3,8814,8300,514,8538,276
t3,1944,1,4,16722,4,16718,11789,4933
t3,1945,2,1,5066,40,5026,3317,1749
t3,1946,3,2,10854,10678,176,9157,1697
t3,1947,4,2,9029,8522,507,8694,335
t3,1948,1,4,16168,42,16126,10007,6161
t3,1949,2,1,5284,37,5247,3288,1996
t3,1950,3,2,10820,10323,497,8873,1947
t3,1951,4,2,9294,8795,499,8890,404
t3,1952,1,4,15707,90,15617,9366,6341
t3,1953,2,1,5548,33,5515,3258,2290
t3,1954,3,2,10770,10105,665,8086,2684
t3,1955,4,2,9523,9023,500,8967,556
t3,1956,1,4,15150,107,15043,9267,5883
t3,1957,2,1,5837,38,5799,3392,2445
t3,1958,3,2,10794,9775,1019,6477,4317
t3,1959,4,2,9722,9228,494,8585,1137
t3,1960,1,4,14471,151,14320,9165,5306
t3,1961,2,1,6302,33,6269,3438,2864
t3,1962,3,2,10691,9538,1153,3712,6979
t3,1963,4,2,9971,9482,489,4828,5143
t3,1964,1,4,13337,178,13159,5548,7789
t3,1965,2,4,7225,30,7195,3857,3368
t3,1966,3,2,10752,9292,1460,1509,9243
t3,1967,4,2,10177,9695,482,1641,8536
t3,1968,1,4,12034,239,11795,265,11769
t3,1969,2,4,8127,30,8097,4827,3300
t3,1970,3,2,11011,9045,1966,1797,9214
t3,1971,4,2,10271,9792,479,1619,8652
t3,1972,1,4,10847,297,10550,311,10536
t3,1973,2,4,9177,28,9149,5863,3314
t3,1974,3,2,10971,8852,2119,1836,9135
t3,1975,4,2,10450,9976,474,1681,8769
t3,1976,1,4,10231,393,9838,385,9846
t3,1977,2,4,9503,22,9481,6195,3308
t3,1978,3,2,10713,8202,2511,1925,8788
t3,1979,4,2,11002,10541,461,2068,8934
t3,1980,1,4,9727,427,9300,394,9333
t3,1981,2,4,9632,22,9610,6294,3338
t3,1982,3,2,10301,7353,2948,2261,8040
t3,1983,4,2,11658,11210,448,2665,8993
t3,1984,1,4,9814,595,9219,543,9271
t3,1985,2,4,9114,10,9104,5703,3411
t3,1986,3,1,7693,4129,3564,2466,5227
t3,1987,4,2,12177,11826,351,5532,6645
t3,1988,1,4,10307,3250,7057,3222,7085
t3,1989,2,4,10235,1,10234,6563,3672
t3,1990,3,1,4890,91,4799,3238,1652
t3,1991,4,2,10870,10860,10,9210,1660
t3,1992,1,3,8842,8312,530,8537,305
t3,1993,2,4,16677,0,16677,11996,4681
t3,1994,3,1,4960,38,4922,3330,1630
t3,1995,4,2,10866,10727,139,9224,1642
t3,1996,1,2,8934,8415,519,8604,330
t3,1997,2,4,16459,16,16443,10779,5680
t3,1998,3,1,5145,41,5104,3325,1820
t3,1999,4,2,10808,10528,280,9096,1712
t3,2000,1,2,9136,8617,519,8759,377
t3,2001,2,4,16009,38,15971,9775,6234
t3,2002,3,1,5403,38,5365,3274,2129
t3,2003,4,2,10834,10315,519,8790,2044
t3,2004,1,2,9352,8835,517,8902,450
t3,2005,2,4,15733,78,15655,9343,6390
t3,2006,3,1,5386,38,5348,3201,2185
t3,2007,4,2,10774,10011,763,8133,2641
t3,2008,1,2,9579,9072,507,8990,589
t3,2009,2,4,15026,126,14900,9285,5741
t3,2010,3,1,6009,35,5974,3523,2486
t3,2011,4,2,10783,9762,1021,6198,4585
t3,2012,1,2,9751,9241,510,8542,1209
t3,2013,2,4,14265,152,14113,9007,5258
t3,2014,3,1,6417,35,6382,3511,2906
t3,2015,4,2,10776,9482,1294,3467,7309
t3,2016,1,2,9966,9458,508,4277,5689
t3,2017,2,4,13514,204,13310,6321,7193
t3,2018,3,4,6942,28,6914,3722,3220
t3,2019,4,2,10807,9302,1505,1526,9281
t3,2020,1,2,10117,9623,494,1561,8556
t3,2021,2,4,12214,247,11967,278,11936
t3,2022,3,4,8012,30,7982,4661,3351
t3,2023,4,2,10907,9063,1844,1690,9217
t3,2024,1,2,10289,9809,480,1622,8667
t3,2025,2,4,10548,325,10223,332,10216
t3,2026,3,4,9317,23,9294,6012,3305
t3,2027,4,2,10848,8539,2309,1905,8943
t3,2028,1,2,10719,10250,469,1837,8882
t3,2029,2,4,9765,435,9330,416,9349
t3,2030,3,4,9710,16,9694,6309,3401
t3,2031,4,2,10148,7335,2813,2062,8086
t3,2032,1,2,11737,11276,461,2740,8997
t3,2033,2,4,9792,590,9202,518,9274
t3,2034,3,4,9153,12,9141,5729,3424
t3,2035,4,2,8690,5127,3563,2536,6154
t3,2036,1,2,13184,12771,413,4611,8573
t3,2037,2,4,10296,1268,9028,1186,9110
t3,2038,3,4,8717,5,8712,5218,3499
t3,2039,4,1,6743,2632,4111,2894,3849
t3,2040,1,2,11825,11526,299,6905,4920
t3,2041,2,2,11404,5064,6340,5024,6380
t3,2042,3,4,10957,0,10957,7188,3769
t3,2043,4,1,4830,63,4767,3290,1540
t3,2044,1,2,10859,10846,13,9261,1598
t3,2045,2,3,8821,8314,507,8533,288
t3,2046,3,4,16654,3,16651,11721,4933
t3,2047,4,1,5071,49,5022,3294,1777
t3,2048,1,2,10861,10701,160,9223,1638
t3,2049,2,2,8990,8461,529,8672,318
t3,2050,3,4,16281,26,16255,10372,5909
t3,2051,4,1,5169,42,5127,3355,1814
t3,2052,1,2,10791,10500,291,9090,1701
t3,2053,2,2,9157,8647,510,8788,369
t3,2054,3,4,16013,53,15960,9615,6398
t3,2055,4,1,5391,42,5349,3306,2085
t3,2056,1,2,10859,10270,589,8753,2106
t3,2057,2,2,9368,8870,498,8958,410
t3,2058,3,4,15593,64,15529,9315,6278
t3,2059,4,1,5555,34,5521,3297,2258
t3,2060,1,2,10819,10029,790,8006,2813
t3,2061,2,2,9531,9013,518,8984,547
t3,2062,3,4,15098,112,14986,9273,5825
t3,2063,4,1,5840,36,5804,3455,2385
t3,2064,1,2,10754,9756,998,5914,4840
t3,2065,2,2,9777,9277,500,7848,1929
t3,2066,3,4,13874,166,13708,7873,6001
t3,2067,4,4,6855,23,6832,3654,3201
t3,2068,1,2,10765,9377,1388,1733,9032
t3,2069,2,2,10096,9598,498,1582,8514
t3,2070,3,4,12269,230,12039,252,12017
t3,2071,4,4,7949,28,7921,4701,3248
t3,2072,1,2,10911,9083,1828,1688,9223
t3,2073,2,2,10291,9803,488,1628,8663
t3,2074,3,4,10798,286,10512,287,10511
t3,2075,4,4,9177,25,9152,5893,3284
t3,2076,1,2,10918,8789,2129,1797,9121
t3,2077,2,2,10507,10024,483,1740,8767
t3,2078,3,4,9996,356,9640,342,9654
t3,2079,4,4,9693,17,9676,6350,3343
t3,2080,1,2,10961,8349,2612,2086,8875
t3,2081,2,2,10859,10393,466,1935,8924
t3,2082,3,4,9761,449,9312,415,9346
t3,2083,4,4,9568,22,9546,6299,3269
t3,2084,1,2,10111,7172,2939,2166,7945
t3,2085,2,2,11871,11414,457,2854,9017
t3,2086,3,4,9809,583,9226,517,9292
t3,2087,4,4,9386,8,9378,5881,3505
t3,2088,1,2,8325,5023,3302,2382,5943
t3,2089,2,2,13317,12915,402,4724,8593
t3,2090,3,4,10276,1263,9013,1224,9052
t3,2091,4,4,8732,8,8724,5154,3578
t3,2092,1,1,6762,2594,4168,2888,3874
t3,2093,2,2,10968,10710,258,6949,4019
t3,2094,3,2,10921,5959,4962,5981,4940
t3,2095,4,4,12247,1,12246,8356,3891
t3,2096,1,1,4826,66,4760,3303,1523
t3,2097,2,2,10806,10794,12,9233,1573
t3,2098,3,3,8813,8303,510,8541,272
t3,2099,4,4,16586,6,16580,11478,5108
t3,2100,1,1,5087,34,5053,3325,1762
t3,2101,2,2,10923,10717,206,9214,1709
t3,2102,3,2,8978,8470,508,8647,331
t3,2103,4,4,16279,23,16256,10412,5867
t3,2104,1,1,5163,44,5119,3389,1774
t3,2105,2,2,10825,10410,415,9013,1812
t3,2106,3,2,9265,8753,512,8878,387
t3,2107,4,4,15753,53,15700,9382,6371
t3,2108,1,1,5503,40,5463,3328,2175
t3,2109,2,2,10735,10044,691,8166,2569
t3,2110,3,2,9535,9036,499,8969,566
t3,2111,4,4,15137,110,15027,9280,5857
t3,2112,1,1,5896,31,5865,3227,2669
t3,2113,2,2,10752,9728,1024,5727,5025
t3,2114,3,2,9837,9346,491,8286,1551
t3,2115,4,4,14262,142,14120,8901,5361
t3,2116,1,1,6510,29,6481,3417,3093
t3,2117,2,2,10713,9481,1232,3360,7353
t3,2118,3,2,9995,9507,488,3673,6322
t3,2119,4,4,12906,222,12684,1569,11337
t3,2120,1,4,7633,33,7600,4315,3318
t3,2121,2,2,10863,9243,1620,1594,9269
t3,2122,3,2,10183,9700,483,1581,8602
t3,2123,4,4,11914,245,11669,267,11647
t3,2124,1,4,8316,34,8282,4942,3374
t3,2125,2,2,10885,9005,1880,1708,9177
t3,2126,3,2,10335,9861,474,1682,8653
t3,2127,4,4,10789,306,10483,317,10472
t3,2128,1,4,9113,26,9087,5814,3299
t3,2129,2,2,10927,8758,2169,1845,9082
t3,2130,3,2,10518,10053,465,1725,8793
t3,2131,4,4,9974,397,9577,377,9597
t3,2132,1,4,9733,21,9712,6332,3401
t3,2133,2,2,10717,8118,2599,2008,8709
t3,2134,3,2,11032,10568,464,2071,8961
t3,2135,4,4,9797,527,9270,488,9309
t3,2136,1,4,9524,14,9510,6123,3401
t3,2137,2,2,9882,6845,3037,2242,7640
t3,2138,3,2,12141,11704,437,3112,9029
t3,2139,4,4,9895,687,9208,629,9266
t3,2140,1,4,9138,10,9128,5742,3396
t3,2141,2,1,8025,4449,3576,2539,5486
t3,2142,3,2,13726,13322,404,5266,8460
t3,2143,4,4,10110,1415,8695,1346,8764
t3,2144,1,4,8872,4,8868,5207,3665
t3,2145,2,1,5507,1117,4390,3045,2462
t3,2146,3,2,9960,9926,34,8322,1638
t3,2147,4,3,8715,8214,501,8428,287
t3,2148,1,4,16667,0,16667,12100,4567
t3,2149,2,1,4937,39,4898,3329,1608
t3,2150,3,2,10849,10690,159,9232,1617
t3,2151,4,2,8985,8481,504,8689,296
t3,2152,1,4,16373,25,16348,10414,5959
t3,2153,2,1,5192,39,5153,3324,1868
t3,2154,3,2,10866,10482,384,9064,1802
t3,2155,4,2,9199,8685,514,8818,381
t3,2156,1,4,15936,61,15875,9556,6380
t3,2157,2,1,5512,35,5477,3373,2139
t3,2158,3,2,10823,10277,546,8688,2135
t3,2159,4,2,9374,8874,500,8907,467
t3,2160,1,4,15559,86,15473,9323,6236
t3,2161,2,1,5536,32,5504,3269,2267
t3,2162,3,2,10690,9895,795,7529,3161
t3,2163,4,2,9626,9127,499,8958,668
t3,2164,1,4,14931,124,14807,9268,5663
t3,2165,2,1,5993,26,5967,3478,2515
t3,2166,3,2,10801,9667,1134,5242,5559
t3,2167,4,2,9858,9370,488,8110,1748
t3,2168,1,4,14050,163,13887,8790,5260
t3,2169,2,1,6632,31,6601,3604,3028
t3,2170,3,2,10829,9480,1349,3071,7758
t3,2171,4,2,10015,9523,492,3249,6766
t3,2172,1,4,13179,201,12978,3790,9389
t3,2173,2,4,7285,28,7257,3981,3304
t3,2174,3,2,10810,9220,1590,1563,9247
t3,2175,4,2,10206,9725,481,1612,8594
t3,2176,1,4,11880,271,11609,308,11572
t3,2177,2,4,8343,25,8318,5045,3298
t3,2178,3,2,11041,9018,2023,1820,9221
t3,2179,4,2,10333,9858,475,1631,8702
t3,2180,1,4,10594,319,10275,325,10269
t3,2181,2,4,9308,25,9283,5950,3358
t3,2182,3,2,11021,8756,2265,1930,9091
t3,2183,4,2,10520,10054,466,1675,8845
t3,2184,1,4,9904,387,9517,377,9527
t3,2185,2,4,9739,23,9716,6380,3359
t3,2186,3,2,10522,7876,2646,2050,8472
t3,2187,4,2,11236,10779,457,2249,8987
t3,2188,1,4,9799,590,9209,519,9280
t3,2189,2,4,9288,14,9274,5882,3406
t3,2190,3,2,8418,4908,3510,2488,5930
t3,2191,4,2,13030,12615,415,4836,8194
t3,2192,1,4,10628,1746,8882,1665,8963
t3,2193,2,4,8720,3,8717,5257,3463
t3,2194,3,1,5781,1498,4283,2961,2820
t3,2195,4,2,11185,10974,211,8014,3171
t3,2196,1,2,10658,6699,3959,6791,3867
t3,2197,2,4,13295,0,13295,9256,4039
t3,2198,3,1,4862,40,4822,3314,1548
t3,2199,4,2,10826,10804,22,9272,1554
t3,2200,1,3,8866,8360,506,8573,293
t3,2201,2,4,16534,6,16528,11453,5081
t3,2202,3,1,5070,42,5028,3356,1714
t3,2203,4,2,10840,10609,231,9177,1663
t3,2204,1,2,9039,8522,517,8708,331
t3,2205,2,4,16282,31,16251,10176,6106
t3,2206,3,1,5194,46,5148,3261,1933
t3,2207,4,2,10824,10437,387,9051,1773
t3,2208,1,2,9188,8673,515,8809,379
t3,2209,2,4,15816,64,15752,9442,6374
t3,2210,3,1,5574,34,5540,3413,2161
t3,2211,4,2,10723,10159,564,8492,2231
t3,2212,1,2,9468,8958,510,8977,491
t3,2213,2,4,15435,70,15365,9281,6154
t3,2214,3,1,5663,38,5625,3329,2334
t3,2215,4,2,10734,9888,846,7360,3374
t3,2216,1,2,9658,9168,490,8976,682
t3,2217,2,4,14959,125,14834,9270,5689
t3,2218,3,1,5928,31,5897,3370,2558
t3,2219,4,2,10676,9629,1047,4920,5756
t3,2220,1,2,9892,9396,496,7888,2004
t3,2221,2,4,14055,157,13898,8642,5413
t3,2222,3,4,6643,28,6615,3528,3115
t3,2223,4,2,10798,9452,1346,2923,7875
t3,2224,1,2,10036,9554,482,2025,8011
t3,2225,2,4,12584,213,12371,393,12191
t3,2226,3,4,7720,25,7695,4443,3277
t3,2227,4,2,10845,9079,1766,1623,9222
t3,2228,1,2,10272,9782,490,1586,8686
t3,2229,2,4,10895,298,10597,311,10584
t3,2230,3,4,9073,22,9051,5727,3346
t3,2231,4,2,10904,8677,2227,1851,9053
t3,2232,1,2,10599,10137,462,1796,8803
t3,2233,2,4,10032,379,9653,381,9651
t3,2234,3,4,9686,21,9665,6345,3341
t3,2235,4,2,10920,8245,2675,2143,8777
t3,2236,1,2,10972,10509,463,2029,8943
t3,2237,2,4,9752,459,9293,420,9332
t3,2238,3,4,9546,17,9529,6212,3334
t3,2239,4,2,10011,6990,3021,2229,7782
t3,2240,1,2,11940,11503,437,2967,8973
t3,2241,2,4,9905,694,9211,643,9262
t3,2242,3,4,9232,9,9223,5703,3529
t3,2243,4,2,8463,4981,3482,2530,5933
t3,2244,1,2,12971,12576,395,4752,8219
t3,2245,2,4,10542,1638,8904,1595,8947
t3,2246,3,4,8767,5,8762,5190,3577
t3,2247,4,1,6252,1983,4269,2958,3294
t3,2248,1,2,10875,10643,232,7492,3383
t3,2249,2,2,9230,6588,2642,6648,2582
t3,2250,3,4,14584,0,14584,10394,4190
t3,2251,4,1,4795,37,4758,3278,1517
t3,2252,1,2,10879,10840,39,9258,1621
t3,2253,2,3,8887,8375,512,8585,302
t3,2254,3,4,16605,9,16596,11339,5266
t3,2255,4,1,5058,42,5016,3229,1829
t3,2256,1,2,10849,10622,227,9193,1656
t3,2257,2,2,9036,8520,516,8692,344
t3,2258,3,4,16359,40,16319,10391,5968
t3,2259,4,1,5038,40,4998,3206,1832
t3,2260,1,2,10895,10473,422,9033,1862
t3,2261,2,2,9165,8646,519,8812,353
t3,2262,3,4,15946,52,15894,9564,6382
t3,2263,4,1,5392,35,5357,3253,2139
t3,2264,1,2,10834,10259,575,8661,2173
t3,2265,2,2,9423,8915,508,8924,499
t3,2266,3,4,15306,90,15216,9271,6035
t3,2267,4,1,5782,31,5751,3410,2372
t3,2268,1,2,10746,9831,915,6591,4155
t3,2269,2,2,9741,9248,493,8627,1114
t3,2270,3,4,14327,151,14176,9071,5256
t3,2271,4,1,6342,30,6312,3469,2873
t3,2272,1,2,10728,9494,1234,3301,7427
t3,2273,2,2,9973,9486,487,4370,5603
t3,2274,3,4,13198,201,12997,3404,9794
t3,2275,4,4,7343,27,7316,4019,3324
t3,2276,1,2,10881,9245,1636,1632,9249
t3,2277,2,2,10169,9690,479,1605,8564
t3,2278,3,4,11978,268,11710,299,11679
t3,2279,4,4,8250,25,8225,4927,3323
t3,2280,1,2,10944,9003,1941,1735,9209
t3,2281,2,2,10332,9859,473,1644,8688
t3,2282,3,4,10945,275,10670,301,10644
t3,2283,4,4,9029,26,9003,5705,3324
t3,2284,1,2,10777,8695,2082,1720,9057
t3,2285,2,2,10580,10115,465,1772,8808
t3,2286,3,4,10035,382,9653,381,9654
t3,2287,4,4,9715,12,9703,6388,3327
t3,2288,1,2,10696,8180,2516,1971,8725
t3,2289,2,2,11011,10540,471,2085,8926
t3,2290,3,4,9729,457,9272,413,9316
t3,2291,4,4,9585,14,9571,6203,3382
t3,2292,1,2,10117,7094,3023,2275,7842
t3,2293,2,2,11915,11469,446,2923,8992
t3,2294,3,4,9824,605,9219,553,9271
t3,2295,4,4,9165,7,9158,5775,3390
t3,2296,1,2,8461,4921,3540,2492,5969
t3,2297,2,2,13183,12792,391,4803,8380
t3,2298,3,4,10550,1518,9032,1471,9079
t3,2299,4,4,8667,4,8663,5132,3535
t3,2300,1,1,6281,2031,4250,2985,3296
t3,2301,2,2,11909,11643,266,7503,4406
t3,2302,3,2,11047,5503,5544,5528,5519
t3,2303,4,4,11657,1,11656,7777,3880
t3,2304,1,1,4853,36,4817,3315,1538
t3,2305,2,2,10887,10863,24,9225,1662
t3,2306,3,3,8908,8392,516,8607,301
t3,2307,4,4,16555,16,16539,11069,5486
t3,2308,1,1,5072,32,5040,3343,1729
t3,2309,2,2,10844,10546,298,9151,1693
t3,2310,3,2,9131,8626,505,8771,360
t3,2311,4,4,16044,52,15992,9645,6399
t3,2312,1,1,5338,40,5298,3277,2061
t3,2313,2,2,10801,10262,539,8732,2069
t3,2314,3,2,9350,8849,501,8931,419
t3,2315,4,4,15539,73,15466,9311,6228
t3,2316,1,1,5601,34,5567,3393,2208
t3,2317,2,2,10693,9953,740,7690,3003
t3,2318,3,2,9600,9105,495,8975,625
t3,2319,4,4,14984,121,14863,9255,5729
t3,2320,1,1,5990,29,5961,3426,2564
t3,2321,2,2,10723,9696,1027,5628,5095
t3,2322,3,2,9792,9300,492,8356,1436
t3,2323,4,4,14327,171,14156,9070,5257
t3,2324,1,1,6438,26,6412,3502,2936
t3,2325,2,2,10699,9483,1216,3142,7557
t3,2326,3,2,9982,9494,488,4241,5741
t3,2327,4,4,13377,190,13187,5246,8131
t3,2328,1,4,7129,28,7101,3783,3346
t3,2329,2,2,10812,9265,1547,1542,9270
t3,2330,3,2,10172,9689,483,1617,8555
t3,2331,4,4,11923,266,11657,301,11622
t3,2332,1,4,8386,21,8365,5001,3385
t3,2333,2,2,10879,9049,1830,1689,9190
t3,2334,3,2,10325,9844,481,1645,8680
t3,2335,4,4,10772,325,10447,335,10437
t3,2336,1,4,9193,31,9162,5866,3327
t3,2337,2,2,10969,8743,2226,1868,9101
t3,2338,3,2,10530,10063,467,1694,8836
t3,2339,4,4,9925,377,9548,370,9555
t3,2340,1,4,9779,22,9757,6366,3413
t3,2341,2,2,10652,8065,2587,2032,8620
t3,2342,3,2,11093,10623,470,2148,8945
t3,2343,4,4,9748,466,9282,434,9314
t3,2344,1,4,9516,22,9494,6199,3317
t3,2345,2,2,9834,6607,3227,2368,7466
t3,2346,3,2,12238,11800,438,3303,8935
t3,2347,4,4,9975,815,9160,752,9223
t3,2348,1,4,8862,9,8853,5350,3512
t3,2349,2,1,6452,2634,3818,2645,3807
t3,2350,3,2,10928,10621,307,6880,4048
t3,2351,4,2,10263,5931,4332,5915,4348
t3,2352,1,4,12879,0,12879,8857,4022
t3,2353,2,1,4809,41,4768,3278,1531
t3,2354,3,2,10791,10775,16,9233,1558
t3,2355,4,3,8863,8339,524,8589,274
t3,2356,1,4,16603,12,16591,11477,5126
t3,2357,2,1,5089,45,5044,3392,1697
t3,2358,3,2,10868,10679,189,9181,1687
t3,2359,4,2,9012,8498,514,8655,357
t3,2360,1,4,16341,32,16309,10285,6056
t3,2361,2,1,5107,41,5066,3205,1902
t3,2362,3,2,10806,10458,348,9004,1802
t3,2363,4,2,9206,8698,508,8825,381
t3,2364,1,4,15905,52,15853,9581,6324
t3,2365,2,1,5406,43,5363,3359,2047
t3,2366,3,2,10764,10181,583,8614,2150
t3,2367,4,2,9414,8910,504,8946,468
t3,2368,1,4,15588,83,15505,9302,6286
t3,2369,2,1,5570,32,5538,3250,2320
t3,2370,3,2,10750,9940,810,7550,3200
t3,2371,4,2,9659,9164,495,9025,634
t3,2372,1,4,15061,126,14935,9272,5789
t3,2373,2,1,5909,39,5870,3414,2495
t3,2374,3,2,10734,9698,1036,5655,5079
t3,2375,4,2,9778,9282,496,7893,1885
t3,2376,1,4,14301,149,14152,8886,5415
t3,2377,2,1,6386,29,6357,3338,3048
t3,2378,3,2,10802,9423,1379,2977,7825
t3,2379,4,2,10042,9545,497,2944,7098
t3,2380,1,4,12956,193,12763,2266,10690
t3,2381,2,4,7398,28,7370,4129,3269
t3,2382,3,2,10787,9249,1538,1529,9258
t3,2383,4,2,10224,9742,482,1620,8604
t3,2384,1,4,11687,253,11434,286,11401
t3,2385,2,4,8579,28,8551,5233,3346
t3,2386,3,2,10846,8945,1901,1639,9207
t3,2387,4,2,10366,9879,487,1613,8753
t3,2388,1,4,10106,334,9772,315,9791
t3,2389,2,4,9563,20,9543,6243,3320
t3,2390,3,2,10892,8229,2663,2138,8754
t3,2391,4,2,11008,10546,462,2059,8949
t3,2392,1,4,9768,481,9287,453,9315
t3,2393,2,4,9539,15,9524,6227,3312
t3,2394,3,2,9634,6585,3049,2190,7444
t3,2395,4,2,12291,11845,446,3344,8947
t3,2396,1,4,9920,705,9215,658,9262
t3,2397,2,4,9078,7,9071,5700,3378
t3,2398,3,2,8425,4779,3646,2682,5743
t3,2399,4,2,13059,12665,394,4929,8130
t3,2400,1,4,10449,1768,8681,1707,8742
t3,2401,2,4,8999,4,8995,5373,3626
t3,2402,3,1,6136,1814,4322,2983,3153
t3,2403,4,2,10494,10309,185,7649,2845
t3,2404,1,2,8755,7034,1721,7137,1618
t3,2405,2,4,15519,0,15519,11202,4317
t3,2406,3,1,4863,37,4826,3229,1634
t3,2407,4,2,10856,10805,51,9257,1599
t3,2408,1,3,8898,8386,512,8598,300
t3,2409,2,4,16508,6,16502,11423,5085
t3,2410,3,1,5250,40,5210,3478,1772
t3,2411,4,2,10821,10604,217,9176,1645
t3,2412,1,2,9010,8512,498,8684,326
t3,2413,2,4,16259,47,16212,10305,5954
t3,2414,3,1,5214,37,5177,3299,1915
t3,2415,4,2,10851,10444,407,9004,1847
t3,2416,1,2,9227,8722,505,8807,420
t3,2417,2,4,15965,60,15905,9553,6412
t3,2418,3,1,5359,40,5319,3297,2062
t3,2419,4,2,10762,10200,562,8599,2163
t3,2420,1,2,9467,8952,515,8992,475
t3,2421,2,4,15417,95,15322,9283,6134
t3,2422,3,1,5717,39,5678,3336,2381
t3,2423,4,2,10800,9908,892,7496,3304
t3,2424,1,2,9629,9125,504,8917,712
t3,2425,2,4,14809,123,14686,9254,5555
t3,2426,3,1,5963,29,5934,3411,2552
t3,2427,4,2,10729,9574,1155,4517,6212
t3,2428,1,2,9945,9460,485,5488,4457
t3,2429,2,4,13491,189,13302,5493,7998
t3,2430,3,4,7147,31,7116,3677,3470
t3,2431,4,2,10770,9252,1518,1500,9270
t3,2432,1,2,10200,9721,479,1620,8580
t3,2433,2,4,11834,262,11572,294,11540
t3,2434,3,4,8414,27,8387,5021,3393
t3,2435,4,2,10953,8991,1962,1755,9198
t3,2436,1,2,10381,9910,471,1691,8690
t3,2437,2,4,10614,287,10327,295,10319
t3,2438,3,4,9282,23,9259,5934,3348
t3,2439,4,2,10905,8676,2229,1867,9038
t3,2440,1,2,10587,10115,472,1740,8847
t3,2441,2,4,9929,435,9494,423,9506
t3,2442,3,4,9820,18,9802,6351,3469
t3,2443,4,2,10709,8055,2654,2070,8639
t3,2444,1,2,11071,10611,460,2161,8910
t3,2445,2,4,9790,521,9269,484,9306
t3,2446,3,4,9467,15,9452,6156,3311
t3,2447,4,2,9701,6562,3139,2309,7392
t3,2448,1,2,12346,11900,446,3391,8955
t3,2449,2,4,9913,724,9189,658,9255
t3,2450,3,4,8961,8,8953,5525,3436
t3,2451,4,1,7895,4148,3747,2694,5201
t3,2452,1,2,13178,12792,386,5545,7633
t3,2453,2,4,10812,2243,8569,2175,8637
t3,2454,3,4,9027,4,9023,5475,3552
t3,2455,4,1,5790,1409,4381,3070,2720
t3,2456,1,2,10374,10205,169,8033,2341
t3,2457,2,2,11378,7594,3784,7710,3668
t3,2458,3,4,13487,0,13487,9359,4128
t3,2459,4,1,4884,57,4827,3274,1610
t3,2460,1,2,10883,10811,72,9264,1619
t3,2461,2,2,8880,8363,517,8568,312
t3,2462,3,4,16585,12,16573,11299,5286
t3,2463,4,1,5038,40,4998,3237,1801
t3,2464,1,2,10863,10642,221,9219,1644
t3,2465,2,2,9048,8530,518,8722,326
t3,2466,3,4,16114,42,16072,9955,6159
t3,2467,4,1,5316,38,5278,3356,1960
t3,2468,1,2,10809,10285,524,8832,1977
t3,2469,2,2,9300,8795,505,8885,415
t3,2470,3,4,15666,74,15592,9321,6345
t3,2471,4,1,5489,36,5453,3293,2196
t3,2472,1,2,10721,9952,769,7531,3190
t3,2473,2,2,9598,9105,493,8990,608
t3,2474,3,4,14995,129,14866,9276,5719
t3,2475,4,1,5962,36,5926,3424,2538
t3,2476,1,2,10784,9736,1048,5913,4871
t3,2477,2,2,9740,9246,494,8527,1213
t3,2478,3,4,14393,154,14239,9043,5350
t3,2479,4,1,6327,23,6304,3465,2862
t3,2480,1,2,10801,9464,1337,3222,7579
t3,2481,2,2,10014,9529,485,3439,6575
t3,2482,3,4,13364,194,13170,4811,8553
t3,2483,4,4,7154,33,7121,3852,3302
t3,2484,1,2,10746,9240,1506,1491,9255
t3,2485,2,2,10205,9724,481,1647,8558
t3,2486,3,4,11894,284,11610,318,11576
t3,2487,4,4,8384,29,8355,5015,3369
t3,2488,1,2,10887,9024,1863,1695,9192
t3,2489,2,2,10408,9935,473,1699,8709
t3,2490,3,4,10521,274,10247,298,10223
t3,2491,4,4,9295,27,9268,5943,3352
t3,2492,1,2,11004,8689,2315,1945,9059
t3,2493,2,2,10570,10112,458,1767,8803
t3,2494,3,4,9909,394,9515,380,9529
t3,2495,4,4,9802,24,9778,6466,3336
t3,2496,1,2,10743,8114,2629,2074,8669
t3,2497,2,2,11080,10613,467,2083,8997
t3,2498,3,4,9766,489,9277,438,9328
t3,2499,4,4,9615,21,9594,6220,3395
t3,2500,1,2,9818,6799,3019,2272,7546
t3,2501,2,2,12188,11734,454,3164,9024
t3,2502,3,4,9846,636,9210,585,9261
t3,2503,4,4,9081,9,9072,5767,3314
t3,2504,1,2,8224,4611,3613,2589,5635
t3,2505,2,2,12821,12444,377,5088,7733
t3,2506,3,4,9793,2166,7627,2109,7684
t3,2507,4,4,9871,2,9869,6105,3766
t3,2508,1,1,4906,343,4563,3171,1735
t3,2509,2,2,10633,10624,9,9024,1609
t3,2510,3,3,8799,8289,510,8519,280
t3,2511,4,4,16651,7,16644,11761,4890
t3,2512,1,1,5075,44,5031,3274,1801
t3,2513,2,2,10853,10658,195,9180,1673
t3,2514,3,2,9003,8497,506,8661,342
t3,2515,4,4,16349,39,16310,10245,6104
t3,2516,1,1,5095,41,5054,3187,1908
t3,2517,2,2,10828,10453,375,9051,1777
t3,2518,3,2,9180,8661,519,8791,389
t3,2519,4,4,15939,69,15870,9567,6372
t3,2520,1,1,5424,42,5382,3423,2001
t3,2521,2,2,10828,10228,600,8709,2119
t3,2522,3,2,9339,8847,492,8879,460
t3,2523,4,4,15609,75,15534,9337,6272
t3,2524,1,1,5439,35,5404,3181,2258
t3,2525,2,2,10807,9937,870,7526,3281
t3,2526,3,2,9667,9165,502,9029,638
t3,2527,4,4,14966,116,14850,9254,5712
t3,2528,1,1,5933,31,5902,3361,2572
t3,2529,2,2,10720,9720,1000,5903,4817
t3,2530,3,2,9819,9323,496,8208,1611
t3,2531,4,4,14212,155,14057,8883,5329
t3,2532,1,1,6515,32,6483,3508,3007
t3,2533,2,2,10806,9482,1324,3403,7403
t3,2534,3,2,9982,9497,485,3342,6640
t3,2535,4,4,13093,190,12903,2817,10276
t3,2536,1,4,7310,34,7276,3977,3333
t3,2537,2,2,10830,9239,1591,1563,9267
t3,2538,3,2,10181,9684,497,1548,8633
t3,2539,4,4,11755,251,11504,277,11478
t3,2540,1,4,8493,25,8468,5144,3349
t3,2541,2,2,10924,9017,1907,1691,9233
t3,2542,3,2,10318,9843,475,1639,8679
t3,2543,4,4,10695,303,10392,322,10373
t3,2544,1,4,9297,17,9280,5959,3338
t3,2545,2,2,10951,8647,2304,1876,9075
t3,2546,3,2,10610,10134,476,1745,8865
t3,2547,4,4,9777,422,9355,404,9373
t3,2548,1,4,9616,16,9600,6415,3201
t3,2549,2,2,10095,7224,2871,2148,7947
t3,2550,3,2,11808,11365,443,2859,8949
t3,2551,4,4,9906,689,9217,636,9270
t3,2552,1,4,9091,10,9081,5742,3349
t3,2553,2,2,8410,4711,3699,2572,5838
t3,2554,3,2,13403,13001,402,5068,8335
t3,2555,4,4,10238,1478,8760,1433,8805
t3,2556,1,4,8804,2,8802,5324,3480
t3,2557,2,1,5963,1663,4300,2968,2995
t3,2558,3,2,10837,10628,209,7809,3028
t3,2559,4,2,8495,6895,1600,6973,1522
t3,2560,1,4,15564,0,15564,11391,4173
t3,2561,2,1,4843,40,4803,3311,1532
t3,2562,3,2,10829,10779,50,9243,1586
t3,2563,4,3,8866,8362,504,8591,275
t3,2564,1,4,16572,20,16552,11449,5123
t3,2565,2,1,5195,43,5152,3367,1828
t3,2566,3,2,10887,10670,217,9205,1682
t3,2567,4,2,9024,8518,506,8700,324
t3,2568,1,4,16276,34,16242,10312,5964
t3,2569,2,1,5248,38,5210,3354,1894
t3,2570,3,2,10875,10471,404,9026,1849
t3,2571,4,2,9201,8692,509,8808,393
t3,2572,1,4,15921,55,15866,9500,6421
t3,2573,2,1,5484,37,5447,3397,2087
t3,2574,3,2,10754,10216,538,8596,2158
t3,2575,4,2,9428,8919,509,8908,520
t3,2576,1,4,15478,96,15382,9294,6184
t3,2577,2,1,5620,33,5587,3302,2318
t3,2578,3,2,10722,9869,853,7421,3301
t3,2579,4,2,9635,9130,505,8989,646
t3,2580,1,4,14829,123,14706,9248,5581
t3,2581,2,1,5988,35,5953,3368,2620
t3,2582,3,2,10696,9640,1056,5251,5445
t3,2583,4,2,9893,9391,502,7776,2117
t3,2584,1,4,14147,169,13978,8546,5601
t3,2585,2,1,6536,26,6510,3489,3047
t3,2586,3,2,10734,9375,1359,2080,8654
t3,2587,4,2,10135,9663,472,1612,8523
t3,2588,1,4,12222,218,12004,253,11969
t3,2589,2,4,8118,29,8089,4705,3413
t3,2590,3,2,10874,9049,1825,1647,9227
t3,2591,4,2,10314,9856,458,1621,8693
t3,2592,1,4,10476,293,10183,310,10166
t3,2593,2,4,9390,24,9366,6123,3267
t3,2594,3,2,10933,8619,2314,1917,9016
t3,2595,4,2,10680,10208,472,1827,8853
t3,2596,1,4,9900,418,9482,407,9493
t3,2597,2,4,9665,16,9649,6357,3308
t3,2598,3,2,10789,8007,2782,2171,8618
t3,2599,4,2,11097,10638,459,2168,8929
t3,2600,1,4,9756,512,9244,476,9280
t3,2601,2,4,9475,16,9459,6017,3458
t3,2602,3,2,9432,6321,3111,2284,7148
t3,2603,4,2,12494,12058,436,3547,8947
t3,2604,1,4,10016,818,9198,755,9261
t3,2605,2,4,8975,9,8966,5527,3448
t3,2606,3,1,7649,3902,3747,2611,5038
t3,2607,4,2,13717,13331,386,5743,7974
t3,2608,1,4,10652,2000,8652,1932,8720
t3,2609,2,4,8831,3,8828,5277,3554
t3,2610,3,1,5702,1157,4545,3104,2598
t3,2611,4,2,10327,10195,132,8233,2094
t3,2612,1,2,9878,7865,2013,8002,1876
t3,2613,2,4,15257,0,15257,10941,4316
t3,2614,3,1,4833,46,4787,3169,1664
t3,2615,4,2,10810,10729,81,9227,1583
t3,2616,1,2,8937,8417,520,8615,322
t3,2617,2,4,16554,6,16548,11184,5370
t3,2618,3,1,5032,35,4997,3291,1741
t3,2619,4,2,10840,10595,245,9181,1659
t3,2620,1,2,9063,8551,512,8716,347
t3,2621,2,4,16132,38,16094,9936,6196
t3,2622,3,1,5344,43,5301,3262,2082
t3,2623,4,2,10867,10379,488,8957,1910
t3,2624,1,2,9238,8738,500,8848,390
t3,2625,2,4,15828,67,15761,9409,6419
t3,2626,3,1,5401,41,5360,3287,2114
t3,2627,4,2,10748,10032,716,8201,2547
t3,2628,1,2,9560,9058,502,8985,575
t3,2629,2,4,15175,108,15067,9267,5908
t3,2630,3,1,5854,36,5818,3336,2518
t3,2631,4,2,10814,9686,1128,5573,5241
t3,2632,1,2,9925,9431,494,7850,2075
t3,2633,2,4,13998,169,13829,8611,5387
t3,2634,3,1,6545,25,6520,3548,2997
t3,2635,4,2,10842,9401,1441,2321,8521
t3,2636,1,2,10086,9602,484,1851,8235
t3,2637,2,4,12878,208,12670,994,11884
t3,2638,3,4,7496,24,7472,4208,3288
t3,2639,4,2,10841,9219,1622,1594,9247
t3,2640,1,2,10188,9700,488,1548,8640
t3,2641,2,4,11376,272,11104,285,11091
t3,2642,3,4,8792,28,8764,5436,3356
t3,2643,4,2,11004,8934,2070,1816,9188
t3,2644,1,2,10446,9966,480,1705,8741
t3,2645,2,4,10343,341,10002,335,10008
t3,2646,3,4,9442,19,9423,6164,3278
t3,2647,4,2,10927,8481,2446,1981,8946
t3,2648,1,2,10754,10285,469,1906,8848
t3,2649,2,4,9843,413,9430,385,9458
t3,2650,3,4,9757,18,9739,6435,3322
t3,2651,4,2,10646,7908,2738,2148,8498
t3,2652,1,2,11198,10744,454,2257,8941
t3,2653,2,4,9805,539,9266,512,9293
t3,2654,3,4,9512,12,9500,6102,3410
t3,2655,4,2,9352,6182,3170,2309,7043
t3,2656,1,2,12580,12155,425,3704,8876
t3,2657,2,4,10049,852,9197,779,9270
t3,2658,3,4,8906,9,8897,5435,3471
t3,2659,4,1,7522,3768,3754,2635,4887
t3,2660,1,2,13263,12904,359,5817,7446
t3,2661,2,4,10626,2470,8156,2445,8181
t3,2662,3,4,9244,2,9242,5618,3626
t3,2663,4,1,5546,890,4656,3301,2245
t3,2664,1,2,10357,10289,68,8530,1827
t3,2665,2,2,8697,8061,636,8282,415
t3,2666,3,4,16630,0,16630,12018,4612
t3,2667,4,1,4922,39,4883,3263,1659
t3,2668,1,2,10836,10701,135,9197,1639
t3,2669,2,2,8982,8463,519,8674,308
t3,2670,3,4,16357,39,16318,10419,5938
t3,2671,4,1,5131,37,5094,3231,1900
t3,2672,1,2,10783,10392,391,9037,1746
t3,2673,2,2,9204,8694,510,8855,349
t3,2674,3,4,15930,56,15874,9524,6406
t3,2675,4,1,5430,33,5397,3316,2114
t3,2676,1,2,10772,10170,602,8546,2226
t3,2677,2,2,9404,8904,500,8949,455
t3,2678,3,4,15456,90,15366,9294,6162
t3,2679,4,1,5618,35,5583,3371,2247
t3,2680,1,2,10776,9906,870,7383,3393
t3,2681,2,2,9686,9181,505,8958,728
t3,2682,3,4,15007,112,14895,9260,5747
t3,2683,4,1,5935,35,5900,3319,2616
t3,2684,1,2,10711,9680,1031,5195,5516
t3,2685,2,2,9821,9341,480,7874,1947
t3,2686,3,4,14104,156,13948,8515,5589
t3,2687,4,1,6622,36,6586,3450,3172
t3,2688,1,2,10802,9436,1366,2437,8365
t3,2689,2,2,10065,9584,481,2357,7708
t3,2690,3,4,12675,186,12489,537,12138
t3,2691,4,4,7573,24,7549,4344,3229
t3,2692,1,2,10914,9174,1740,1688,9226
t3,2693,2,2,10216,9736,480,1611,8605
t3,2694,3,4,11600,270,11330,295,11305
t3,2695,4,4,8644,22,8622,5321,3323
t3,2696,1,2,10896,8962,1934,1713,9183
t3,2697,2,2,10432,9938,494,1720,8712
t3,2698,3,4,10553,322,10231,311,10242
t3,2699,4,4,9277,22,9255,5982,3295
t3,2700,1,2,10968,8501,2467,1979,8989
t3,2701,2,2,10758,10300,458,1898,8860
t3,2702,3,4,9885,390,9495,368,9517
t3,2703,4,4,9650,23,9627,6323,3327
t3,2704,1,2,10720,8081,2639,2073,8647
t3,2705,2,2,11096,10634,462,2166,8930
t3,2706,3,4,9752,527,9225,485,9267
t3,2707,4,4,9426,14,9412,5980,3446
t3,2708,1,2,8829,5552,3277,2396,6433
t3,2709,2,2,12846,12439,407,4242,8604
t3,2710,3,4,10270,1288,8982,1224,9046
t3,2711,4,4,8766,6,8760,5211,3555
t3,2712,1,1,5776,1556,4220,2886,2890
t3,2713,2,2,10227,10066,161,7847,2380
t3,2714,3,2,11639,7559,4080,7707,3932
t3,2715,4,4,13255,0,13255,9041,4214
t3,2716,1,1,4809,36,4773,3313,1496
t3,2717,2,2,10881,10848,33,9249,1632
t3,2718,3,3,8835,8327,508,8568,267
t3,2719,4,4,16650,5,16645,11529,5121
t3,2720,1,1,5156,45,5111,3330,1826
t3,2721,2,2,10894,10693,201,9194,1700
t3,2722,3,2,9014,8496,518,8678,336
t3,2723,4,4,16336,26,16310,10334,6002
t3,2724,1,1,5138,40,5098,3291,1847
t3,2725,2,2,10822,10407,415,9035,1787
t3,2726,3,2,9229,8727,502,8834,395
t3,2727,4,4,16002,49,15953,9554,6448
t3,2728,1,1,5508,45,5463,3356,2152
t3,2729,2,2,10800,10236,564,8720,2080
t3,2730,3,2,9387,8879,508,8907,480
t3,2731,4,4,15493,106,15387,9308,6185
t3,2732,1,1,5613,34,5579,3294,2319
t3,2733,2,2,10768,9947,821,7552,3216
t3,2734,3,2,9636,9146,490,8977,659
t3,2735,4,4,14976,130,14846,9276,5700
t3,2736,1,1,5931,29,5902,3380,2551
t3,2737,2,2,10703,9687,1016,5228,5475
t3,2738,3,2,9842,9351,491,7915,1927
t3,2739,4,4,14171,153,14018,8813,5358
t3,2740,1,4,6576,25,6551,3531,3045
t3,2741,2,2,10714,9444,1270,2761,7953
t3,2742,3,2,10045,9560,485,2824,7221
t3,2743,4,4,13086,194,12892,3159,9927
t3,2744,1,4,7401,26,7375,4056,3345
t3,2745,2,2,10821,9216,1605,1579,9242
t3,2746,3,2,10232,9745,487,1626,8606
t3,2747,4,4,11186,285,10901,301,10885
t3,2748,1,4,9030,30,9000,5718,3312
t3,2749,2,2,10863,8866,1997,1705,9158
t3,2750,3,2,10500,10024,476,1706,8794
t3,2751,4,4,9979,374,9605,372,9607
t3,2752,1,4,9660,23,9637,6328,3332
t3,2753,2,2,10889,8216,2673,2090,8799
t3,2754,3,2,11009,10546,463,2057,8952
t3,2755,4,4,9722,454,9268,408,9314
t3,2756,1,4,9491,14,9477,6179,3312
t3,2757,2,2,9949,6925,3024,2235,7714
t3,2758,3,2,11976,11548,428,3041,8935
t3,2759,4,4,9880,662,9218,620,9260
t3,2760,1,4,9309,12,9297,5755,3554
t3,2761,2,2,8539,5185,3354,2456,6083
t3,2762,3,2,13120,12706,414,4565,8555
t3,2763,4,4,10350,1352,8998,1266,9084
t3,2764,1,4,8866,6,8860,5291,3575
t3,2765,2,1,5912,1800,4112,2870,3042
t3,2766,3,2,10537,10356,181,7668,2869
t3,2767,4,2,11438,7020,4418,7136,4302
t3,2768,1,4,12862,0,12862,8881,3981
t3,2769,2,1,4802,44,4758,3220,1582
t3,2770,3,2,10856,10841,15,9253,1603
t3,2771,4,3,8837,8331,506,8558,279
t3,2772,1,4,16675,11,16664,11513,5162
t3,2773,2,1,5036,37,4999,3348,1688
t3,2774,3,2,10876,10706,170,9205,1671
t3,2775,4,2,8983,8477,506,8648,335
t3,2776,1,4,16268,26,16242,10289,5979
t3,2777,2,1,5215,39,5176,3249,1966
t3,2778,3,2,10788,10385,403,9044,1744
t3,2779,4,2,9209,8700,509,8812,397
t3,2780,1,4,16018,49,15969,9549,6469
t3,2781,2,1,5302,39,5263,3214,2088
t3,2782,3,2,10774,10205,569,8705,2069
t3,2783,4,2,9366,8863,503,8920,446
t3,2784,1,4,15560,89,15471,9315,6245
t3,2785,2,1,5685,33,5652,3364,2321
t3,2786,3,2,10783,9923,860,7390,3393
t3,2787,4,2,9654,9156,498,8864,790
t3,2788,1,4,14525,133,14392,9209,5316
t3,2789,2,1,6258,33,6225,3516,2742
t3,2790,3,2,10667,9495,1172,3642,7025
t3,2791,4,2,10019,9531,488,3484,6535
t3,2792,1,4,13127,194,12933,3514,9613
t3,2793,2,4,7301,23,7278,4014,3287
t3,2794,3,2,10760,9270,1490,1493,9267
t3,2795,4,2,10156,9672,484,1560,8596
t3,2796,1,4,11807,247,11560,276,11531
t3,2797,2,4,8405,24,8381,5041,3364
t3,2798,3,2,11016,9013,2003,1834,9182
t3,2799,4,2,10330,9857,473,1650,8680
t3,2800,1,4,10516,291,10225,296,10220
t3,2801,2,4,9378,24,9354,6104,3274
t3,2802,3,2,10967,8654,2313,1921,9046
t3,2803,4,2,10567,10109,458,1732,8835
t3,2804,1,4,9994,398,9596,385,9609
t3,2805,2,4,9725,19,9706,6408,3317
t3,2806,3,2,10717,8141,2576,2073,8644
t3,2807,4,2,11114,10653,461,2140,8974
t3,2808,1,4,9732,462,9270,436,9296
t3,2809,2,4,9522,18,9504,6254,3268
t3,2810,3,2,9793,6728,3065,2254,7539
t3,2811,4,2,12212,11775,437,3253,8959
t3,2812,1,4,9887,659,9228,619,9268
t3,2813,2,4,9001,7,8994,5726,3275
t3,2814,3,2,8476,4833,3643,2636,5840
t3,2815,4,2,13027,12635,392,4900,8127
t3,2816,1,4,10357,1753,8604,1664,8693
t3,2817,2,4,9017,3,9014,5534,3483
t3,2818,3,1,6154,1790,4364,3062,3092
t3,2819,4,2,10542,10338,204,7677,2865
t3,2820,1,2,9371,7088,2283,7164,2207
t3,2821,2,4,14896,0,14896,10629,4267
t3,2822,3,1,4967,42,4925,3239,1728
t3,2823,4,2,10885,10828,57,9225,1660
t3,2824,1,3,8866,8365,501,8573,293
t3,2825,2,4,16702,13,16689,11368,5334
t3,2826,3,1,5007,41,4966,3380,1627
t3,2827,4,2,10805,10592,213,9162,1643
t3,2828,1,2,9086,8574,512,8751,335
t3,2829,2,4,16044,43,16001,9772,6272
t3,2830,3,1,5388,39,5349,3325,2063
t3,2831,4,2,10862,10291,571,8773,2089
t3,2832,1,2,9395,8895,500,8935,460
t3,2833,2,4,15522,90,15432,9302,6220
t3,2834,3,1,5521,40,5481,3307,2214
t3,2835,4,2,10791,9950,841,7555,3236
t3,2836,1,2,9601,9121,480,8914,687
t3,2837,2,4,14924,108,14816,9251,5673
t3,2838,3,1,6022,29,5993,3343,2679
t3,2839,4,2,10774,9704,1070,5519,5255
t3,2840,1,2,9825,9327,498,7945,1880
t3,2841,2,4,13899,186,13713,8059,5840
t3,2842,3,4,6766,23,6743,3611,3155
t3,2843,4,2,10765,9400,1365,2420,8345
t3,2844,1,2,10016,9523,493,1837,8179
t3,2845,2,4,13004,213,12791,1769,11235
t3,2846,3,4,7406,29,7377,4100,3306
t3,2847,4,2,10828,9157,1671,1604,9224
t3,2848,1,2,10274,9780,494,1678,8596
t3,2849,2,4,11744,278,11466,300,11444
t3,2850,3,4,8537,26,8511,5119,3418
t3,2851,4,2,10948,8989,1959,1753,9195
t3,2852,1,2,10419,9947,472,1699,8720
t3,2853,2,4,10556,329,10227,327,10229
t3,2854,3,4,9446,23,9423,6037,3409
t3,2855,4,2,10828,8587,2241,1800,9028
t3,2856,1,2,10685,10211,474,1793,8892
t3,2857,2,4,9933,447,9486,419,9514
t3,2858,3,4,9718,19,9699,6400,3318
t3,2859,4,2,10614,7983,2631,2049,8565
t3,2860,1,2,11231,10764,467,2268,8963
t3,2861,2,4,9775,537,9238,477,9298
t3,2862,3,4,9495,11,9484,6052,3443
t3,2863,4,2,9646,6414,3232,2352,7294
t3,2864,1,2,12452,12013,439,3473,8979
t3,2865,2,4,9918,721,9197,644,9274
t3,2866,3,4,8931,8,8923,5536,3395
t3,2867,4,1,7085,3322,3763,2712,4373
t3,2868,1,2,11826,11475,351,6273,5553
t3,2869,2,2,10052,4514,5538,4471,5581
t3,2870,3,4,11709,0,11709,7867,3842
t3,2871,4,1,4827,41,4786,3310,1517
t3,2872,1,2,10884,10850,34,9265,1619
t3,2873,2,2,8885,8380,505,8579,306
t3,2874,3,4,16582,11,16571,11368,5214
t3,2875,4,1,5073,42,5031,3288,1785
t3,2876,1,2,10884,10610,274,9177,1707
t3,2877,2,2,9024,8511,513,8700,324
t3,2878,3,4,16282,30,16252,10106,6176
t3,2879,4,1,5104,39,5065,3264,1840
t3,2880,1,2,10816,10376,440,9012,1804
t3,2881,2,2,9242,8735,507,8855,387
t3,2882,3,4,15876,61,15815,9477,6399
t3,2883,4,1,5431,33,5398,3321,2110
t3,2884,1,2,10819,10181,638,8524,2295
t3,2885,2,2,9414,8917,497,8950,464
t3,2886,3,4,15407,97,15310,9290,6117
t3,2887,4,1,5661,37,5624,3228,2433
t3,2888,1,2,10727,9840,887,6967,3760
t3,2889,2,2,9677,9182,495,8952,725
t3,2890,3,4,14883,121,14762,9249,5634
t3,2891,4,1,5966,39,5927,3249,2717
t3,2892,1,2,10677,9647,1030,5167,5510
t3,2893,2,2,9852,9349,503,7906,1946
t3,2894,3,4,14099,166,13933,8601,5498
t3,2895,4,4,6661,34,6627,3526,3135
t3,2896,1,2,10764,9404,1360,2326,8438
t3,2897,2,2,10047,9562,485,1861,8186
t3,2898,3,4,12996,219,12777,2270,10726
t3,2899,4,4,7370,25,7345,4093,3277
t3,2900,1,2,10850,9193,1657,1613,9237
t3,2901,2,2,10223,9741,482,1617,8606
t3,2902,3,4,11581,270,11311,297,11284
t3,2903,4,4,8667,35,8632,5333,3334
t3,2904,1,2,10894,9005,1889,1694,9200
t3,2905,2,2,10356,9890,466,1627,8729
t3,2906,3,4,10284,301,9983,299,9985
t3,2907,4,4,9468,21,9447,6138,3330
t3,2908,1,2,10955,8444,2511,1999,8956
t3,2909,2,2,10810,10344,466,1887,8923
t3,2910,3,4,9753,449,9304,426,9327
t3,2911,4,4,9609,19,9590,6270,3339
t3,2912,1,2,9683,6759,2924,2166,7517
t3,2913,2,2,12196,11763,433,3204,8992
t3,2914,3,4,9903,695,9208,642,9261
t3,2915,4,4,9162,10,9152,5692,3470
t3,2916,1,2,8159,4586,3573,2529,5630
t3,2917,2,2,13485,13090,395,5147,8338
t3,2918,3,4,10360,1563,8797,1489,8871
t3,2919,4,4,8840,4,8836,5245,3595
t3,2920,1,1,5847,1454,4393,3011,2836
t3,2921,2,2,10411,10259,152,7969,2442
t3,2922,3,2,9963,7472,2491,7626,2337
t3,2923,4,4,14751,0,14751,10638,4113
t3,2924,1,1,4871,43,4828,3263,1608
t3,2925,2,2,10871,10826,45,9233,1638
t3,2926,3,3,8878,8361,517,8615,263
t3,2927,4,4,16609,10,16599,11313,5296
t3,2928,1,1,5074,36,5038,3369,1705
t3,2929,2,2,10892,10675,217,9212,1680
t3,2930,3,2,8999,8499,500,8684,315
t3,2931,4,4,16212,28,16184,10071,6141
t3,2932,1,1,5318,30,5288,3314,2004
t3,2933,2,2,10722,10350,372,8911,1811
t3,2934,3,2,9252,8754,498,8852,400
t3,2935,4,4,15968,57,15911,9560,6408
t3,2936,1,1,5304,36,5268,3248,2056
t3,2937,2,2,10821,10225,596,8583,2238
t3,2938,3,2,9424,8909,515,8929,495
t3,2939,4,4,15500,86,15414,9310,6190
t3,2940,1,1,5679,40,5639,3332,2347
t3,2941,2,2,10763,9896,867,7160,3603
t3,2942,3,2,9681,9177,504,9007,674
t3,2943,4,4,15002,138,14864,9283,5719
t3,2944,1,1,5860,38,5822,3285,2575
t3,2945,2,2,10746,9664,1082,5399,5347
t3,2946,3,2,9849,9364,485,7664,2185
t3,2947,4,4,13758,157,13601,7546,6212
t3,2948,1,4,6838,30,6808,3665,3173
t3,2949,2,2,10735,9290,1445,1598,9137
t3,2950,3,2,10168,9679,489,1597,8571
t3,2951,4,4,12084,234,11850,263,11821
t3,2952,1,4,8126,27,8099,4868,3258
t3,2953,2,2,10914,8992,1922,1735,9179
t3,2954,3,2,10377,9891,486,1671,8706
t3,2955,4,4,10655,303,10352,308,10347
t3,2956,1,4,9213,24,9189,5913,3300
t3,2957,2,2,11014,8763,2251,1883,9131
t3,2958,3,2,10533,10062,471,1711,8822
t3,2959,4,4,10012,377,9635,379,9633
