video,frame_index,time_s,roi_mean_luma,roi_mean_blue_excess,row_contrast,row_fft_peak_ratio,saturated_fraction
7-1T1 .mp4,0,0.0,0.0,0.0,0.0,0.0,0.0
7-1T1 .mp4,1,0.03332273073989321,0.0,0.0,0.0,0.0,0.0
7-1T1 .mp4,2,0.06664546147978642,0.0,0.0,0.0,0.0,0.0
7-1T1 .mp4,3,0.09996819221967963,0.021805554628372192,0.0,0.0,0.0,0.0
7-1T1 .mp4,4,0.13329092295957284,0.0023611111100763083,0.0,0.0,0.0,0.0
7-1T1 .mp4,5,0.16661365369946604,0.20125000178813934,0.0,0.0,0.0,0.0
7-1T1 .mp4,6,0.19993638443935927,0.2118055522441864,0.0,0.0,0.0,0.0
7-1T1 .mp4,7,0.23325911517925246,0.4171006977558136,0.0,0.0,0.0,0.0
7-1T1 .mp4,8,0.2665818459191457,0.4833506941795349,0.0,0.0,0.0,0.0
7-1T1 .mp4,9,0.2999045766590389,0.6823784708976746,0.0,0.0,0.0,0.0
7-1T1 .mp4,10,0.3332273073989321,0.7164062261581421,0.0,0.0,0.0,0.0
7-1T1 .mp4,11,0.3665500381388253,0.7536110877990723,0.0,0.0,0.0,0.0
7-1T1 .mp4,12,0.39987276887871853,0.7674131989479065,0.0,0.0,0.0,0.0
7-1T1 .mp4,13,0.43319549961861176,0.7782465219497681,0.0,0.0,0.0,0.0
7-1T1 .mp4,14,0.4665182303585049,0.7981076240539551,0.0,0.0,0.0,0.0
7-1T1 .mp4,15,0.49984096109839815,0.7915798425674438,0.0,0.0,0.0,0.0
7-1T1 .mp4,16,0.5331636918382914,0.8136631846427917,0.0,0.0,0.0,0.0
7-1T1 .mp4,17,0.5664864225781846,0.815746545791626,0.0,0.0,0.0,0.0
7-1T1 .mp4,18,0.5998091533180778,0.8186631798744202,0.0,0.0,0.0,0.0
7-1T1 .mp4,19,0.633131884057971,0.8138020634651184,0.0,0.0,0.0,0.0
7-1T1 .mp4,20,0.6664546147978642,0.8322222232818604,0.0,0.0,0.0,0.0
7-1T1 .mp4,21,0.6997773455377574,0.8065624833106995,0.0,0.0,0.0,0.0
7-1T1 .mp4,22,0.7331000762776506,0.8299999833106995,0.0,0.0,0.0,0.0
7-1T1 .mp4,23,0.7664228070175438,0.812829852104187,0.0,0.0,0.0,0.0
7-1T1 .mp4,24,0.7997455377574371,0.8359895944595337,0.0,0.0,0.0,0.0
7-1T1 .mp4,25,0.8330682684973303,0.8255729079246521,0.0,0.0,0.0,0.0
7-1T1 .mp4,26,0.8663909992372235,0.8290798664093018,0.0,0.0,0.0,0.0
7-1T1 .mp4,27,0.8997137299771167,0.8269270658493042,0.0,0.0,0.0,0.0
7-1T1 .mp4,28,0.9330364607170099,0.8355382084846497,0.0,0.0,0.0,0.0
7-1T1 .mp4,29,0.9663591914569031,0.7911111116409302,0.0,0.0,0.0,0.0
7-1T1 .mp4,30,0.9996819221967963,0.8239235877990723,0.0,0.0,0.0,0.0
7-1T1 .mp4,31,1.0330046529366896,0.7859722375869751,0.0,0.0,0.0,0.0
7-1T1 .mp4,32,1.0663273836765828,0.836475670337677,0.0,0.0,0.0,0.0
7-1T1 .mp4,33,1.0996501144164759,0.8346527814865112,0.0,0.0,0.0,0.0
7-1T1 .mp4,34,1.1329728451563692,0.8392187356948853,0.0,0.0,0.0,0.0
7-1T1 .mp4,35,1.1662955758962623,0.797413170337677,0.0,0.0,0.0,0.0
7-1T1 .mp4,36,1.1996183066361557,0.8353298902511597,0.0,0.0,0.0,0.0
7-1T1 .mp4,37,1.2329410373760488,0.8332465291023254,0.0,0.0,0.0,0.0
7-1T1 .mp4,38,1.266263768115942,0.8238020539283752,0.0,0.0,0.0,0.0
7-1T1 .mp4,39,1.2995864988558352,0.48515623807907104,0.0,0.0,0.0,0.0
7-1T1 .mp4,40,1.3329092295957283,0.835277795791626,0.0,0.0,0.0,0.0
7-1T1 .mp4,41,1.3662319603356217,0.8266666531562805,0.0,0.0,0.0,0.0
7-1T1 .mp4,42,1.3995546910755148,0.8393750190734863,0.0,0.0,0.0,0.0
7-1T1 .mp4,43,1.4328774218154081,0.8187152743339539,0.0,0.0,0.0,0.0
7-1T1 .mp4,44,1.4662001525553012,0.8374999761581421,0.0,0.0,0.0,0.0
7-1T1 .mp4,45,1.4995228832951946,0.773524284362793,0.0,0.0,0.0,0.0
7-1T1 .mp4,46,1.5328456140350877,0.8247222304344177,0.0,0.0,0.0,0.0
7-1T1 .mp4,47,1.566168344774981,0.8113889098167419,0.0,0.0,0.0,0.0
7-1T1 .mp4,48,1.5994910755148741,0.8191666603088379,0.0,0.0,0.0,0.0
7-1T1 .mp4,49,1.6328138062547672,0.4384722113609314,0.0,0.0,0.0,0.0
7-1T1 .mp4,50,1.6661365369946606,0.30694442987442017,0.0,0.0,0.0,0.0
7-1T1 .mp4,51,1.6994592677345537,0.4513368010520935,0.0,0.0,0.0,0.0
7-1T1 .mp4,52,1.732781998474447,0.48522570729255676,0.0,0.0,0.0,0.0
7-1T1 .mp4,53,1.7661047292143401,0.3909375071525574,0.0,0.0,0.0,0.0
7-1T1 .mp4,54,1.7994274599542335,0.25414931774139404,0.0,0.0,0.0,0.0
7-1T1 .mp4,55,1.8327501906941266,0.42477431893348694,0.0,0.0,0.0,0.0
7-1T1 .mp4,56,1.8660729214340197,0.47394096851348877,0.0,0.0,0.0,0.0
7-1T1 .mp4,57,1.899395652173913,0.28961804509162903,0.0,0.0,0.0,0.0
7-1T1 .mp4,58,1.9327183829138062,0.24038194119930267,0.0,0.0,0.0,0.0
7-1T1 .mp4,59,1.9660411136536995,0.19866319000720978,0.0,0.0,0.0,0.0
7-1T1 .mp4,60,1.9993638443935926,0.1614583283662796,0.0,0.0,0.0,0.0
7-1T1 .mp4,61,2.0326865751334857,0.15128472447395325,0.0,0.0,0.0,0.0
7-1T1 .mp4,62,2.0660093058733793,0.08416666835546494,0.0,0.0,0.0,0.0
7-1T1 .mp4,63,2.0993320366132724,0.03802083432674408,0.0,0.0,0.0,0.0
7-1T1 .mp4,64,2.1326547673531655,0.03791666775941849,0.0,0.0,0.0,0.0
7-1T1 .mp4,65,2.1659774980930586,0.043958332389593124,0.0,0.0,0.0,0.0
7-1T1 .mp4,66,2.1993002288329517,0.3758159577846527,0.0,0.0,0.0,0.0
7-1T1 .mp4,67,2.2326229595728453,0.21432290971279144,0.0,0.0,0.0,0.0
7-1T1 .mp4,68,2.2659456903127384,0.20835068821907043,0.0,0.0,0.0,0.0
7-1T1 .mp4,69,2.2992684210526315,0.25409722328186035,0.0,0.0,0.0,0.0
7-1T1 .mp4,70,2.3325911517925246,0.1535416692495346,0.0,0.0,0.0,0.0
7-1T1 .mp4,71,2.365913882532418,0.41664931178092957,0.0,0.0,0.0,0.0
7-1T1 .mp4,72,2.3992366132723113,0.4389062523841858,0.0,0.0,0.0,0.0
7-1T1 .mp4,73,2.4325593440122044,0.36286458373069763,0.0,0.0,0.0,0.0
7-1T1 .mp4,74,2.4658820747520975,0.1746354103088379,0.0,0.0,0.0,0.0
7-1T1 .mp4,75,2.4992048054919906,0.23046875,0.0,0.0,0.0,0.0
7-1T1 .mp4,76,2.532527536231884,0.12746527791023254,0.0,0.0,0.0,0.0
7-1T1 .mp4,77,2.5658502669717773,0.1068229153752327,0.0,0.0,0.0,0.0
7-1T1 .mp4,78,2.5991729977116704,0.10065972059965134,0.0,0.0,0.0,0.0
7-1T1 .mp4,79,2.6324957284515635,0.30510416626930237,0.0,0.0,0.0,0.0
7-1T1 .mp4,80,2.6658184591914567,0.40328124165534973,0.0,0.0,0.0,0.0
7-1T1 .mp4,81,2.69914118993135,0.4936458468437195,0.0,0.0,0.0,0.0
7-1T1 .mp4,82,2.7324639206712433,0.5194791555404663,0.0,0.0,0.0,0.0
7-1T1 .mp4,83,2.7657866514111364,0.2462500035762787,0.0,0.0,0.0,0.0
7-1T1 .mp4,84,2.7991093821510296,0.6053125262260437,0.0,0.0,0.0,0.0
7-1T1 .mp4,85,2.832432112890923,0.6226909756660461,0.0,0.0,0.0,0.0
7-1T1 .mp4,86,2.8657548436308162,0.6543402671813965,0.0,0.0,0.0,0.0
7-1T1 .mp4,87,2.8990775743707093,0.7010069489479065,0.0,0.0,0.0,0.0
7-1T1 .mp4,88,2.9324003051106025,0.6862847208976746,0.0,0.0,0.0,0.0
7-1T1 .mp4,89,2.9657230358504956,0.6862152814865112,0.0,0.0,0.0,0.0
7-1T1 .mp4,90,2.999045766590389,0.7187326550483704,0.0,0.0,0.0,0.0
7-1T1 .mp4,91,3.0323684973302822,19.13467025756836,112.3161392211914,0.17255386212883786,20.528648376464844,0.08644097222222222
7-1T1 .mp4,92,3.0656912280701754,19.89274787902832,116.00566101074219,0.22403872264549027,20.75628662109375,0.09151041666666666
7-1T1 .mp4,93,3.0990139588100685,20.15665626525879,115.47730255126953,0.10892722136025708,12.654462814331055,0.10192708333333333
7-1T1 .mp4,94,3.132336689549962,19.027563095092773,108.57930755615234,0.051132883201099405,12.68953800201416,0.09355902777777778
7-1T1 .mp4,95,3.165659420289855,22.99090576171875,134.9197540283203,0.04735905852037898,13.902522087097168,0.10421875
7-1T1 .mp4,96,3.1989821510297483,8.158785820007324,50.95207595825195,0.15486310144331497,17.649707794189453,0.015173611111111112
7-1T1 .mp4,97,3.2323048817696414,10.237589836120605,63.64816665649414,0.15215360612722503,18.74987030029297,0.016197916666666666
7-1T1 .mp4,98,3.2656276125095345,11.728235244750977,72.8917236328125,0.17207793863517876,23.580175399780273,0.01810763888888889
7-1T1 .mp4,99,3.298950343249428,14.69393539428711,90.59420013427734,0.07998974675245618,14.118501663208008,0.04414930555555555
7-1T1 .mp4,100,3.332273073989321,5.864379405975342,33.0420036315918,0.04369902340625287,11.969831466674805,0.02685763888888889
7-1T1 .mp4,101,3.3655958047292143,4.140958786010742,24.085521697998047,0.18229260479451512,17.102447509765625,0.008628472222222221
7-1T1 .mp4,102,3.3989185354691074,3.18048095703125,18.76274299621582,0.2654197521127884,18.131980895996094,0.0012326388888888888
7-1T1 .mp4,103,3.432241266209001,19.591981887817383,114.71109008789062,0.03846500102432559,11.313963890075684,0.09246527777777777
7-1T1 .mp4,104,3.465563996948894,17.778032302856445,102.74220275878906,0.030828552636007804,21.756362915039062,0.08149305555555555
7-1T1 .mp4,105,3.498886727688787,16.644681930541992,94.84456634521484,0.032424634985564145,21.18229103088379,0.08454861111111112
7-1T1 .mp4,106,3.5322094584286803,14.486896514892578,82.08892059326172,0.042801127675797,14.342133522033691,0.07902777777777778
7-1T1 .mp4,107,3.5655321891685734,12.417364120483398,68.84346008300781,0.03383937748502334,11.049692153930664,0.0753298611111111
7-1T1 .mp4,108,3.598854919908467,12.697333335876465,78.82826232910156,0.15430104718195994,18.009775161743164,0.018385416666666668
7-1T1 .mp4,109,3.63217765064836,14.66844654083252,90.83809661865234,0.15737681080745727,19.151643753051758,0.03149305555555556
7-1T1 .mp4,110,3.665500381388253,16.831350326538086,103.49838256835938,0.12619175965481447,14.307994842529297,0.05684027777777778
7-1T1 .mp4,111,3.6988231121281463,18.926820755004883,112.6767807006836,0.18563962128125674,25.456689834594727,0.08170138888888889
7-1T1 .mp4,112,3.7321458428680394,21.792682647705078,131.31314086914062,0.13828160443841883,10.170315742492676,0.09277777777777778
7-1T1 .mp4,113,3.765468573607933,3.7155990600585938,22.52715301513672,0.21218363824278486,16.30290985107422,0.00036458333333333335
7-1T1 .mp4,114,3.798791304347826,5.278911113739014,32.96847152709961,0.15765013970907218,26.260639190673828,0.004756944444444445
7-1T1 .mp4,115,3.832114035087719,7.125482082366943,45.296043395996094,0.17636116391575682,17.942842483520508,0.014357638888888889
7-1T1 .mp4,116,3.8654367658276123,9.72221851348877,60.93815231323242,0.07032314250288949,24.878692626953125,0.015694444444444445
7-1T1 .mp4,117,3.898759496567506,12.158838272094727,70.82572937011719,0.03336967104376417,8.937825202941895,0.07930555555555556
7-1T1 .mp4,118,3.932082227307399,9.844183921813965,56.27372360229492,0.03529840940875317,11.309507369995117,0.06428819444444445
7-1T1 .mp4,119,3.965404958047292,7.372817039489746,41.696109771728516,0.03366871301730462,14.203886032104492,0.042083333333333334
7-1T1 .mp4,120,3.998727688787185,21.848556518554688,132.80287170410156,0.05426426100931907,6.986761569976807,0.09296875
7-1T1 .mp4,121,4.032050419527079,19.068201065063477,113.30905151367188,0.19441461374274593,16.780563354492188,0.08024305555555555
7-1T1 .mp4,122,4.065373150266971,19.616037368774414,116.9562759399414,0.17054330066443768,11.882095336914062,0.09116319444444444
7-1T1 .mp4,123,4.098695881006865,18.43093490600586,108.9625244140625,0.07257919186623132,11.770705223083496,0.08663194444444444
7-1T1 .mp4,124,4.1320186117467586,16.547971725463867,97.01625061035156,0.0248145208156501,17.65805435180664,0.08277777777777778
7-1T1 .mp4,125,4.165341342486651,7.284609317779541,44.64834976196289,0.14535487136701905,12.691720962524414,0.012586805555555556
7-1T1 .mp4,126,4.198664073226545,9.080965042114258,57.37273406982422,0.1983701844865021,19.620296478271484,0.015121527777777777
7-1T1 .mp4,127,4.2319868039664374,11.21657657623291,71.02149200439453,0.1526437627757086,16.520814895629883,0.01659722222222222
7-1T1 .mp4,128,4.265309534706331,13.924298286437988,87.60205841064453,0.1830480476071525,14.095726013183594,0.026354166666666668
7-1T1 .mp4,129,4.298632265446225,15.402045249938965,96.640380859375,0.1588348971649517,25.40317153930664,0.04145833333333333
7-1T1 .mp4,130,4.331954996186117,4.786321640014648,28.299297332763672,0.16325169390402589,23.397001266479492,0.015381944444444445
7-1T1 .mp4,131,4.365277726926011,3.266845941543579,19.47975730895996,0.19912562689471422,19.937541961669922,0.002204861111111111
7-1T1 .mp4,132,4.3986004576659035,3.1145598888397217,18.781665802001953,0.21410807523195508,23.781965255737305,0.0
7-1T1 .mp4,133,4.431923188405797,4.440786838531494,27.999584197998047,0.09505317610313897,13.314837455749512,0.00640625
7-1T1 .mp4,134,4.465245919145691,16.578523635864258,98.19087982177734,0.035484407533335025,17.085494995117188,0.0834375
7-1T1 .mp4,135,4.498568649885583,14.65237045288086,85.09046173095703,0.039455585537655956,12.247849464416504,0.08248263888888889
7-1T1 .mp4,136,4.531891380625477,12.931147575378418,74.10452270507812,0.03684334603180442,17.52332878112793,0.08083333333333333
7-1T1 .mp4,137,4.5652141113653695,22.211580276489258,135.6212615966797,0.04444394492389163,16.15919303894043,0.09661458333333334
7-1T1 .mp4,138,4.598536842105263,14.01636028289795,87.45562744140625,0.16814479291986872,16.231021881103516,0.025503472222222223
7-1T1 .mp4,139,4.631859572845157,16.711088180541992,103.17024230957031,0.13109002115829355,15.589324951171875,0.05694444444444444
7-1T1 .mp4,140,4.665182303585049,18.57217788696289,112.31945037841797,0.18610157978258907,15.389823913574219,0.07621527777777778
7-1T1 .mp4,141,4.698505034324943,19.365962982177734,116.01976776123047,0.18263936363273908,19.200510025024414,0.08581597222222222
7-1T1 .mp4,142,4.731827765064836,3.194654703140259,19.03521728515625,0.21662898249232035,21.091352462768555,0.0
7-1T1 .mp4,143,4.765150495804729,4.984516620635986,30.5358943939209,0.20467660259558657,24.619874954223633,0.0027430555555555554
7-1T1 .mp4,144,4.798473226544623,6.413633346557617,40.10497283935547,0.18502239696566,21.339632034301758,0.01017361111111111
7-1T1 .mp4,145,4.831795957284515,8.05136489868164,50.90658950805664,0.14868613988332052,19.666154861450195,0.015364583333333333
7-1T1 .mp4,146,4.865118688024409,10.402888298034668,65.266845703125,0.18699590169272493,24.830167770385742,0.016927083333333332
7-1T1 .mp4,147,4.898441418764302,10.398272514343262,58.739906311035156,0.03289601483266525,13.083182334899902,0.07220486111111112
7-1T1 .mp4,148,4.931764149504195,8.488106727600098,46.998878479003906,0.03588022770051707,10.55221939086914,0.0528125
7-1T1 .mp4,149,4.965086880244089,6.201562881469727,34.348880767822266,0.045849161578521945,11.442516326904297,0.03239583333333333
7-1T1 .mp4,150,4.998409610983981,1.4990990161895752,7.215694427490234,0.10844461431816466,11.215980529785156,0.0
7-1T1 .mp4,151,5.031732341723875,19.75752830505371,119.07164001464844,0.18818209407946934,11.887980461120605,0.09585069444444444
7-1T1 .mp4,152,5.065055072463768,19.469532012939453,116.05172729492188,0.11569448267971062,14.281349182128906,0.09989583333333334
7-1T1 .mp4,153,5.098377803203661,17.862991333007812,105.23817443847656,0.04428819179229141,14.273776054382324,0.09296875
7-1T1 .mp4,154,5.131700533943555,22.375152587890625,136.70875549316406,0.04539683444337227,15.840734481811523,0.10421875
7-1T1 .mp4,155,5.165023264683447,9.247892379760742,57.41514587402344,0.14332559543087245,19.71868896484375,0.018177083333333333
7-1T1 .mp4,156,5.198345995423341,10.570194244384766,66.31444549560547,0.17031340758110403,16.612716674804688,0.018628472222222223
7-1T1 .mp4,157,5.231668726163234,12.974949836730957,81.3624267578125,0.16654470805054636,23.0476131439209,0.02388888888888889
7-1T1 .mp4,158,5.264991456903127,15.604201316833496,97.34917449951172,0.14584358928247818,24.635177612304688,0.044947916666666664
7-1T1 .mp4,159,5.298314187643021,5.42311954498291,29.623655319213867,0.14536531433018812,22.65300750732422,0.02654513888888889
7-1T1 .mp4,160,5.331636918382913,4.196415424346924,22.667448043823242,0.1728992886160833,20.23082160949707,0.0121875
7-1T1 .mp4,161,5.364959649122807,2.8731234073638916,15.64626693725586,0.25227324251729766,9.29167652130127,1.736111111111111e-05
7-1T1 .mp4,162,5.3982823798627,3.7509193420410156,22.87491226196289,0.23888036433970317,18.432571411132812,0.0
7-1T1 .mp4,163,5.431605110602593,5.718143463134766,36.81635284423828,0.20667420026388783,16.617136001586914,0.004774305555555556
7-1T1 .mp4,164,5.464927841342487,16.755870819091797,96.58541870117188,0.03226751375763273,12.910886764526367,0.10993055555555556
7-1T1 .mp4,165,5.49825057208238,14.686561584472656,83.35466003417969,0.044433568586172124,18.756282806396484,0.10451388888888889
7-1T1 .mp4,166,5.531573302822273,12.36355972290039,69.43560028076172,0.02987793825066897,19.183774948120117,0.0973611111111111
7-1T1 .mp4,167,5.5648960335621664,0.6999210119247437,1.2290277481079102,0.5116388455778474,6.313908100128174,0.0
7-1T1 .mp4,168,5.598218764302059,14.68111801147461,91.85427856445312,0.16305877079752415,23.214744567871094,0.036180555555555556
7-1T1 .mp4,169,5.631541495041953,17.25395965576172,106.83895111083984,0.19172792482544818,18.309646606445312,0.06605902777777778
7-1T1 .mp4,170,5.664864225781846,19.41050148010254,116.43684387207031,0.18317875598564315,15.675216674804688,0.10512152777777778
7-1T1 .mp4,171,5.698186956521739,22.14065933227539,133.5446319580078,0.0546970907040188,10.891228675842285,0.11651041666666667
7-1T1 .mp4,172,5.7315096872616325,3.451859474182129,21.782638549804688,0.1902300357232416,18.14429473876953,0.0
7-1T1 .mp4,173,5.764832418001525,4.826537132263184,31.655963897705078,0.17061967243661164,19.523767471313477,0.0
7-1T1 .mp4,174,5.798155148741419,6.7820305824279785,44.3439826965332,0.18233122900380652,17.64722442626953,0.0035416666666666665
7-1T1 .mp4,175,5.831477879481312,8.43981647491455,55.249053955078125,0.2117288556422991,17.796161651611328,0.009600694444444445
7-1T1 .mp4,176,5.864800610221205,12.827281951904297,70.29698944091797,0.0174981646125431,18.939208984375,0.09895833333333333
7-1T1 .mp4,177,5.8981233409610985,10.289932250976562,54.993656158447266,0.02669013215259008,22.509109497070312,0.0834375
7-1T1 .mp4,178,5.931446071700991,7.642358303070068,39.038516998291016,0.03197346894861162,13.719942092895508,0.06668402777777778
7-1T1 .mp4,179,5.964768802440885,6.002165794372559,29.485902786254883,0.15129460253991203,13.958271026611328,0.046440972222222224
7-1T1 .mp4,180,5.998091533180778,3.821131467819214,19.08177947998047,0.16892107977651194,22.894079208374023,0.018368055555555554
7-1T1 .mp4,181,6.031414263920671,19.654335021972656,115.03034973144531,0.05956551313033874,15.107978820800781,0.11744791666666667
7-1T1 .mp4,182,6.0647369946605645,18.74161720275879,107.62647247314453,0.028296586979591223,19.143596649169922,0.12279513888888889
7-1T1 .mp4,183,6.098059725400457,18.104991912841797,101.17737579345703,0.04685128508773638,11.486135482788086,0.12697916666666667
7-1T1 .mp4,184,6.131382456140351,0.8309895992279053,0.0,0.0,0.0,0.0
7-1T1 .mp4,185,6.164705186880244,8.471736907958984,53.8416748046875,0.1443600730538987,17.949628829956055,0.008177083333333333
7-1T1 .mp4,186,6.198027917620137,10.89193058013916,68.93297576904297,0.19078951051314358,25.270578384399414,0.021666666666666667
7-1T1 .mp4,187,6.2313506483600305,12.789802551269531,80.87732696533203,0.20167231704097333,21.710689544677734,0.029027777777777777
7-1T1 .mp4,188,6.264673379099924,15.054826736450195,95.02752685546875,0.18002439809305354,16.60902214050293,0.0415625
7-1T1 .mp4,189,6.297996109839817,5.619579315185547,26.368568420410156,0.12793068231595253,21.296276092529297,0.039357638888888886
7-1T1 .mp4,190,6.33131884057971,3.277919054031372,16.767343521118164,0.3484721539106369,21.729248046875,0.006197916666666667
7-1T1 .mp4,191,6.364641571319603,2.7539241313934326,16.189218521118164,0.1723021482635797,9.639928817749023,0.0
7-1T1 .mp4,192,6.3979643020594965,3.9668357372283936,24.262239456176758,0.20311757456119736,15.896781921386719,0.0
7-1T1 .mp4,193,6.43128703279939,17.302001953125,97.16065216064453,0.03825715184713961,14.017168998718262,0.11633680555555556
7-1T1 .mp4,194,6.464609763539283,15.177388191223145,83.6886215209961,0.024248093831935047,15.112428665161133,0.10328125
7-1T1 .mp4,195,6.497932494279176,13.854059219360352,75.26998901367188,0.029400900760216887,7.5866875648498535,0.09958333333333333
7-1T1 .mp4,196,6.531255225019069,11.630463600158691,61.64934158325195,0.03717986304556532,13.3289155960083,0.08708333333333333
7-1T1 .mp4,197,6.5645779557589625,9.417840957641602,48.46592712402344,0.024315735645328063,9.537981033325195,0.07743055555555556
7-1T1 .mp4,198,6.597900686498856,15.262287139892578,95.79710388183594,0.16415547408115655,21.90536880493164,0.03684027777777778
7-1T1 .mp4,199,6.631223417238749,16.58496856689453,103.04396057128906,0.18121806781504146,13.325239181518555,0.05272569444444444
7-1T1 .mp4,200,6.664546147978642,18.682403564453125,113.12611389160156,0.1704971968973858,15.224063873291016,0.09135416666666667
7-1T1 .mp4,201,6.697868878718535,0.770973801612854,1.0315451622009277,0.679670517451389,10.152294158935547,0.0
7-1T1 .mp4,202,6.7311916094584285,4.035655498504639,24.961050033569336,0.176276341622278,18.6357364654541,0.0
7-1T1 .mp4,203,6.764514340198322,4.9039692878723145,30.963516235351562,0.2264235537051526,14.326333045959473,0.0
7-1T1 .mp4,204,6.797837070938215,6.756057262420654,43.3265380859375,0.21075935521633932,21.78125762939453,0.0024305555555555556
7-1T1 .mp4,205,6.831159801678108,8.877120018005371,57.0237922668457,0.1613626971592847,20.984569549560547,0.01
7-1T1 .mp4,206,6.864482532418002,11.422797203063965,60.063629150390625,0.02701766025179477,10.86600399017334,0.08796875
7-1T1 .mp4,207,6.8978052631578946,9.598182678222656,49.641849517822266,0.040556138893126426,12.645398139953613,0.07704861111111111
7-1T1 .mp4,208,6.931127993897788,7.057243824005127,34.38866424560547,0.09086240891895564,13.214090347290039,0.061614583333333334
7-1T1 .mp4,209,6.964450724637681,4.833221912384033,23.014686584472656,0.14117054687402342,16.470605850219727,0.031684027777777776
7-1T1 .mp4,210,6.997773455377574,20.248178482055664,118.23246002197266,0.024715674949443114,9.7303466796875,0.11225694444444445
7-1T1 .mp4,211,7.031096186117468,19.170997619628906,111.18758392333984,0.08116303138175965,14.855213165283203,0.10911458333333333
7-1T1 .mp4,212,7.064418916857361,18.158784866333008,103.48145294189453,0.026748875654640642,11.252523422241211,0.11232638888888889
7-1T1 .mp4,213,7.097741647597254,16.669971466064453,93.11865997314453,0.029245292957751187,13.353673934936523,0.11168402777777778
7-1T1 .mp4,214,7.131064378337147,15.309544563293457,84.22655487060547,0.026628773461291614,16.85363006591797,0.10414930555555556
7-1T1 .mp4,215,7.16438710907704,8.791598320007324,56.41768264770508,0.13009268710955044,28.813661575317383,0.008958333333333334
7-1T1 .mp4,216,7.197709839816934,11.040254592895508,70.76527404785156,0.19559879873332434,19.030012130737305,0.02029513888888889
7-1T1 .mp4,217,7.231032570556827,13.35300064086914,85.49361419677734,0.184554083834649,23.7631893157959,0.031197916666666665
7-1T1 .mp4,218,7.26435530129672,6.938575744628906,35.13857650756836,0.01942760879697161,16.54053497314453,0.061927083333333334
7-1T1 .mp4,219,7.297678032036613,4.9395527839660645,24.51035499572754,0.1288117906780849,11.390310287475586,0.03696180555555555
7-1T1 .mp4,220,7.331000762776506,2.8642919063568115,15.638055801391602,0.3571846701882102,14.767640113830566,0.002864583333333333
7-1T1 .mp4,221,7.3643234935164,2.8491694927215576,19.521085739135742,0.1969647598995974,12.146078109741211,0.0
7-1T1 .mp4,222,7.397646224256293,4.070245265960693,26.470130920410156,0.2085306677278196,19.867650985717773,0.0
7-1T1 .mp4,223,7.430968954996186,16.92759132385254,95.02716827392578,0.04243045090176388,15.123783111572266,0.11373263888888889
7-1T1 .mp4,224,7.464291685736079,14.94801139831543,82.19646453857422,0.029604866958416222,15.378839492797852,0.10175347222222222
7-1T1 .mp4,225,7.497614416475972,12.601680755615234,67.68433380126953,0.033340319826113955,16.716976165771484,0.09489583333333333
7-1T1 .mp4,226,7.530937147215866,10.884943962097168,57.166927337646484,0.03130828475675239,23.716527938842773,0.08364583333333334
7-1T1 .mp4,227,7.564259877955759,21.7784366607666,129.1787109375,0.03737270274380098,4.5736517906188965,0.11225694444444445
7-1T1 .mp4,228,7.597582608695652,16.268245697021484,100.91160583496094,0.2348605656961296,17.948596954345703,0.045850694444444444
7-1T1 .mp4,229,7.630905339435546,18.454648971557617,110.98807525634766,0.19077397052201645,21.773290634155273,0.08583333333333333
7-1T1 .mp4,230,7.664228070175438,19.248483657836914,113.48316955566406,0.11240864065338907,15.355989456176758,0.10340277777777777
7-1T1 .mp4,231,7.697550800915332,18.65755271911621,107.54877471923828,0.03341177154558807,14.057073593139648,0.11005208333333333
7-1T1 .mp4,232,7.730873531655225,4.724275588989258,29.76828956604004,0.22082615428805694,21.801361083984375,0.0
7-1T1 .mp4,233,7.764196262395118,6.4413909912109375,41.607093811035156,0.19969180358639974,12.019206047058105,0.0009027777777777777
7-1T1 .mp4,234,7.797518993135012,7.827088356018066,50.27761459350586,0.1639464405925748,26.919689178466797,0.005225694444444444
7-1T1 .mp4,235,7.830841723874904,12.510773658752441,67.61253356933594,0.04190095690909364,13.210999488830566,0.09265625
7-1T1 .mp4,236,7.864164454614798,9.931584358215332,52.50992202758789,0.02210540013820526,21.711502075195312,0.08065972222222222
7-1T1 .mp4,237,7.897487185354691,7.468522071838379,37.07783126831055,0.019764936383488762,11.075709342956543,0.06446180555555556
7-1T1 .mp4,238,7.930809916094584,6.151618480682373,29.693889617919922,0.13043552650319162,14.734246253967285,0.04970486111111111
7-1T1 .mp4,239,7.964132646834478,4.006470680236816,19.56067657470703,0.1302515124057245,19.828340530395508,0.01965277777777778
7-1T1 .mp4,240,7.99745537757437,18.990036010742188,112.76190948486328,0.09270555347183058,11.389988899230957,0.10670138888888889
7-1T1 .mp4,241,8.030778108314264,18.4390926361084,106.80262756347656,0.024185478280459315,17.77422523498535,0.11690972222222222
7-1T1 .mp4,242,8.064100839054158,17.522483825683594,100.61459350585938,0.02384786716008001,15.173548698425293,0.11888888888888889
7-1T1 .mp4,243,8.097423569794051,16.1533203125,88.31742095947266,0.040612187369588715,14.74559497833252,0.10888888888888888
7-1T1 .mp4,244,8.130746300533943,21.75897979736328,129.25668334960938,0.0275226514673655,16.256969451904297,0.11600694444444444
7-1T1 .mp4,245,8.164069031273836,10.94801139831543,68.82197570800781,0.1550561523042894,19.030241012573242,0.020868055555555556
7-1T1 .mp4,246,8.19739176201373,12.654500007629395,79.82734680175781,0.15351975091594158,19.616987228393555,0.027447916666666666
7-1T1 .mp4,247,8.230714492753624,15.167585372924805,95.00366973876953,0.15266545506075413,17.552906036376953,0.04020833333333333
7-1T1 .mp4,248,8.264037223493517,17.69911766052246,108.70541381835938,0.17291641405550107,29.80162811279297,0.080625
7-1T1 .mp4,249,8.297359954233409,3.5380544662475586,17.316648483276367,0.3972261147840609,18.24178695678711,0.009548611111111112
7-1T1 .mp4,250,8.330682684973302,2.815335988998413,16.597394943237305,0.20744710045184403,21.253576278686523,0.0
7-1T1 .mp4,251,8.364005415713196,3.8693313598632812,24.865224838256836,0.17762932343226845,19.254486083984375,0.0
7-1T1 .mp4,252,8.39732814645309,16.87871742248535,95.54164123535156,0.030742475173090582,12.554108619689941,0.11484375
7-1T1 .mp4,253,8.430650877192983,15.792896270751953,88.18861389160156,0.03827371065485161,14.283364295959473,0.1102951388888889
7-1T1 .mp4,254,8.463973607932875,13.716961860656738,75.2259750366211,0.024322657014513287,9.373126983642578,0.09925347222222222
7-1T1 .mp4,255,8.497296338672768,11.401881217956543,60.447994232177734,0.053222141235437344,15.361164093017578,0.08828125
7-1T1 .mp4,256,8.530619069412662,8.770170211791992,45.114505767822266,0.022658980953016362,18.348291397094727,0.07288194444444444
7-1T1 .mp4,257,8.563941800152556,15.414732933044434,96.2019271850586,0.16909970778166533,19.417423248291016,0.038211805555555554
7-1T1 .mp4,258,8.59726453089245,17.103534698486328,105.08119201660156,0.19496616468425781,18.192163467407227,0.05875
7-1T1 .mp4,259,8.630587261632341,19.246740341186523,114.31560516357422,0.12504442697454538,8.017718315124512,0.09932291666666666
7-1T1 .mp4,260,8.663909992372234,18.965007781982422,108.86284637451172,0.03685281858511257,13.315603256225586,0.11368055555555556
7-1T1 .mp4,261,8.697232723112128,21.534648895263672,128.90402221679688,0.03905177808153918,9.744288444519043,0.11520833333333333
7-1T1 .mp4,262,8.730555453852022,5.443840026855469,34.57347106933594,0.20436417774493207,19.40416145324707,6.944444444444444e-05
7-1T1 .mp4,263,8.763878184591915,7.412388801574707,47.57803726196289,0.14694158210249395,15.277891159057617,0.00359375
7-1T1 .mp4,264,8.797200915331807,9.656770706176758,61.84238815307617,0.2011750271934298,20.257640838623047,0.015868055555555555
7-1T1 .mp4,265,8.8305236460717,11.293490409851074,72.51001739501953,0.07444247205298611,11.639946937561035,0.026458333333333334
7-1T1 .mp4,266,8.863846376811594,8.757702827453613,46.02369689941406,0.023848172976387652,11.601007461547852,0.07477430555555556
7-1T1 .mp4,267,8.897169107551488,6.356553077697754,31.261571884155273,0.1133739903701464,23.99286651611328,0.05274305555555556
7-1T1 .mp4,268,8.930491838291381,4.164359092712402,20.7176570892334,0.14426367283775532,17.890613555908203,0.022152777777777778
7-1T1 .mp4,269,8.963814569031273,20.246177673339844,117.98765563964844,0.028097177761413007,19.013608932495117,0.11526041666666667
7-1T1 .mp4,270,8.997137299771166,19.080142974853516,110.13105773925781,0.033341532702289456,19.295461654663086,0.113125
7-1T1 .mp4,271,9.03046003051106,17.844776153564453,101.66091918945312,0.03246574375256291,9.04129409790039,0.11387152777777777
7-1T1 .mp4,272,9.063782761250954,16.159204483032227,90.51566314697266,0.03728150015024698,16.422670364379883,0.10880208333333333
7-1T1 .mp4,273,9.097105491990847,15.09522819519043,83.24609375,0.02859390848595869,15.454854011535645,0.09987847222222222
7-1T1 .mp4,274,9.130428222730739,9.167203903198242,60.05964279174805,0.18328703650675077,21.36152458190918,0.012795138888888889
7-1T1 .mp4,275,9.163750953470633,11.694511413574219,75.14495086669922,0.16927156074946462,19.860633850097656,0.020590277777777777
7-1T1 .mp4,276,9.197073684210526,14.321737289428711,91.08326721191406,0.18151047151981942,19.574228286743164,0.03581597222222222
7-1T1 .mp4,277,9.23039641495042,15.810184478759766,99.1063003540039,0.1915042359638159,20.816280364990234,0.042222222222222223
7-1T1 .mp4,278,9.263719145690313,19.025455474853516,117.46735382080078,0.1536207977419402,20.235177993774414,0.078125
7-1T1 .mp4,279,9.297041876430205,2.6443498134613037,14.618298530578613,0.1997141526602829,10.408026695251465,0.0
7-1T1 .mp4,280,9.330364607170099,3.5807693004608154,21.85487937927246,0.20182128220329962,18.889617919921875,0.0
7-1T1 .mp4,281,9.363687337909992,4.483911037445068,28.604305267333984,0.15066729514858865,17.274662017822266,0.0
7-1T1 .mp4,282,9.397010068649886,6.667527198791504,42.11287307739258,0.049644708456029266,18.174604415893555,0.0035069444444444445
7-1T1 .mp4,283,9.43033279938978,13.993463516235352,77.49141693115234,0.04762936689778329,11.57851791381836,0.09539930555555555
7-1T1 .mp4,284,9.463655530129673,12.155163764953613,65.64918518066406,0.0364814652762184,20.755342483520508,0.09135416666666667
7-1T1 .mp4,285,9.496978260869565,10.060368537902832,53.18669128417969,0.022629138752715567,27.245141983032227,0.08149305555555555
7-1T1 .mp4,286,9.530300991609458,21.779773712158203,129.46275329589844,0.027909008853427238,14.310335159301758,0.11527777777777778
7-1T1 .mp4,287,9.563623722349352,16.984907150268555,104.66498565673828,0.18327709494921562,18.651134490966797,0.05588541666666667
7-1T1 .mp4,288,9.596946453089245,18.66219711303711,112.87755584716797,0.17885641270070865,16.96340560913086,0.08798611111111111
7-1T1 .mp4,289,9.630269183829139,19.25819969177246,113.57504272460938,0.07424470660730333,18.825881958007812,0.10628472222222222
7-1T1 .mp4,290,9.66359191456903,18.523345947265625,106.35131072998047,0.024660914444595235,16.91847038269043,0.11581597222222222
7-1T1 .mp4,291,9.696914645308924,5.046379566192627,31.509601593017578,0.24210113065053798,14.201595306396484,0.0
7-1T1 .mp4,292,9.730237376048818,6.3223490715026855,40.938941955566406,0.191412468413662,20.9228572845459,0.0009548611111111111
7-1T1 .mp4,293,9.763560106788711,8.07191276550293,52.545467376708984,0.1716356595375645,16.98721694946289,0.006458333333333333
7-1T1 .mp4,294,9.796882837528605,10.564723014831543,67.62820434570312,0.19074891778737887,31.182130813598633,0.02048611111111111
7-1T1 .mp4,295,9.830205568268497,12.979121208190918,83.15465545654297,0.14938239035574585,16.97504997253418,0.030208333333333334
7-1T1 .mp4,296,9.86352829900839,7.622410297393799,38.604496002197266,0.030905778315537622,13.907768249511719,0.06652777777777778
7-1T1 .mp4,297,9.896851029748284,5.624236583709717,27.05859375,0.12304849195405862,17.80764389038086,0.04373263888888889
7-1T1 .mp4,298,9.930173760488177,3.5328943729400635,17.929523468017578,0.3919276471681333,22.839689254760742,0.010885416666666667
7-1T1 .mp4,299,9.96349649122807,3.0928592681884766,19.93929672241211,0.10574310692702193,10.8445405960083,0.0
7-1T1 .mp4,300,9.996819221967963,18.69001579284668,107.12907409667969,0.027286729124292777,13.465922355651855,0.11277777777777778
7-1T1 .mp4,301,10.030141952707856,17.358932495117188,97.4085922241211,0.04441902948342045,14.398639678955078,0.11321180555555556
7-1T1 .mp4,302,10.06346468344775,15.529037475585938,85.6740951538086,0.031891124550288516,13.920744895935059,0.10666666666666667
7-1T1 .mp4,303,10.096787414187643,21.868305206298828,129.20449829101562,0.05356300187578898,10.959561347961426,0.11489583333333334
7-1T1 .mp4,304,10.130110144927537,10.45376205444336,67.48500061035156,0.19417455124237334,26.561309814453125,0.020920138888888887
7-1T1 .mp4,305,10.163432875667429,12.88202953338623,82.71378326416016,0.14036272114555742,16.022357940673828,0.02796875
7-1T1 .mp4,306,10.196755606407322,15.453020095825195,97.94486236572266,0.18842422005538026,19.12696647644043,0.04001736111111111
7-1T1 .mp4,307,10.230078337147216,17.46739387512207,108.41526794433594,0.16336649191898198,20.333444595336914,0.06902777777777777
7-1T1 .mp4,308,10.26340106788711,3.2302632331848145,17.472169876098633,0.3588086325003039,13.703551292419434,0.012690972222222222
7-1T1 .mp4,309,10.296723798627003,2.5360159873962402,16.529617309570312,0.1617822952228615,19.491758346557617,0.0
7-1T1 .mp4,310,10.330046529366895,3.8295252323150635,25.469348907470703,0.18458959982343476,20.540735244750977,0.0
7-1T1 .mp4,311,10.363369260106788,5.412137985229492,35.94747543334961,0.19308530880811267,16.788616180419922,0.0
7-1T1 .mp4,312,10.396691990846682,6.559311389923096,43.71682357788086,0.19909052023802185,19.00614356994629,0.0021006944444444445
7-1T1 .mp4,313,10.430014721586575,13.627037048339844,73.8855972290039,0.031195330853528498,29.46131706237793,0.0961111111111111
7-1T1 .mp4,314,10.463337452326469,8.722041130065918,45.00408935546875,0.020855644930812347,11.559283256530762,0.0739236111111111
7-1T1 .mp4,315,10.49666018306636,8.722041130065918,45.00408935546875,0.020855644930812347,11.559283256530762,0.0739236111111111
7-1T1 .mp4,316,10.529982913806254,17.050601959228516,106.09241485595703,0.19160705176692794,19.12847900390625,0.06364583333333333
7-1T1 .mp4,317,10.563305644546148,17.050601959228516,106.09241485595703,0.19160705176692794,19.12847900390625,0.06364583333333333
7-1T1 .mp4,318,10.596628375286041,19.19184684753418,110.70014190673828,0.02513282858298936,14.830934524536133,0.11701388888888889
7-1T1 .mp4,319,10.629951106025935,19.19184684753418,110.70014190673828,0.02513282858298936,14.830934524536133,0.11701388888888889
7-1T1 .mp4,320,10.663273836765827,5.876561641693115,36.74989700317383,0.1904227579557347,25.683963775634766,0.0
7-1T1 .mp4,321,10.69659656750572,5.876561641693115,36.74989700317383,0.1904227579557347,25.683963775634766,0.0
7-1T1 .mp4,322,10.729919298245614,9.469986915588379,60.64608383178711,0.17323012920393616,19.49842643737793,0.013472222222222222
7-1T1 .mp4,323,10.763242028985507,9.469986915588379,60.64608383178711,0.17323012920393616,19.49842643737793,0.013472222222222222
7-1T1 .mp4,324,10.7965647597254,8.473560333251953,42.557701110839844,0.041469170925848606,17.712936401367188,0.07034722222222223
7-1T1 .mp4,325,10.829887490465293,8.473560333251953,42.557701110839844,0.041469170925848606,17.712936401367188,0.07034722222222223
7-1T1 .mp4,326,10.863210221205186,4.616509437561035,21.84650230407715,0.1444852964850069,13.511308670043945,0.02842013888888889
7-1T1 .mp4,327,10.89653295194508,4.616509437561035,21.84650230407715,0.1444852964850069,13.511308670043945,0.02842013888888889
7-1T1 .mp4,328,10.929855682684973,3.2502477169036865,20.549766540527344,0.25441668795392736,22.905221939086914,0.0
7-1T1 .mp4,329,10.963178413424867,3.2502477169036865,20.549766540527344,0.25441668795392736,22.905221939086914,0.0
7-1T1 .mp4,330,10.99650114416476,16.62713050842285,93.41810607910156,0.028010034968661886,24.969257354736328,0.11440972222222222
7-1T1 .mp4,331,11.029823874904652,16.62713050842285,93.41810607910156,0.028010034968661886,24.969257354736328,0.11440972222222222
7-1T1 .mp4,332,11.063146605644546,0.7494704723358154,1.1345312595367432,0.33636379998805943,6.731444835662842,0.0
7-1T1 .mp4,333,11.09646933638444,0.7494704723358154,1.1345312595367432,0.33636379998805943,6.731444835662842,0.0
7-1T1 .mp4,334,11.129792067124333,14.241897583007812,90.08186340332031,0.1419841325977615,17.81900978088379,0.034513888888888886
7-1T1 .mp4,335,11.163114797864226,14.241897583007812,90.08186340332031,0.1419841325977615,17.81900978088379,0.034513888888888886
7-1T1 .mp4,336,11.196437528604118,19.463085174560547,120.67527770996094,0.2291304159964137,16.66867446899414,0.08470486111111111
7-1T1 .mp4,337,11.229760259344012,19.463085174560547,120.67527770996094,0.2291304159964137,16.66867446899414,0.08470486111111111
7-1T1 .mp4,338,11.263082990083905,3.3775436878204346,21.397005081176758,0.23956908154862377,14.914534568786621,0.0
7-1T1 .mp4,339,11.296405720823799,3.3775436878204346,21.397005081176758,0.23956908154862377,14.914534568786621,0.0
7-1T1 .mp4,340,11.329728451563692,6.472652435302734,42.6032829284668,0.18556717422605637,22.382753372192383,0.0017708333333333332
7-1T1 .mp4,341,11.363051182303584,6.472652435302734,42.6032829284668,0.18556717422605637,22.382753372192383,0.0017708333333333332
7-1T1 .mp4,342,11.396373913043478,12.089738845825195,65.50846099853516,0.03221015590649057,9.846442222595215,0.0934548611111111
7-1T1 .mp4,343,11.429696643783371,12.089738845825195,65.50846099853516,0.03221015590649057,9.846442222595215,0.0934548611111111
7-1T1 .mp4,344,11.463019374523265,7.077568054199219,35.33739471435547,0.0635945999829301,14.752264022827148,0.06272569444444444
7-1T1 .mp4,345,11.496342105263158,7.077568054199219,35.33739471435547,0.0635945999829301,14.752264022827148,0.06272569444444444
7-1T1 .mp4,346,11.52966483600305,18.0413761138916,110.11119842529297,0.17355311719886868,14.169750213623047,0.08114583333333333
7-1T1 .mp4,347,11.562987566742944,18.0413761138916,110.11119842529297,0.17355311719886868,14.169750213623047,0.08114583333333333
7-1T1 .mp4,348,11.596310297482837,18.454429626464844,105.56241607666016,0.03360262780966592,9.75553035736084,0.1148263888888889
7-1T1 .mp4,349,11.629633028222731,18.454429626464844,105.56241607666016,0.03360262780966592,9.75553035736084,0.1148263888888889
7-1T1 .mp4,350,11.662955758962624,6.221708297729492,41.01276779174805,0.18338789231005018,15.283369064331055,0.0009722222222222222
7-1T1 .mp4,351,11.696278489702516,6.221708297729492,41.01276779174805,0.18338789231005018,15.283369064331055,0.0009722222222222222
7-1T1 .mp4,352,11.72960122044241,10.924962997436523,69.43102264404297,0.16404605944582942,20.265535354614258,0.021545138888888888
7-1T1 .mp4,353,11.762923951182303,10.924962997436523,69.43102264404297,0.16404605944582942,20.265535354614258,0.021545138888888888
7-1T1 .mp4,354,11.796246681922197,7.409171104431152,37.33612823486328,0.059266919980711714,12.695405006408691,0.06180555555555556
7-1T1 .mp4,355,11.82956941266209,7.409171104431152,37.33612823486328,0.059266919980711714,12.695405006408691,0.06180555555555556
7-1T1 .mp4,356,11.862892143401982,2.991420269012451,15.718098640441895,0.36214359659254425,11.647729873657227,0.0035069444444444445
7-1T1 .mp4,357,11.896214874141876,2.991420269012451,15.718098640441895,0.36214359659254425,11.647729873657227,0.0035069444444444445
7-1T1 .mp4,358,11.92953760488177,18.39263916015625,106.57245635986328,0.02541721013360076,12.630562782287598,0.11619791666666666
7-1T1 .mp4,359,11.962860335621663,18.39263916015625,106.57245635986328,0.02541721013360076,12.630562782287598,0.11619791666666666
7-1T1 .mp4,360,11.996183066361557,15.164958000183105,84.53792572021484,0.03951754057315825,13.24285888671875,0.10751736111111111
7-1T1 .mp4,361,12.029505797101448,15.164958000183105,84.53792572021484,0.03951754057315825,13.24285888671875,0.10751736111111111
7-1T1 .mp4,362,12.062828527841342,12.211345672607422,62.587379455566406,0.03142319960681942,9.850948333740234,0.09057291666666667
7-1T1 .mp4,363,12.096151258581235,12.211345672607422,62.587379455566406,0.03142319960681942,9.850948333740234,0.09057291666666667
7-1T1 .mp4,364,12.129473989321129,15.42493724822998,97.25164031982422,0.17020440152239438,18.761756896972656,0.04010416666666667
7-1T1 .mp4,365,12.162796720061023,15.42493724822998,97.25164031982422,0.17020440152239438,18.761756896972656,0.04010416666666667
7-1T1 .mp4,366,12.196119450800914,2.6039278507232666,9.702274322509766,0.06367931545209977,8.390714645385742,0.013871527777777778
7-1T1 .mp4,367,12.229442181540808,2.6039278507232666,9.702274322509766,0.06367931545209977,8.390714645385742,0.013871527777777778
7-1T1 .mp4,368,12.262764912280701,3.987924575805664,25.941164016723633,0.17734148407828845,13.18813419342041,0.0
7-1T1 .mp4,369,12.296087643020595,3.987924575805664,25.941164016723633,0.17734148407828845,13.18813419342041,0.0
7-1T1 .mp4,370,12.329410373760489,6.681212425231934,44.22122573852539,0.17657959603664042,27.47616195678711,0.0027604166666666667
7-1T1 .mp4,371,12.362733104500382,6.681212425231934,44.22122573852539,0.17657959603664042,27.47616195678711,0.0027604166666666667
7-1T1 .mp4,372,12.396055835240274,10.93326473236084,58.31053924560547,0.02808826165605216,17.011621475219727,0.08815972222222222
7-1T1 .mp4,373,12.429378565980167,10.93326473236084,58.31053924560547,0.02808826165605216,17.011621475219727,0.08815972222222222
7-1T1 .mp4,374,12.462701296720061,6.778576850891113,33.15764617919922,0.1146214742221048,10.001328468322754,0.058854166666666666
7-1T1 .mp4,375,12.496024027459955,6.778576850891113,33.15764617919922,0.1146214742221048,10.001328468322754,0.058854166666666666
7-1T1 .mp4,376,12.529346758199848,19.256023406982422,114.57927703857422,0.09257846381423833,11.21249771118164,0.1051736111111111
7-1T1 .mp4,377,12.56266948893974,19.256023406982422,114.57927703857422,0.09257846381423833,11.21249771118164,0.1051736111111111
7-1T1 .mp4,378,12.595992219679633,17.995777130126953,102.74993896484375,0.02773651367881689,19.7454833984375,0.11201388888888889
7-1T1 .mp4,379,12.629314950419527,17.995777130126953,102.74993896484375,0.02773651367881689,19.7454833984375,0.11201388888888889
7-1T1 .mp4,380,12.66263768115942,0.47452566027641296,0.22523437440395355,0.5702045838784395,7.758187770843506,0.0
7-1T1 .mp4,381,12.695960411899314,0.47452566027641296,0.22523437440395355,0.5702045838784395,7.758187770843506,0.0
7-1T1 .mp4,382,12.729283142639206,0.4857949912548065,0.23523437976837158,0.5991083540666478,7.470178127288818,0.0
7-1T1 .mp4,383,12.7626058733791,0.4857949912548065,0.23523437976837158,0.5991083540666478,7.470178127288818,0.0
7-1T1 .mp4,384,12.795928604118993,0.42068982124328613,0.010842014104127884,0.6207192540168762,8.218939781188965,0.0
7-1T1 .mp4,385,12.829251334858887,0.42068982124328613,0.010842014104127884,0.6207192540168762,8.218939781188965,0.0
7-1T1 .mp4,386,12.86257406559878,0.43869149684906006,0.016258681192994118,0.5712698101997375,7.101617336273193,0.0
7-1T1 .mp4,387,12.895896796338672,0.43869149684906006,0.016258681192994118,0.5712698101997375,7.101617336273193,0.0
7-1T1 .mp4,388,12.929219527078565,0.6603862047195435,-0.018559027463197708,0.30830854177474976,9.731325149536133,0.0
7-1T1 .mp4,389,12.962542257818459,0.6603862047195435,-0.018559027463197708,0.30830854177474976,9.731325149536133,0.0
7-1T1 .mp4,390,12.995864988558353,0.6283270120620728,-0.01996527798473835,0.25242066383361816,7.472478866577148,0.0
7-1T1 .mp4,391,13.029187719298246,0.6283270120620728,-0.01996527798473835,0.25242066383361816,7.472478866577148,0.0
7-1T1 .mp4,392,13.062510450038138,0.4547107219696045,-0.016484374180436134,0.14515379071235657,8.209171295166016,0.0
7-1T1 .mp4,393,13.095833180778031,0.4547107219696045,-0.016484374180436134,0.14515379071235657,8.209171295166016,0.0
7-1T1 .mp4,394,13.129155911517925,0.24727120995521545,-0.007352430373430252,0.10435020178556442,8.08588695526123,0.0
7-1T1 .mp4,395,13.162478642257819,0.24727120995521545,-0.007352430373430252,0.10435020178556442,8.08588695526123,0.0
7-1T1 .mp4,396,13.195801372997712,0.179176926612854,-0.004626736044883728,0.0910416692495346,9.300079345703125,0.0
7-1T1 .mp4,397,13.229124103737604,0.179176926612854,-0.004626736044883728,0.0910416692495346,9.300079345703125,0.0
7-1T1 .mp4,398,13.262446834477498,0.14836503565311432,-0.0028559027705341578,0.07127976417541504,8.275409698486328,0.0
7-1T1 .mp4,399,13.295769565217391,0.14836503565311432,-0.0028559027705341578,0.07127976417541504,8.275409698486328,0.0
7-1T1 .mp4,400,13.329092295957285,0.10658176988363266,-0.0027951388619840145,0.042802583426237106,6.879298686981201,0.0
7-1T1 .mp4,401,13.362415026697178,0.10658176988363266,-0.0027951388619840145,0.042802583426237106,6.879298686981201,0.0
7-1T1 .mp4,402,13.39573775743707,0.1314600557088852,-0.0049392362125217915,0.03931547701358795,5.301902770996094,0.0
7-1T1 .mp4,403,13.429060488176964,0.1314600557088852,-0.0049392362125217915,0.03931547701358795,5.301902770996094,0.0
7-1T1 .mp4,404,13.462383218916857,0.13093534111976624,-0.0041059027425944805,0.04077381640672684,5.156737327575684,0.0
7-1T1 .mp4,405,13.49570594965675,0.13093534111976624,-0.0041059027425944805,0.04077381640672684,5.156737327575684,0.0
7-1T1 .mp4,406,13.529028680396644,0.1342107504606247,-0.0024392360355705023,0.03852182626724243,5.106966495513916,0.0
7-1T1 .mp4,407,13.562351411136536,0.1342107504606247,-0.0024392360355705023,0.03852182626724243,5.106966495513916,0.0
7-1T1 .mp4,408,13.59567414187643,0.11629953235387802,-0.0011718750465661287,0.03336309641599655,4.70947790145874,0.0
7-1T1 .mp4,409,13.628996872616323,0.11629953235387802,-0.0011718750465661287,0.03336309641599655,4.70947790145874,0.0
7-1T1 .mp4,410,13.662319603356217,0.10955283790826797,-0.0025086805690079927,0.03652777895331383,6.588846683502197,0.0
7-1T1 .mp4,411,13.69564233409611,0.10955283790826797,-0.0025086805690079927,0.03652777895331383,6.588846683502197,0.0
7-1T1 .mp4,412,13.728965064836004,0.11319543421268463,4.340277882874943e-05,0.025828376412391663,4.651529788970947,0.0
7-1T1 .mp4,413,13.762287795575896,0.11319543421268463,4.340277882874943e-05,0.025828376412391663,4.651529788970947,0.0
7-1T1 .mp4,414,13.795610526315789,0.09580868482589722,0.0010763888712972403,0.01984127052128315,4.488051891326904,0.0
7-1T1 .mp4,415,13.828933257055683,0.09580868482589722,0.0010763888712972403,0.01984127052128315,4.488051891326904,0.0
7-1T1 .mp4,416,13.862255987795576,0.09098534286022186,0.0009374999790452421,0.017301589250564575,5.383498191833496,0.0
7-1T1 .mp4,417,13.89557871853547,0.09098534286022186,0.0009374999790452421,0.017301589250564575,5.383498191833496,0.0
7-1T1 .mp4,418,13.928901449275362,0.08123555779457092,0.0009722222457639873,0.011567462235689163,7.1023430824279785,0.0
7-1T1 .mp4,419,13.962224180015255,0.08123555779457092,0.0009722222457639873,0.011567462235689163,7.1023430824279785,0.0
7-1T1 .mp4,420,13.995546910755149,0.09066041558980942,0.0006249999860301614,0.013988098129630089,7.561457633972168,0.0
7-1T1 .mp4,421,14.028869641495042,0.09066041558980942,0.0006249999860301614,0.013988098129630089,7.561457633972168,0.0
7-1T1 .mp4,422,14.062192372234936,0.1368750035762787,0.0,0.0,0.0,0.0
7-1T1 .mp4,423,14.095515102974828,0.1368750035762787,0.0,0.0,0.0,0.0
7-1T1 .mp4,424,14.128837833714721,0.12197916954755783,0.0,0.0,0.0,0.0
7-1T1 .mp4,425,14.162160564454615,0.12197916954755783,0.0,0.0,0.0,0.0
7-1T1 .mp4,426,14.195483295194508,0.07059027999639511,0.0,0.0,0.0,0.0
7-1T1 .mp4,427,14.228806025934402,0.07059027999639511,0.0,0.0,0.0,0.0
7-1T1 .mp4,428,14.262128756674294,0.10111111402511597,0.0,0.0,0.0,0.0
7-1T1 .mp4,429,14.295451487414187,0.10111111402511597,0.0,0.0,0.0,0.0
7-1T1 .mp4,430,14.32877421815408,0.05970486253499985,0.0,0.0,0.0,0.0
7-1T1 .mp4,431,14.362096948893974,0.05970486253499985,0.0,0.0,0.0,0.0
7-1T1 .mp4,432,14.395419679633868,0.06213541701436043,0.0,0.0,0.0,0.0
7-1T1 .mp4,433,14.42874241037376,0.06213541701436043,0.0,0.0,0.0,0.0
7-1T1 .mp4,434,14.462065141113653,0.05973958224058151,0.0,0.0,0.0,0.0
7-1T1 .mp4,435,14.495387871853547,0.05973958224058151,0.0,0.0,0.0,0.0
7-1T1 .mp4,436,14.52871060259344,0.07039930671453476,0.0,0.0,0.0,0.0
7-1T1 .mp4,437,14.562033333333334,0.028420139104127884,0.0,0.0,0.0,0.0
7-1T2.mp4,0,0.0,0.0,0.0,0.0,0.0,0.0
7-1T2.mp4,1,0.03339358607534573,0.0,0.0,0.0,0.0,0.0
7-1T2.mp4,2,0.06678717215069147,0.0,0.0,0.0,0.0,0.0
7-1T2.mp4,3,0.1001807582260372,0.0,0.0,0.0,0.0,0.0
7-1T2.mp4,4,0.13357434430138293,0.0,0.0,0.0,0.0,0.0
7-1T2.mp4,5,0.16696793037672866,0.013090278021991253,0.0,0.0,0.0,0.0
7-1T2.mp4,6,0.2003615164520744,0.017256945371627808,0.0,0.0,0.0,0.0
7-1T2.mp4,7,0.23375510252742013,0.012638889253139496,0.0,0.0,0.0,0.0
7-1T2.mp4,8,0.26714868860276586,0.008402777835726738,0.0,0.0,0.0,0.0
7-1T2.mp4,9,0.30054227467811157,0.01076388917863369,0.0,0.0,0.0,0.0
7-1T2.mp4,10,0.3339358607534573,0.01076388917863369,0.0,0.0,0.0,0.0
7-1T2.mp4,11,0.36732944682880303,0.008541666902601719,0.0,0.0,0.0,0.0
7-1T2.mp4,12,0.4007230329041488,0.007708333432674408,0.0,0.0,0.0,0.0
7-1T2.mp4,13,0.4341166189794945,0.01215277798473835,0.0,0.0,0.0,0.0
7-1T2.mp4,14,0.46751020505484026,0.011944444850087166,0.0,0.0,0.0,0.0
7-1T2.mp4,15,0.500903791130186,0.007916666567325592,0.0,0.0,0.0,0.0
7-1T2.mp4,16,0.5342973772055317,0.011666666716337204,0.0,0.0,0.0,0.0
7-1T2.mp4,17,0.5676909632808774,0.009861110709607601,0.0,0.0,0.0,0.0
7-1T2.mp4,18,0.6010845493562231,0.004861111287027597,0.0,0.0,0.0,0.0
7-1T2.mp4,19,0.634478135431569,0.004895833320915699,0.0,0.0,0.0,0.0
7-1T2.mp4,20,0.6678717215069147,0.00711805559694767,0.0,0.0,0.0,0.0
7-1T2.mp4,21,0.7012653075822604,0.020034722983837128,0.0,0.0,0.0,0.0
7-1T2.mp4,22,0.7346588936576061,0.021979166194796562,0.0,0.0,0.0,0.0
7-1T2.mp4,23,0.7680524797329518,0.0075347223319113255,0.0,0.0,0.0,0.0
7-1T2.mp4,24,0.8014460658082976,0.010555555112659931,0.0,0.0,0.0,0.0
7-1T2.mp4,25,0.8348396518836433,0.012430555187165737,0.0,0.0,0.0,0.0
7-1T2.mp4,26,0.868233237958989,0.016736110672354698,0.0,0.0,0.0,0.0
7-1T2.mp4,27,0.9016268240343347,0.03003472276031971,0.0,0.0,0.0,0.0
7-1T2.mp4,28,0.9350204101096805,0.029930556192994118,0.0,0.0,0.0,0.0
7-1T2.mp4,29,0.9684139961850262,0.026319444179534912,0.0,0.0,0.0,0.0
7-1T2.mp4,30,1.001807582260372,0.02812499925494194,0.0,0.0,0.0,0.0
7-1T2.mp4,31,1.0352011683357176,0.024791667237877846,0.0,0.0,0.0,0.0
7-1T2.mp4,32,1.0685947544110634,0.027847222983837128,0.0,0.0,0.0,0.0
7-1T2.mp4,33,1.101988340486409,0.025902777910232544,0.0,0.0,0.0,0.0
7-1T2.mp4,34,1.1353819265617549,0.024097222834825516,0.0,0.0,0.0,0.0
7-1T2.mp4,35,1.1687755126371007,0.024895833805203438,0.0,0.0,0.0,0.0
7-1T2.mp4,36,1.2021690987124463,0.021736111491918564,0.0,0.0,0.0,0.0
7-1T2.mp4,37,1.235562684787792,0.012951388955116272,0.0,0.0,0.0,0.0
7-1T2.mp4,38,1.268956270863138,0.011736110784113407,0.0,0.0,0.0,0.0
7-1T2.mp4,39,1.3023498569384835,0.011944444850087166,0.0,0.0,0.0,0.0
7-1T2.mp4,40,1.3357434430138293,0.018333332613110542,0.0,0.0,0.0,0.0
7-1T2.mp4,41,1.369137029089175,0.011944444850087166,0.0,0.0,0.0,0.0
7-1T2.mp4,42,1.4025306151645207,0.0173611119389534,0.0,0.0,0.0,0.0
7-1T2.mp4,43,1.4359242012398665,0.015833333134651184,0.0,0.0,0.0,0.0
7-1T2.mp4,44,1.4693177873152121,0.014999999664723873,0.0,0.0,0.0,0.0
7-1T2.mp4,45,1.502711373390558,0.01267361082136631,0.0,0.0,0.0,0.0
7-1T2.mp4,46,1.5361049594659035,0.012118055485188961,0.0,0.0,0.0,0.0
7-1T2.mp4,47,1.5694985455412493,0.011701389215886593,0.0,0.0,0.0,0.0
7-1T2.mp4,48,1.6028921316165952,0.01059027761220932,0.0,0.0,0.0,0.0
7-1T2.mp4,49,1.6362857176919408,0.008368055336177349,0.0,0.0,0.0,0.0
7-1T2.mp4,50,1.6696793037672866,0.013923611491918564,0.0,0.0,0.0,0.0
7-1T2.mp4,51,1.7030728898426324,0.024756943807005882,0.0,0.0,0.0,0.0
7-1T2.mp4,52,1.736466475917978,0.024756943807005882,0.0,0.0,0.0,0.0
7-1T2.mp4,53,1.7698600619933238,0.019201388582587242,0.0,0.0,0.0,0.0
7-1T2.mp4,54,1.8032536480686694,0.018611110746860504,0.0,0.0,0.0,0.0
7-1T2.mp4,55,1.8366472341440152,0.014184027910232544,0.0,0.0,0.0,0.0
7-1T2.mp4,56,1.870040820219361,0.019895832985639572,0.0,0.0,0.0,0.0
7-1T2.mp4,57,1.9034344062947066,0.023836806416511536,0.0,0.0,0.0,0.0
7-1T2.mp4,58,1.9368279923700524,0.015416666865348816,0.0,0.0,0.0,0.0
7-1T2.mp4,59,1.9702215784453982,0.013055555522441864,0.0,0.0,0.0,0.0
7-1T2.mp4,60,2.003615164520744,0.025034721940755844,0.0,0.0,0.0,0.0
7-1T2.mp4,61,2.0370087505960894,0.025729166343808174,0.0,0.0,0.0,0.0
7-1T2.mp4,62,2.0704023366714353,0.030173610895872116,0.0,0.0,0.0,0.0
7-1T2.mp4,63,2.103795922746781,0.0052083334885537624,0.0,0.0,0.0,0.0
7-1T2.mp4,64,2.137189508822127,0.004097222350537777,0.0,0.0,0.0,0.0
7-1T2.mp4,65,2.1705830948974727,0.008402777835726738,0.0,0.0,0.0,0.0
7-1T2.mp4,66,2.203976680972818,0.022430555894970894,0.0,0.0,0.0,0.0
7-1T2.mp4,67,2.237370267048164,0.022708334028720856,0.0,0.0,0.0,0.0
7-1T2.mp4,68,2.2707638531235097,0.018819443881511688,0.0,0.0,0.0,0.0
7-1T2.mp4,69,2.3041574391988555,0.017152776941657066,0.0,0.0,0.0,0.0
7-1T2.mp4,70,2.3375510252742013,0.011874999850988388,0.0,0.0,0.0,0.0
7-1T2.mp4,71,2.3709446113495467,0.012256944552063942,0.0,0.0,0.0,0.0
7-1T2.mp4,72,2.4043381974248925,0.017986111342906952,0.0,0.0,0.0,0.0
7-1T2.mp4,73,2.4377317835002383,0.016180556267499924,0.0,0.0,0.0,0.0
7-1T2.mp4,74,2.471125369575584,0.007916666567325592,0.0,0.0,0.0,0.0
7-1T2.mp4,75,2.50451895565093,0.01597222313284874,0.0,0.0,0.0,0.0
7-1T2.mp4,76,2.537912541726276,0.016527777537703514,0.0,0.0,0.0,0.0
7-1T2.mp4,77,2.571306127801621,0.019583333283662796,0.0,0.0,0.0,0.0
7-1T2.mp4,78,2.604699713876967,0.012638889253139496,0.0,0.0,0.0,0.0
7-1T2.mp4,79,2.638093299952313,0.018472222611308098,0.0,0.0,0.0,0.0
7-1T2.mp4,80,2.6714868860276586,0.014722222462296486,0.0,0.0,0.0,0.0
7-1T2.mp4,81,2.7048804721030044,0.01892361044883728,0.0,0.0,0.0,0.0
7-1T2.mp4,82,2.73827405817835,0.020590277388691902,0.0,0.0,0.0,0.0
7-1T2.mp4,83,2.7716676442536956,0.015729166567325592,0.0,0.0,0.0,0.0
7-1T2.mp4,84,2.8050612303290414,0.018090277910232544,0.0,0.0,0.0,0.0
7-1T2.mp4,85,2.8384548164043872,0.011180555447936058,0.0,0.0,0.0,0.0
7-1T2.mp4,86,2.871848402479733,0.020173611119389534,0.0,0.0,0.0,0.0
7-1T2.mp4,87,2.9052419885550784,0.013090278021991253,0.0,0.0,0.0,0.0
7-1T2.mp4,88,2.9386355746304242,0.015173611231148243,0.0,0.0,0.0,0.0
7-1T2.mp4,89,2.97202916070577,0.018645834177732468,0.0,0.0,0.0,0.0
7-1T2.mp4,90,3.005422746781116,0.019756944850087166,0.0,0.0,0.0,0.0
7-1T2.mp4,91,3.0388163328564617,0.009062499739229679,0.0,0.0,0.0,0.0
7-1T2.mp4,92,3.072209918931807,0.009756944142282009,0.0,0.0,0.0,0.0
7-1T2.mp4,93,3.105603505007153,0.009756944142282009,0.0,0.0,0.0,0.0
7-1T2.mp4,94,3.1389970910824987,0.009027778171002865,0.0,0.0,0.0,0.0
7-1T2.mp4,95,3.1723906771578445,0.009722222574055195,0.0,0.0,0.0,0.0
7-1T2.mp4,96,3.2057842632331903,0.01944444514811039,0.0,0.0,0.0,0.0
7-1T2.mp4,97,3.239177849308536,0.013611110858619213,0.0,0.0,0.0,0.0
7-1T2.mp4,98,3.2725714353838815,0.013611110858619213,0.0,0.0,0.0,0.0
7-1T2.mp4,99,3.3059650214592273,0.02013888955116272,0.0,0.0,0.0,0.0
7-1T2.mp4,100,3.339358607534573,0.01875000074505806,0.0,0.0,0.0,0.0
7-1T2.mp4,101,3.372752193609919,0.013194444589316845,0.0,0.0,0.0,0.0
7-1T2.mp4,102,3.4061457796852648,0.016527777537703514,0.0,0.0,0.0,0.0
7-1T2.mp4,103,3.43953936576061,0.009722222574055195,0.0,0.0,0.0,0.0
7-1T2.mp4,104,3.472932951835956,0.008750000037252903,0.0,0.0,0.0,0.0
7-1T2.mp4,105,3.5063265379113018,12.986065864562988,76.86959838867188,0.08942570746638692,13.505265235900879,0.13128472222222223
7-1T2.mp4,106,3.5397201239866476,21.596532821655273,91.77584075927734,0.060605079364300075,10.248252868652344,0.19807291666666665
7-1T2.mp4,107,3.5731137100619934,28.65026092529297,102.14025115966797,0.03502377343926435,15.57154369354248,0.25133680555555554
7-1T2.mp4,108,3.606507296137339,39.392608642578125,116.31754302978516,0.04426550753643087,15.20202922821045,0.3331423611111111
7-1T2.mp4,109,3.6399008822126846,19.017810821533203,50.325035095214844,0.06317327961288045,8.246269226074219,0.1150173611111111
7-1T2.mp4,110,3.6732944682880304,11.609966278076172,36.10081481933594,0.030484074299537346,9.582043647766113,0.07692708333333333
7-1T2.mp4,111,3.7066880543633762,7.975012302398682,33.57236862182617,0.28077431643840345,16.31642723083496,0.054670138888888886
7-1T2.mp4,112,3.740081640438722,61.76917266845703,153.24749755859375,0.03303284162884085,13.028213500976562,0.4720486111111111
7-1T2.mp4,113,3.773475226514068,58.447086334228516,131.6007537841797,0.10739922890016809,16.72150993347168,0.40758680555555554
7-1T2.mp4,114,3.8068688125894132,54.95934295654297,112.66122436523438,0.047765341327849174,20.905263900756836,0.3693402777777778
7-1T2.mp4,115,3.840262398664759,51.85938262939453,100.8275375366211,0.03918560335175156,13.947998046875,0.33460069444444446
7-1T2.mp4,116,3.873655984740105,44.24640655517578,85.77105712890625,0.04038112929651693,14.781181335449219,0.27194444444444443
7-1T2.mp4,117,3.9070495708154507,32.04984664916992,109.0425796508789,0.03222796297063461,10.48936939239502,0.2893923611111111
7-1T2.mp4,118,3.9404431568907965,42.17356491088867,117.27339935302734,0.054207596736155904,17.82082748413086,0.31289930555555556
7-1T2.mp4,119,3.973836742966142,47.73554611206055,125.76915740966797,0.0819442215779917,11.241646766662598,0.346875
7-1T2.mp4,120,4.007230329041488,54.31877517700195,138.87570190429688,0.04416739418419378,13.096343994140625,0.37493055555555554
7-1T2.mp4,121,4.040623915116833,60.271141052246094,157.62156677246094,0.06126767101758789,13.911333084106445,0.44482638888888887
7-1T2.mp4,122,4.074017501192179,6.055485248565674,38.137916564941406,0.32684993597644774,29.48575210571289,0.02717013888888889
7-1T2.mp4,123,4.107411087267525,7.79761266708374,48.77164840698242,0.0845574529219746,17.306921005249023,0.050763888888888886
7-1T2.mp4,124,4.1408046733428705,11.053664207458496,70.32019805908203,0.1302322364033195,23.819690704345703,0.12338541666666666
7-1T2.mp4,125,4.174198259418216,18.57095718383789,89.3969955444336,0.04154231573635833,17.767536163330078,0.2022048611111111
7-1T2.mp4,126,4.207591845493562,42.65117263793945,83.13300323486328,0.055293259668067564,9.486166954040527,0.25640625
7-1T2.mp4,127,4.240985431568908,33.576377868652344,70.81380462646484,0.044158054703160046,9.794525146484375,0.19869791666666667
7-1T2.mp4,128,4.274379017644254,23.91253089904785,58.33930587768555,0.03755118084503769,14.429085731506348,0.14336805555555557
7-1T2.mp4,129,4.3077726037196,64.41394805908203,179.77392578125,0.06255503696309621,25.882617950439453,0.5216493055555556
7-1T2.mp4,130,4.341166189794945,54.127540588378906,148.02996826171875,0.03872200293282258,9.609472274780273,0.4379340277777778
7-1T2.mp4,131,4.374559775870291,58.03031539916992,148.22982788085938,0.2401219891499453,26.664024353027344,0.444375
7-1T2.mp4,132,4.407953361945636,60.10878372192383,139.41818237304688,0.21873635679482567,14.530905723571777,0.41956597222222225
7-1T2.mp4,133,4.441346948020982,57.45806121826172,128.0565948486328,0.07046445528992122,14.279793739318848,0.4185069444444444
7-1T2.mp4,134,4.474740534096328,11.309746742248535,67.13945007324219,0.11587897117944204,13.631782531738281,0.10114583333333334
7-1T2.mp4,135,4.508134120171674,15.703414916992188,85.962890625,0.054363383598913635,9.827540397644043,0.17446180555555554
7-1T2.mp4,136,4.541527706247019,25.819698333740234,100.87224578857422,0.04008381299612672,10.266175270080566,0.24840277777777778
7-1T2.mp4,137,4.574921292322365,36.046138763427734,114.9520492553711,0.034763960815500115,16.102275848388672,0.323125
7-1T2.mp4,138,4.608314878397711,43.158267974853516,125.21723937988281,0.06453029784722915,8.291516304016113,0.3648263888888889
7-1T2.mp4,139,4.641708464473057,16.046642303466797,47.77430725097656,0.05038990319504403,11.791397094726562,0.11003472222222223
7-1T2.mp4,140,4.675102050548403,9.767650604248047,37.47654342651367,0.24655568693565408,18.384292602539062,0.06965277777777777
7-1T2.mp4,141,4.7084956366237485,6.664845943450928,38.999210357666016,0.3178427469767847,19.027069091796875,0.038072916666666665
7-1T2.mp4,142,4.741889222699093,6.121968746185303,38.61183166503906,0.04118050096090639,17.876073837280273,0.04046875
7-1T2.mp4,143,4.775282808774439,56.503929138183594,125.69662475585938,0.07140115817769274,11.627039909362793,0.40663194444444445
7-1T2.mp4,144,4.808676394849785,52.6356201171875,106.82913970947266,0.034902914247933445,14.326571464538574,0.3598090277777778
7-1T2.mp4,145,4.842069980925131,46.37213134765625,89.07093811035156,0.036608059117842866,14.947190284729004,0.29203125
7-1T2.mp4,146,4.875463567000477,64.91954803466797,179.26431274414062,0.06532806128244682,24.607242584228516,0.5233159722222223
7-1T2.mp4,147,4.9088571530758225,37.61186599731445,113.95879364013672,0.03437620202433847,9.816452980041504,0.31696180555555553
7-1T2.mp4,148,4.942250739151168,47.08198928833008,126.41908264160156,0.06397632142471465,12.073295593261719,0.36529513888888887
7-1T2.mp4,149,4.975644325226514,53.62972640991211,142.88766479492188,0.04680460679607243,10.291385650634766,0.42692708333333335
7-1T2.mp4,150,5.00903791130186,57.2143669128418,149.9135284423828,0.15853451949865197,7.9868483543396,0.45805555555555555
7-1T2.mp4,151,5.042431497377206,6.521979808807373,37.849220275878906,0.2843710148377174,26.381027221679688,0.03888888888888889
7-1T2.mp4,152,5.075825083452552,6.905045986175537,43.727256774902344,0.19524579879138082,14.957443237304688,0.038177083333333334
7-1T2.mp4,153,5.1092186695278965,10.046706199645996,64.11229705810547,0.11637928620786589,15.295842170715332,0.09697916666666667
7-1T2.mp4,154,5.142612255603242,12.886215209960938,78.16059112548828,0.11405627759241828,13.660629272460938,0.14895833333333333
7-1T2.mp4,155,5.176005841678588,20.768156051635742,96.35938262939453,0.04605655089817628,12.562053680419922,0.2365972222222222
7-1T2.mp4,156,5.209399427753934,36.67597579956055,77.1048812866211,0.038636384787276386,11.181754112243652,0.2293923611111111
7-1T2.mp4,157,5.24279301382928,27.248191833496094,63.87074661254883,0.034739433498164184,9.140856742858887,0.16967013888888888
7-1T2.mp4,158,5.276186599904626,19.852108001708984,54.14794158935547,0.04144418644982272,8.157036781311035,0.13008680555555555
7-1T2.mp4,159,5.309580185979971,0.48278459906578064,1.1542534828186035,0.5364815567579755,5.413341999053955,0.0
7-1T2.mp4,160,5.342973772055317,57.85481262207031,142.93820190429688,0.24824137251660344,24.981788635253906,0.40041666666666664
7-1T2.mp4,161,5.376367358130663,59.56879425048828,144.55760192871094,0.2632179388289184,33.686683654785156,0.4475
7-1T2.mp4,162,5.409760944206009,58.12712860107422,135.59266662597656,0.13049122102011407,15.464226722717285,0.43052083333333335
7-1T2.mp4,163,5.443154530281354,64.54410552978516,179.88134765625,0.06819955376701037,19.861278533935547,0.5227430555555556
7-1T2.mp4,164,5.4765481163567,15.49946117401123,86.54871368408203,0.06529575302366603,11.60218334197998,0.1818576388888889
7-1T2.mp4,165,5.509941702432045,23.84170150756836,95.30343627929688,0.04736744468616666,9.814107894897461,0.21833333333333332
7-1T2.mp4,166,5.543335288507391,32.29206466674805,108.18421173095703,0.03573899592551888,10.413599967956543,0.2845138888888889
7-1T2.mp4,167,5.576728874582737,42.06277084350586,121.13107299804688,0.057823420228895125,16.15966796875,0.35354166666666664
7-1T2.mp4,168,5.610122460658083,16.85802459716797,49.926448822021484,0.0458288428527875,11.685958862304688,0.11576388888888889
7-1T2.mp4,169,5.643516046733429,11.784485816955566,38.244869232177734,0.055058293543685875,10.418988227844238,0.08274305555555556
7-1T2.mp4,170,5.6769096328087745,7.655345916748047,36.52079772949219,0.2611031922905074,21.020771026611328,0.052760416666666664
7-1T2.mp4,171,5.71030321888412,6.58713960647583,40.93400192260742,0.2603366625461017,25.641992568969727,0.031875
7-1T2.mp4,172,5.743696804959466,8.601665496826172,54.662960052490234,0.17115414538674786,19.973403930664062,0.06600694444444444
7-1T2.mp4,173,5.777090391034812,54.7801513671875,115.10775756835938,0.04414521062525639,21.592514038085938,0.38276041666666666
7-1T2.mp4,174,5.810483977110157,49.84550857543945,96.90644073486328,0.03442719941014829,12.047182083129883,0.32038194444444446
7-1T2.mp4,175,5.843877563185503,40.77302551269531,82.4184341430664,0.03354568135348368,8.160564422607422,0.2551909722222222
7-1T2.mp4,176,5.8772711492608485,0.2643955945968628,0.9674479365348816,0.3003274202346802,9.921137809753418,0.0
7-1T2.mp4,177,5.910664735336194,41.28618621826172,123.69243621826172,0.04433015610862246,11.043832778930664,0.3686111111111111
7-1T2.mp4,178,5.94405832141154,49.114532470703125,136.8279266357422,0.05472725096851649,12.528898239135742,0.41293402777777777
7-1T2.mp4,179,5.977451907486886,56.37494659423828,146.5753936767578,0.11443445627980303,8.049797058105469,0.42171875
7-1T2.mp4,180,6.010845493562232,62.62376403808594,161.39051818847656,0.06892460844107004,17.584091186523438,0.45390625
7-1T2.mp4,181,6.044239079637578,6.436826229095459,39.80012130737305,0.27787148918642507,21.629972457885742,0.02767361111111111
7-1T2.mp4,182,6.077632665712923,8.834239959716797,56.569175720214844,0.15479376625753238,20.89280128479004,0.07522569444444445
7-1T2.mp4,183,6.111026251788269,12.944036483764648,76.6726303100586,0.09497320500087451,13.841395378112793,0.13949652777777777
7-1T2.mp4,184,6.144419837863614,20.36935806274414,92.31563568115234,0.057296226798426345,12.862679481506348,0.2049826388888889
7-1T2.mp4,185,6.17781342393896,42.40819549560547,83.68578338623047,0.03513937212627309,15.203714370727539,0.26369791666666664
7-1T2.mp4,186,6.211207010014306,31.70587158203125,71.44107055664062,0.03198831749558944,8.503438949584961,0.19899305555555555
7-1T2.mp4,187,6.244600596089652,21.826406478881836,56.85200500488281,0.03419420072805669,12.72204875946045,0.14159722222222224
7-1T2.mp4,188,6.277994182164997,13.266043663024902,42.33893966674805,0.031984130802466,17.348560333251953,0.09477430555555555
7-1T2.mp4,189,6.311387768240343,10.177889823913574,37.034236907958984,0.1998290670070951,13.304738998413086,0.07371527777777778
7-1T2.mp4,190,6.344781354315689,58.16093826293945,143.29440307617188,0.22044425645684734,17.34976577758789,0.4268402777777778
7-1T2.mp4,191,6.378174940391035,58.73151779174805,140.22886657714844,0.09769405732312139,11.155664443969727,0.44614583333333335
7-1T2.mp4,192,6.411568526466381,55.706153869628906,123.04397583007812,0.042366441853203984,11.89313793182373,0.40359375
7-1T2.mp4,193,6.4449621125417265,0.5997012853622437,0.7432551980018616,0.3555311414055554,6.130597114562988,0.0
7-1T2.mp4,194,6.478355698617072,17.928850173950195,89.96875,0.03879779289185974,12.2562837600708,0.19885416666666667
7-1T2.mp4,195,6.511749284692417,28.164514541625977,103.97300720214844,0.03708506916047194,12.630895614624023,0.26631944444444444
7-1T2.mp4,196,6.545142870767763,38.5522346496582,113.62926483154297,0.043433723128341366,17.940311431884766,0.31328125
7-1T2.mp4,197,6.578536456843109,45.47069549560547,123.7107925415039,0.07290293416977109,12.525216102600098,0.34987847222222224
7-1T2.mp4,198,6.611930042918455,14.077868461608887,42.753456115722656,0.02983763621503965,8.459182739257812,0.09517361111111111
7-1T2.mp4,199,6.6453236289938005,8.766106605529785,37.05043411254883,0.22444937674880258,20.241411209106445,0.06159722222222222
7-1T2.mp4,200,6.678717215069146,6.453733921051025,38.32002639770508,0.29075579076924707,20.369159698486328,0.035555555555555556
7-1T2.mp4,201,6.712110801144492,6.63098669052124,41.697776794433594,0.24531246793657668,13.954710006713867,0.03526041666666667
7-1T2.mp4,202,6.745504387219838,55.821319580078125,121.63310241699219,0.0511151802644939,13.606816291809082,0.39666666666666667
7-1T2.mp4,203,6.778897973295184,51.646209716796875,102.49235534667969,0.036227949434262094,10.597433090209961,0.33989583333333334
7-1T2.mp4,204,6.8122915593705295,47.095157623291016,89.22733306884766,0.033278542809994524,11.427522659301758,0.2954340277777778
7-1T2.mp4,205,6.845685145445875,38.42271423339844,77.81594848632812,0.039732077834089996,15.670695304870605,0.23571180555555554
7-1T2.mp4,206,6.87907873152122,27.987951278686523,64.47803497314453,0.03676382892946532,16.19900131225586,0.17104166666666668
7-1T2.mp4,207,6.912472317596566,47.321929931640625,132.7420654296875,0.07120950738937766,10.87630558013916,0.4002951388888889
7-1T2.mp4,208,6.945865903671912,52.83501052856445,145.12210083007812,0.033341130153426185,17.889291763305664,0.4446701388888889
7-1T2.mp4,209,6.979259489747258,57.87404251098633,147.65277099609375,0.2306088879499871,17.185333251953125,0.4549652777777778
7-1T2.mp4,210,7.0126530758226036,2.471595525741577,12.831927299499512,0.034296888645909455,15.579490661621094,0.021788194444444443
7-1T2.mp4,211,7.046046661897949,7.7307448387146,46.99565887451172,0.13613597347276044,17.67913055419922,0.03685763888888889
7-1T2.mp4,212,7.079440247973295,9.91454792022705,62.50336837768555,0.13541288240748856,19.255754470825195,0.08803819444444444
7-1T2.mp4,213,7.112833834048641,14.452851295471191,83.46461486816406,0.0767146678603179,15.169230461120605,0.16819444444444445
7-1T2.mp4,214,7.146227420123987,24.20195960998535,95.78421020507812,0.03746870863822684,12.46218490600586,0.21953125
7-1T2.mp4,215,7.179621006199333,34.53325271606445,71.36744689941406,0.04594995960043885,14.090991020202637,0.20809027777777778
7-1T2.mp4,216,7.213014592274678,27.579320907592773,62.151424407958984,0.03510464447583765,9.684778213500977,0.16369791666666667
7-1T2.mp4,217,7.246408178350023,17.238849639892578,49.70911407470703,0.04590961392576471,10.689555168151855,0.116875
7-1T2.mp4,218,7.279801764425369,10.694114685058594,35.4730224609375,0.15902749267167823,7.717343330383301,0.07394097222222222
7-1T2.mp4,219,7.313195350500715,64.20740509033203,162.0692138671875,0.03964945679044548,17.362224578857422,0.5051909722222222
7-1T2.mp4,220,7.346588936576061,59.691429138183594,145.64793395996094,0.2507518313392825,25.377803802490234,0.46956597222222224
7-1T2.mp4,221,7.379982522651407,57.91912841796875,131.08819580078125,0.10816591793977415,14.703510284423828,0.42725694444444445
7-1T2.mp4,222,7.4133761087267525,54.52998733520508,109.58392333984375,0.05310424780413667,12.605789184570312,0.36506944444444445
7-1T2.mp4,223,7.446769694802098,48.62382125854492,90.70925903320312,0.0429957017131338,8.96600341796875,0.3000173611111111
7-1T2.mp4,224,7.480163280877444,22.412109375,94.34979248046875,0.053564767435314076,12.522092819213867,0.21220486111111111
7-1T2.mp4,225,7.51355686695279,32.84326934814453,108.6295394897461,0.033029147171098346,11.343117713928223,0.2950520833333333
7-1T2.mp4,226,7.546950453028136,42.64751434326172,122.13270568847656,0.04751999028270838,9.32442855834961,0.3562152777777778
7-1T2.mp4,227,7.580344039103481,16.966829299926758,49.526329040527344,0.045790371863336704,10.220467567443848,0.11680555555555555
7-1T2.mp4,228,7.6137376251788265,12.163387298583984,38.59328079223633,0.03369569416861435,10.535107612609863,0.08534722222222223
7-1T2.mp4,229,7.647131211254172,7.430988311767578,36.93986892700195,0.2820524798079948,13.882611274719238,0.05081597222222222
7-1T2.mp4,230,7.680524797329518,6.489285945892334,39.440582275390625,0.3075723449879012,22.54981803894043,0.028524305555555556
7-1T2.mp4,231,7.713918383404864,8.612699508666992,55.26555633544922,0.11349908025037099,14.463332176208496,0.07854166666666666
7-1T2.mp4,232,7.74731196948021,54.53620147705078,114.8678970336914,0.05438735622798633,19.86741065979004,0.37600694444444444
7-1T2.mp4,233,7.7807055555555555,49.384010314941406,96.9926986694336,0.0379924502232452,13.978241920471191,0.31916666666666665
7-1T2.mp4,234,7.814099141630901,40.250247955322266,82.14177703857422,0.03651677719922772,9.216451644897461,0.25180555555555556
7-1T2.mp4,235,7.847492727706247,32.04808807373047,70.1358413696289,0.03581711670024464,10.106403350830078,0.19836805555555556
7-1T2.mp4,236,7.880886313781593,64.46868133544922,178.5421600341797,0.06942277844222454,22.40506362915039,0.5071354166666666
7-1T2.mp4,237,7.914279899856938,49.63553237915039,137.77308654785156,0.04393343345082122,12.489870071411133,0.4024479166666667
7-1T2.mp4,238,7.947673485932284,56.69272232055664,153.304443359375,0.14545138012098685,8.744094848632812,0.46425347222222224
7-1T2.mp4,239,7.9810670720076295,58.77362060546875,148.89015197753906,0.2481232188150971,15.980852127075195,0.46368055555555554
7-1T2.mp4,240,8.014460658082976,60.275394439697266,142.6186981201172,0.09003014426869684,12.722286224365234,0.45005208333333335
7-1T2.mp4,241,8.047854244158321,8.80881118774414,55.389251708984375,0.11303047162599696,25.536930084228516,0.06515625
7-1T2.mp4,242,8.081247830233666,12.823716163635254,77.67935180664062,0.11055402646966514,14.516160011291504,0.14895833333333333
7-1T2.mp4,243,8.114641416309013,19.4805965423584,92.32718658447266,0.03935278632623077,9.501876831054688,0.20711805555555557
7-1T2.mp4,244,8.148035002384358,41.10146713256836,81.83163452148438,0.033118513898176855,7.959786415100098,0.2590972222222222
7-1T2.mp4,245,8.181428588459704,31.071760177612305,68.53951263427734,0.04970984481165499,13.394729614257812,0.19154513888888888
7-1T2.mp4,246,8.21482217453505,20.678442001342773,55.052154541015625,0.03716583504253883,15.315112113952637,0.13583333333333333
7-1T2.mp4,247,8.248215760610396,14.776838302612305,44.01240539550781,0.028187545696888958,12.605859756469727,0.09928819444444445
7-1T2.mp4,248,8.281609346685741,9.07156753540039,36.37644958496094,0.26685532525926603,21.931514739990234,0.06602430555555555
7-1T2.mp4,249,8.315002932761088,58.89585494995117,145.45352172851562,0.2188214764896318,25.37425422668457,0.4509722222222222
7-1T2.mp4,250,8.348396518836433,58.84011459350586,135.7700958251953,0.10843572828134715,18.648441314697266,0.4320659722222222
7-1T2.mp4,251,8.38179010491178,56.7154541015625,126.40431213378906,0.06362187637857329,10.888285636901855,0.4164409722222222
7-1T2.mp4,252,8.415183690987124,52.445072174072266,106.78455352783203,0.03693875555049885,9.509574890136719,0.3575520833333333
7-1T2.mp4,253,8.44857727706247,64.85957336425781,181.17135620117188,0.08068809228051936,20.973522186279297,0.5405555555555556
7-1T2.mp4,254,8.481970863137816,30.70184898376465,108.62085723876953,0.032726929326236345,10.604838371276855,0.29876736111111113
7-1T2.mp4,255,8.51536444921316,37.94993209838867,115.92267608642578,0.03811506882185086,13.766961097717285,0.32895833333333335
7-1T2.mp4,256,8.548758035288508,46.631103515625,130.62969970703125,0.0706274055918725,14.288783073425293,0.39119791666666665
7-1T2.mp4,257,8.582151621363852,54.49968338012695,145.29324340820312,0.0333159189566572,7.624567985534668,0.43550347222222224
7-1T2.mp4,258,8.6155452074392,7.481804370880127,36.18486022949219,0.2618627326448381,17.052162170410156,0.04921875
7-1T2.mp4,259,8.648938793514544,6.252301216125488,36.9008674621582,0.3192735351405609,26.607589721679688,0.032864583333333336
7-1T2.mp4,260,8.68233237958989,7.1588568687438965,44.1082649230957,0.15571344379878355,16.877182006835938,0.035486111111111114
7-1T2.mp4,261,8.715725965665236,55.79402160644531,118.19155883789062,0.04922838688680506,19.003772735595703,0.39194444444444443
7-1T2.mp4,262,8.749119551740582,51.231895446777344,99.04969787597656,0.03692410785786599,9.186450958251953,0.33361111111111114
7-1T2.mp4,263,8.782513137815927,46.46031188964844,88.78459167480469,0.03657010209635537,15.06322956085205,0.29020833333333335
7-1T2.mp4,264,8.815906723891272,36.52299118041992,74.10494232177734,0.036845105362986116,10.047450065612793,0.21859375
7-1T2.mp4,265,8.849300309966619,25.964763641357422,59.950260162353516,0.03530626262706812,15.908480644226074,0.1531597222222222
7-1T2.mp4,266,8.882693896041964,48.20845031738281,133.94850158691406,0.06320073434841009,13.802654266357422,0.39734375
7-1T2.mp4,267,8.91608748211731,52.89228820800781,142.60362243652344,0.029727026766760124,12.966607093811035,0.42951388888888886
7-1T2.mp4,268,8.949481068192656,58.71731185913086,145.40089416503906,0.24937324312330328,21.237483978271484,0.44505208333333335
7-1T2.mp4,269,8.982874654268002,59.43333053588867,142.1962432861328,0.2254192075765991,13.918246269226074,0.4513020833333333
7-1T2.mp4,270,9.016268240343347,65.36913299560547,176.36961364746094,0.07790099723437238,13.524921417236328,0.5058854166666666
7-1T2.mp4,271,9.049661826418694,10.857680320739746,66.54145812988281,0.09773641933889225,13.75349235534668,0.1111111111111111
7-1T2.mp4,272,9.083055412494039,15.835707664489746,87.06756591796875,0.04889325816703979,8.750177383422852,0.18197916666666666
7-1T2.mp4,273,9.116448998569386,25.977622985839844,102.87940216064453,0.04311526514727251,11.750137329101562,0.27243055555555556
7-1T2.mp4,274,9.14984258464473,34.71247482299805,113.18666076660156,0.028269399218657978,10.443255424499512,0.3361284722222222
7-1T2.mp4,275,9.183236170720075,26.103899002075195,58.25517272949219,0.03784291476058056,18.804277420043945,0.15220486111111112
7-1T2.mp4,276,9.216629756795422,16.001611709594727,47.928428649902344,0.04116057884012829,9.947789192199707,0.11178819444444445
7-1T2.mp4,277,9.250023342870767,9.769287109375,35.67795944213867,0.15249963043828751,10.511503219604492,0.07154513888888889
7-1T2.mp4,278,9.283416928946114,63.904380798339844,166.68637084960938,0.05823543227225175,14.67298412322998,0.4915625
7-1T2.mp4,279,9.316810515021459,59.42046356201172,141.96566772460938,0.27283826548869394,18.47679901123047,0.4449826388888889
7-1T2.mp4,280,9.350204101096805,57.13359069824219,128.62831115722656,0.1052377496130603,15.938516616821289,0.415625
7-1T2.mp4,281,9.38359768717215,54.166465759277344,108.66165161132812,0.041139014272354495,16.88913345336914,0.3721527777777778
7-1T2.mp4,282,9.416991273247497,50.0627555847168,95.59451293945312,0.03634590932860401,10.765754699707031,0.31756944444444446
7-1T2.mp4,283,9.450384859322842,24.81705665588379,97.21136474609375,0.0360590614019411,8.820712089538574,0.2297048611111111
7-1T2.mp4,284,9.483778445398187,34.77133560180664,110.99929809570312,0.033059246791986296,17.797700881958008,0.3029340277777778
7-1T2.mp4,285,9.517172031473534,43.647281646728516,127.58189392089844,0.04458280064468446,12.581002235412598,0.3812847222222222
7-1T2.mp4,286,9.550565617548878,48.5062141418457,137.91232299804688,0.05461038974088617,12.499805450439453,0.41520833333333335
7-1T2.mp4,287,9.583959203624225,54.98210144042969,152.02517700195312,0.04646434866932934,17.519855499267578,0.4571701388888889
7-1T2.mp4,288,9.61735278969957,6.588674068450928,37.66219711303711,0.2800063984358722,25.749732971191406,0.039704861111111114
7-1T2.mp4,289,9.650746375774917,6.711041450500488,41.61008834838867,0.22445210755782824,14.934083938598633,0.031614583333333335
7-1T2.mp4,290,9.684139961850262,8.428842544555664,53.555747985839844,0.15254793019641075,19.800411224365234,0.06019097222222222
7-1T2.mp4,291,9.717533547925608,12.802752494812012,74.44134521484375,0.03998812462909132,11.801129341125488,0.12956597222222221
7-1T2.mp4,292,9.750927134000953,47.004295349121094,94.172607421875,0.03502377361757078,8.71095085144043,0.31222222222222223
7-1T2.mp4,293,9.7843207200763,38.133914947509766,77.90213775634766,0.0366336715343247,8.564884185791016,0.24005208333333333
7-1T2.mp4,294,9.817714306151645,31.648801803588867,68.79569244384766,0.036411204295191596,11.260100364685059,0.19375
7-1T2.mp4,295,9.85110789222699,64.47724914550781,179.32684326171875,0.06256715601895824,23.691856384277344,0.5202777777777777
7-1T2.mp4,296,9.884501478302337,50.77394485473633,137.25160217285156,0.04598692862785507,11.681499481201172,0.3838715277777778
7-1T2.mp4,297,9.917895064377682,57.925601959228516,146.7486114501953,0.24092954828562307,19.584299087524414,0.42135416666666664
7-1T2.mp4,298,9.951288650453028,58.98027420043945,142.97979736328125,0.26812469247121173,24.3609619140625,0.4323784722222222
7-1T2.mp4,299,9.984682236528373,58.87535858154297,136.78457641601562,0.10037033689710022,14.528581619262695,0.43050347222222224
7-1T2.mp4,300,10.01807582260372,9.684466361999512,61.69813537597656,0.14696866956870752,30.630056381225586,0.08824652777777778
7-1T2.mp4,301,10.051469408679065,13.484435081481934,81.9325180053711,0.07908229499061933,11.156022071838379,0.15944444444444444
7-1T2.mp4,302,10.084862994754412,19.333919525146484,94.00487518310547,0.039463996179655916,10.65614128112793,0.2156597222222222
7-1T2.mp4,303,10.118256580829756,29.571378707885742,108.5654067993164,0.03127763417824624,14.590421676635742,0.303125
7-1T2.mp4,304,10.151650166905103,39.72110366821289,120.86170196533203,0.0404389274189969,10.70202922821045,0.36788194444444444
7-1T2.mp4,305,10.185043752980448,19.367090225219727,54.82013702392578,0.048510632634079016,6.851870059967041,0.12852430555555555
7-1T2.mp4,306,10.218437339055793,13.102556228637695,41.44258499145508,0.03188422205680803,17.431135177612305,0.09217013888888889
7-1T2.mp4,307,10.25183092513114,7.965446472167969,37.16044235229492,0.2659704134389096,15.163002014160156,0.055017361111111114
7-1T2.mp4,308,10.285224511206485,5.1794819831848145,32.52266311645508,0.045376072892518084,13.89798355102539,0.03284722222222222
7-1T2.mp4,309,10.318618097281831,57.933990478515625,137.8872528076172,0.10343496262794344,14.795158386230469,0.44647569444444446
7-1T2.mp4,310,10.352011683357176,55.01152420043945,119.6036376953125,0.05156235271107685,16.895174026489258,0.39609375
7-1T2.mp4,311,10.385405269432523,50.759639739990234,99.41136169433594,0.035122430594444094,8.883915901184082,0.3357986111111111
7-1T2.mp4,312,10.418798855507868,64.84656524658203,176.04364013671875,0.0674194721800738,23.36840057373047,0.49678819444444444
7-1T2.mp4,313,10.452192441583215,30.636877059936523,106.23716735839844,0.03274627339837571,12.020559310913086,0.27088541666666666
7-1T2.mp4,314,10.48558602765856,47.024784088134766,131.966552734375,0.07894689130917765,9.789022445678711,0.389375
7-1T2.mp4,315,10.518979613733906,47.024784088134766,131.966552734375,0.07894689130917765,9.789022445678711,0.389375
7-1T2.mp4,316,10.552373199809251,7.716927528381348,35.69906997680664,0.29921775327316086,21.714189529418945,0.05347222222222222
7-1T2.mp4,317,10.585766785884596,7.716927528381348,35.69906997680664,0.29921775327316086,21.714189529418945,0.05347222222222222
7-1T2.mp4,318,10.619160371959943,7.881610870361328,49.342857360839844,0.14554267383618666,14.628196716308594,0.050625
7-1T2.mp4,319,10.652553958035288,7.881610870361328,49.342857360839844,0.14554267383618666,14.628196716308594,0.050625
7-1T2.mp4,320,10.685947544110634,14.678109169006348,83.62545776367188,0.08151176229230729,10.663313865661621,0.16489583333333332
7-1T2.mp4,321,10.71934113018598,14.678109169006348,83.62545776367188,0.08151176229230729,10.663313865661621,0.16489583333333332
7-1T2.mp4,322,10.752734716261326,33.50542068481445,71.1034927368164,0.0416415295882451,10.536587715148926,0.20083333333333334
7-1T2.mp4,323,10.786128302336671,33.50542068481445,71.1034927368164,0.0416415295882451,10.536587715148926,0.20083333333333334
7-1T2.mp4,324,10.819521888412018,0.6365419030189514,1.0365885496139526,0.7520797885822874,4.604982376098633,0.0
7-1T2.mp4,325,10.852915474487363,0.6365419030189514,1.0365885496139526,0.7520797885822874,4.604982376098633,0.0
7-1T2.mp4,326,10.886309060562708,58.659393310546875,144.0826873779297,0.2780774526706433,13.469090461730957,0.4447048611111111
7-1T2.mp4,327,10.919702646638054,58.659393310546875,144.0826873779297,0.2780774526706433,13.469090461730957,0.4447048611111111
7-1T2.mp4,328,10.9530962327134,64.5255126953125,179.57763671875,0.08547685121853864,9.303032875061035,0.5197569444444444
7-1T2.mp4,329,10.986489818788746,64.5255126953125,179.57763671875,0.08547685121853864,9.303032875061035,0.5197569444444444
7-1T2.mp4,330,11.01988340486409,17.082921981811523,89.23896026611328,0.0411822319184186,11.207334518432617,0.19177083333333333
7-1T2.mp4,331,11.053276990939437,17.082921981811523,89.23896026611328,0.0411822319184186,11.207334518432617,0.19177083333333333
7-1T2.mp4,332,11.086670577014782,33.5609130859375,112.19898223876953,0.033276897854196595,10.890519142150879,0.3117361111111111
7-1T2.mp4,333,11.12006416309013,33.5609130859375,112.19898223876953,0.033276897854196595,10.890519142150879,0.3117361111111111
7-1T2.mp4,334,11.153457749165474,14.86042308807373,45.9849739074707,0.033061299348701716,11.223376274108887,0.10529513888888889
7-1T2.mp4,335,11.18685133524082,14.86042308807373,45.9849739074707,0.033061299348701716,11.223376274108887,0.10529513888888889
7-1T2.mp4,336,11.220244921316166,6.965585708618164,38.725486755371094,0.3152465433205891,22.539125442504883,0.04861111111111111
7-1T2.mp4,337,11.25363850739151,6.965585708618164,38.725486755371094,0.3152465433205891,22.539125442504883,0.04861111111111111
7-1T2.mp4,338,11.287032093466857,56.31398010253906,124.94204711914062,0.06651456887099993,11.365217208862305,0.4069965277777778
7-1T2.mp4,339,11.320425679542202,56.31398010253906,124.94204711914062,0.06651456887099993,11.365217208862305,0.4069965277777778
7-1T2.mp4,340,11.353819265617549,48.125125885009766,95.05437469482422,0.039472335242611394,10.598764419555664,0.3180381944444444
7-1T2.mp4,341,11.387212851692894,48.125125885009766,95.05437469482422,0.039472335242611394,10.598764419555664,0.3180381944444444
7-1T2.mp4,342,11.42060643776824,37.740867614746094,116.9314956665039,0.03165809362081196,14.16108226776123,0.3223611111111111
7-1T2.mp4,343,11.454000023843586,37.740867614746094,116.9314956665039,0.03165809362081196,14.16108226776123,0.3223611111111111
7-1T2.mp4,344,11.487393609918932,50.4459228515625,136.82130432128906,0.04082450337132136,11.006553649902344,0.38776041666666666
7-1T2.mp4,345,11.520787195994277,50.4459228515625,136.82130432128906,0.04082450337132136,11.006553649902344,0.38776041666666666
7-1T2.mp4,346,11.554180782069624,6.271826267242432,36.25260543823242,0.2940298101193555,20.821876525878906,0.03230902777777778
7-1T2.mp4,347,11.587574368144969,6.271826267242432,36.25260543823242,0.2940298101193555,20.821876525878906,0.03230902777777778
7-1T2.mp4,348,11.620967954220314,8.960921287536621,57.24613571166992,0.12946654594635,14.635696411132812,0.07885416666666667
7-1T2.mp4,349,11.65436154029566,8.960921287536621,57.24613571166992,0.12946654594635,14.635696411132812,0.07885416666666667
7-1T2.mp4,350,11.687755126371005,46.36821365356445,88.80414581298828,0.03687699730495425,11.300307273864746,0.29022569444444446
7-1T2.mp4,351,11.721148712446352,46.36821365356445,88.80414581298828,0.03687699730495425,11.300307273864746,0.29022569444444446
7-1T2.mp4,352,11.754542298521697,30.14069175720215,66.30253601074219,0.03587589418570829,10.998268127441406,0.18098958333333334
7-1T2.mp4,353,11.787935884597044,30.14069175720215,66.30253601074219,0.03587589418570829,10.998268127441406,0.18098958333333334
7-1T2.mp4,354,11.821329470672389,12.173711776733398,38.09595489501953,0.030964782262927024,9.769134521484375,0.08352430555555555
7-1T2.mp4,355,11.854723056747735,12.173711776733398,38.09595489501953,0.030964782262927024,9.769134521484375,0.08352430555555555
7-1T2.mp4,356,11.88811664282308,58.062355041503906,146.5555419921875,0.260519450028821,16.58828353881836,0.4657118055555556
7-1T2.mp4,357,11.921510228898427,58.062355041503906,146.5555419921875,0.260519450028821,16.58828353881836,0.4657118055555556
7-1T2.mp4,358,11.954903814973772,0.4635193943977356,0.6740885376930237,0.7026314720099327,9.74474811553955,0.0
7-1T2.mp4,359,11.988297401049117,0.4635193943977356,0.6740885376930237,0.7026314720099327,9.74474811553955,0.0
7-1T2.mp4,360,12.021690987124463,20.973445892333984,96.06378173828125,0.04820599004147752,12.70272445678711,0.22428819444444445
7-1T2.mp4,361,12.055084573199808,20.973445892333984,96.06378173828125,0.04820599004147752,12.70272445678711,0.22428819444444445
7-1T2.mp4,362,12.088478159275155,42.163360595703125,124.0794906616211,0.04564319193922162,7.727240562438965,0.36116319444444445
7-1T2.mp4,363,12.1218717453505,42.163360595703125,124.0794906616211,0.04564319193922162,7.727240562438965,0.36116319444444445
7-1T2.mp4,364,12.155265331425847,12.212733268737793,37.96487808227539,0.04016394876065608,11.481168746948242,0.0802951388888889
7-1T2.mp4,365,12.188658917501192,12.212733268737793,37.96487808227539,0.04016394876065608,11.481168746948242,0.0802951388888889
7-1T2.mp4,366,12.222052503576538,6.164649963378906,38.906761169433594,0.3054348108855135,17.945852279663086,0.027395833333333335
7-1T2.mp4,367,12.255446089651883,6.164649963378906,38.906761169433594,0.3054348108855135,17.945852279663086,0.027395833333333335
7-1T2.mp4,368,12.288839675727228,54.59480285644531,117.1881332397461,0.046846929372890554,12.132323265075684,0.39340277777777777
7-1T2.mp4,369,12.322233261802575,54.59480285644531,117.1881332397461,0.046846929372890554,12.132323265075684,0.39340277777777777
7-1T2.mp4,370,12.35562684787792,41.575042724609375,84.23335266113281,0.034617092941763086,12.4850492477417,0.26776041666666667
7-1T2.mp4,371,12.389020433953267,41.575042724609375,84.23335266113281,0.034617092941763086,12.4850492477417,0.26776041666666667
7-1T2.mp4,372,12.422414020028612,40.94587707519531,122.37625885009766,0.046823117758098914,8.860856056213379,0.35878472222222224
7-1T2.mp4,373,12.455807606103958,40.94587707519531,122.37625885009766,0.046823117758098914,8.860856056213379,0.35878472222222224
7-1T2.mp4,374,12.489201192179303,54.96432876586914,150.84580993652344,0.05780317094492893,12.146424293518066,0.43881944444444443
7-1T2.mp4,375,12.52259477825465,54.96432876586914,150.84580993652344,0.05780317094492893,12.146424293518066,0.43881944444444443
7-1T2.mp4,376,12.555988364329995,6.525872707366943,40.22249221801758,0.30417075622688344,19.932079315185547,0.029670138888888888
7-1T2.mp4,377,12.589381950405341,6.525872707366943,40.22249221801758,0.30417075622688344,19.932079315185547,0.029670138888888888
7-1T2.mp4,378,12.622775536480686,11.760372161865234,71.89595794677734,0.10310804843417277,10.827741622924805,0.12595486111111112
7-1T2.mp4,379,12.656169122556031,11.760372161865234,71.89595794677734,0.10310804843417277,10.827741622924805,0.12595486111111112
7-1T2.mp4,380,12.689562708631378,40.874267578125,80.64793395996094,0.03400436547104866,8.84411907196045,0.2487673611111111
7-1T2.mp4,381,12.722956294706723,40.874267578125,80.64793395996094,0.03400436547104866,8.84411907196045,0.2487673611111111
7-1T2.mp4,382,12.75634988078207,22.398906707763672,55.48527908325195,0.037406981237936864,13.903569221496582,0.13569444444444445
7-1T2.mp4,383,12.789743466857415,22.398906707763672,55.48527908325195,0.037406981237936864,13.903569221496582,0.13569444444444445
7-1T2.mp4,384,12.823137052932761,64.28102111816406,178.96546936035156,0.0848128981033823,4.312163829803467,0.5301388888888889
7-1T2.mp4,385,12.856530639008106,64.28102111816406,178.96546936035156,0.0848128981033823,4.312163829803467,0.5301388888888889
7-1T2.mp4,386,12.889924225083453,59.01760482788086,142.42384338378906,0.10073114165324573,14.292012214660645,0.46338541666666666
7-1T2.mp4,387,12.923317811158798,59.01760482788086,142.42384338378906,0.10073114165324573,14.292012214660645,0.46338541666666666
7-1T2.mp4,388,12.956711397234145,52.33688735961914,106.02764129638672,0.042546091495316636,9.39653205871582,0.3569965277777778
7-1T2.mp4,389,12.99010498330949,52.33688735961914,106.02764129638672,0.042546091495316636,9.39653205871582,0.3569965277777778
7-1T2.mp4,390,13.023498569384834,28.965248107910156,105.48619079589844,0.03287380408241972,11.331758499145508,0.28411458333333334
7-1T2.mp4,391,13.056892155460181,28.965248107910156,105.48619079589844,0.03287380408241972,11.331758499145508,0.28411458333333334
7-1T2.mp4,392,13.090285741535526,20.418546676635742,51.93213653564453,0.03870546617422263,9.418569564819336,0.12380208333333333
7-1T2.mp4,393,13.123679327610873,20.418546676635742,51.93213653564453,0.03870546617422263,9.418569564819336,0.12380208333333333
7-1T2.mp4,394,13.157072913686218,0.361931174993515,0.5747222304344177,0.21515870094299316,11.099724769592285,0.0
7-1T2.mp4,395,13.190466499761564,0.361931174993515,0.5747222304344177,0.21515870094299316,11.099724769592285,0.0
7-1T2.mp4,396,13.22386008583691,0.1345473974943161,0.20251736044883728,0.25037699937820435,5.857649803161621,0.0
7-1T2.mp4,397,13.257253671912256,0.1345473974943161,0.20251736044883728,0.25037699937820435,5.857649803161621,0.0
7-1T2.mp4,398,13.290647257987601,0.1012527123093605,-0.0008680555620230734,0.09531749784946442,10.172133445739746,0.0
7-1T2.mp4,399,13.324040844062948,0.1012527123093605,-0.0008680555620230734,0.09531749784946442,10.172133445739746,0.0
7-1T2.mp4,400,13.357434430138293,0.0797681137919426,-0.006631944328546524,0.05525794252753258,7.7806291580200195,0.0
7-1T2.mp4,401,13.390828016213637,0.0797681137919426,-0.006631944328546524,0.05525794252753258,7.7806291580200195,0.0
7-1T2.mp4,402,13.424221602288984,0.05446930602192879,0.003263888880610466,0.007936508394777775,3.469778299331665,0.0
7-1T2.mp4,403,13.45761518836433,0.05446930602192879,0.003263888880610466,0.007936508394777775,3.469778299331665,0.0
7-1T2.mp4,404,13.491008774439676,0.06637111306190491,0.0031944443471729755,0.007202384993433952,3.3072357177734375,0.0
7-1T2.mp4,405,13.52440236051502,0.06637111306190491,0.0031944443471729755,0.007202384993433952,3.3072357177734375,0.0
7-1T2.mp4,406,13.557795946590367,0.04583527892827988,0.0023611111100763083,0.01666666753590107,4.342432022094727,0.0
7-1T2.mp4,407,13.591189532665712,0.04583527892827988,0.0023611111100763083,0.01666666753590107,4.342432022094727,0.0
7-1T2.mp4,408,13.624583118741059,0.06293667107820511,0.0030555555131286383,0.009563492611050606,3.7354750633239746,0.0
7-1T2.mp4,409,13.657976704816404,0.06293667107820511,0.0030555555131286383,0.009563492611050606,3.7354750633239746,0.0
7-1T2.mp4,410,13.69137029089175,0.06826583296060562,0.0020833334419876337,0.014325400814414024,3.7166829109191895,0.0
7-1T2.mp4,411,13.724763876967096,0.06826583296060562,0.0020833334419876337,0.014325400814414024,3.7166829109191895,0.0
7-1T2.mp4,412,13.75815746304244,0.0525863915681839,0.0031944443471729755,0.007202384993433952,3.3072357177734375,0.0
7-1T2.mp4,413,13.791551049117787,0.0525863915681839,0.0031944443471729755,0.007202384993433952,3.3072357177734375,0.0
7-1T2.mp4,414,13.824944635193132,0.05841972306370735,0.0031944443471729755,0.007202384993433952,3.3072357177734375,0.0
7-1T2.mp4,415,13.858338221268479,0.05841972306370735,0.0031944443471729755,0.007202384993433952,3.3072357177734375,0.0
7-1T2.mp4,416,13.891731807343824,0.016891945153474808,0.0031944443471729755,0.007202384993433952,3.3072357177734375,0.0
7-1T2.mp4,417,13.92512539341917,0.016891945153474808,0.0031944443471729755,0.007202384993433952,3.3072357177734375,0.0
7-1T2.mp4,418,13.958518979494515,0.02499319426715374,0.0029861112125217915,0.009206350892782211,3.35197114944458,0.0
7-1T2.mp4,419,13.991912565569862,0.02499319426715374,0.0029861112125217915,0.009206350892782211,3.35197114944458,0.0
7-1T2.mp4,420,14.025306151645207,0.032232776284217834,0.0029861112125217915,0.009206350892782211,3.35197114944458,0.0
7-1T2.mp4,421,14.058699737720552,0.032232776284217834,0.0029861112125217915,0.009206350892782211,3.35197114944458,0.0
7-1T2.mp4,422,14.092093323795899,0.017048610374331474,0.0,0.0,0.0,0.0
7-1T2.mp4,423,14.125486909871244,0.017048610374331474,0.0,0.0,0.0,0.0
7-1T2.mp4,424,14.15888049594659,0.022881943732500076,0.0,0.0,0.0,0.0
7-1T2.mp4,425,14.192274082021935,0.022881943732500076,0.0,0.0,0.0,0.0
7-1T2.mp4,426,14.225667668097282,0.020520834252238274,0.0,0.0,0.0,0.0
7-1T2.mp4,427,14.259061254172627,0.020520834252238274,0.0,0.0,0.0,0.0
7-1T2.mp4,428,14.292454840247974,0.005277777556329966,0.0,0.0,0.0,0.0
7-1T2.mp4,429,14.325848426323319,0.005277777556329966,0.0,0.0,0.0,0.0
7-1T2.mp4,430,14.359242012398665,0.011215277947485447,0.0,0.0,0.0,0.0
7-1T2.mp4,431,14.39263559847401,0.011215277947485447,0.0,0.0,0.0,0.0
7-1T2.mp4,432,14.426029184549355,0.010659722611308098,0.0,0.0,0.0,0.0
7-1T2.mp4,433,14.459422770624702,0.010659722611308098,0.0,0.0,0.0,0.0
7-1T2.mp4,434,14.492816356700047,0.006145833525806665,0.0,0.0,0.0,0.0
7-1T2.mp4,435,14.526209942775393,0.006145833525806665,0.0,0.0,0.0,0.0
7-1T2.mp4,436,14.559603528850738,0.010243055410683155,0.0,0.0,0.0,0.0
7-1T2.mp4,437,14.592997114926085,0.010243055410683155,0.0,0.0,0.0,0.0
7-1T2.mp4,438,14.62639070100143,0.008784722536802292,0.0,0.0,0.0,0.0
7-1T2.mp4,439,14.659784287076777,0.008784722536802292,0.0,0.0,0.0,0.0
7-1T2.mp4,440,14.693177873152122,0.012118055485188961,0.0,0.0,0.0,0.0
7-1T2.mp4,441,14.726571459227468,0.012118055485188961,0.0,0.0,0.0,0.0
7-1T2.mp4,442,14.759965045302813,0.007256944663822651,0.0,0.0,0.0,0.0
7-1T2.mp4,443,14.793358631378158,0.007256944663822651,0.0,0.0,0.0,0.0
7-1T2.mp4,444,14.826752217453505,0.009340277872979641,0.0,0.0,0.0,0.0
7-1T2.mp4,445,14.86014580352885,0.009340277872979641,0.0,0.0,0.0,0.0
7-1T2.mp4,446,14.893539389604197,0.0021875000093132257,0.0,0.0,0.0,0.0
7-1T2.mp4,447,14.926932975679541,0.0021875000093132257,0.0,0.0,0.0,0.0
7-1T2.mp4,448,14.960326561754888,0.007326388731598854,0.0,0.0,0.0,0.0
7-1T2.mp4,449,14.993720147830233,0.007326388731598854,0.0,0.0,0.0,0.0
7-1T2.mp4,450,15.02711373390558,0.01229166705161333,0.0,0.0,0.0,0.0
7-1T2.mp4,451,15.060507319980925,0.01229166705161333,0.0,0.0,0.0,0.0
7-1T2.mp4,452,15.093900906056271,0.008541666902601719,0.0,0.0,0.0,0.0
7-1T2.mp4,453,15.127294492131616,0.008541666902601719,0.0,0.0,0.0,0.0
7-1T2.mp4,454,15.160688078206961,0.016041666269302368,0.0,0.0,0.0,0.0
7-1T2.mp4,455,15.194081664282308,0.016041666269302368,0.0,0.0,0.0,0.0
7-1T2.mp4,456,15.227475250357653,0.012500000186264515,0.0,0.0,0.0,0.0
7-1T2.mp4,457,15.260868836433,0.012500000186264515,0.0,0.0,0.0,0.0
7-1T2.mp4,458,15.294262422508345,0.011805555783212185,0.0,0.0,0.0,0.0
7-1T2.mp4,459,15.327656008583691,0.011805555783212185,0.0,0.0,0.0,0.0
7-1T2.mp4,460,15.361049594659036,0.014965278096497059,0.0,0.0,0.0,0.0
7-1T2.mp4,461,15.394443180734383,0.014965278096497059,0.0,0.0,0.0,0.0
7-1T2.mp4,462,15.427836766809728,0.016093749552965164,0.0,0.0,0.0,0.0
7-1T2.mp4,463,15.461230352885073,0.016093749552965164,0.0,0.0,0.0,0.0
7-1T2.mp4,464,15.49462393896042,0.012916666455566883,0.0,0.0,0.0,0.0
7-1T2.mp4,465,15.528017525035764,0.006527777761220932,0.0,0.0,0.0,0.0
7-1T2.mp4,466,15.561411111111111,0.010277777910232544,0.0,0.0,0.0,0.0
7-1T3.mp4,0,0.0,0.0,0.0,0.0,0.0,0.0
7-1T3.mp4,1,0.03339358607534573,0.0,0.0,0.0,0.0,0.0
7-1T3.mp4,2,0.06678717215069147,0.0,0.0,0.0,0.0,0.0
7-1T3.mp4,3,0.1001807582260372,0.0012499999720603228,0.0,0.0,0.0,0.0
7-1T3.mp4,4,0.13357434430138293,0.00027777778450399637,0.0,0.0,0.0,0.0
7-1T3.mp4,5,0.16696793037672866,0.002812500111758709,0.0,0.0,0.0,0.0
7-1T3.mp4,6,0.2003615164520744,0.0014409722061827779,0.0,0.0,0.0,0.0
7-1T3.mp4,7,0.23375510252742013,0.0611458346247673,0.0,0.0,0.0,0.0
7-1T3.mp4,8,0.26714868860276586,0.022326389327645302,0.0,0.0,0.0,0.0
7-1T3.mp4,9,0.30054227467811157,0.02690972201526165,0.0,0.0,0.0,0.0
7-1T3.mp4,10,0.3339358607534573,0.04064236208796501,0.0,0.0,0.0,0.0
7-1T3.mp4,11,0.36732944682880303,0.02873263880610466,0.0,0.0,0.0,0.0
7-1T3.mp4,12,0.4007230329041488,0.01588541641831398,0.0,0.0,0.0,0.0
7-1T3.mp4,13,0.4341166189794945,0.00907986145466566,0.0,0.0,0.0,0.0
7-1T3.mp4,14,0.46751020505484026,0.08857639133930206,0.0,0.0,0.0,0.0
7-1T3.mp4,15,0.500903791130186,0.0955381914973259,0.0,0.0,0.0,0.0
7-1T3.mp4,16,0.5342973772055317,0.032951388508081436,0.0,0.0,0.0,0.0
7-1T3.mp4,17,0.5676909632808774,0.031093750149011612,0.0,0.0,0.0,0.0
7-1T3.mp4,18,0.6010845493562231,0.03178819268941879,0.0,0.0,0.0,0.0
7-1T3.mp4,19,0.634478135431569,0.015173611231148243,0.0,0.0,0.0,0.0
7-1T3.mp4,20,0.6678717215069147,0.01840277761220932,0.0,0.0,0.0,0.0
7-1T3.mp4,21,0.7012653075822604,0.009670139290392399,0.0,0.0,0.0,0.0
7-1T3.mp4,22,0.7346588936576061,0.012274305336177349,0.0,0.0,0.0,0.0
7-1T3.mp4,23,0.7680524797329518,0.004843750037252903,0.0,0.0,0.0,0.0
7-1T3.mp4,24,0.8014460658082976,0.030017361044883728,0.0,0.0,0.0,0.0
7-1T3.mp4,25,0.8348396518836433,0.016284722834825516,0.0,0.0,0.0,0.0
7-1T3.mp4,26,0.868233237958989,0.01831597276031971,0.0,0.0,0.0,0.0
7-1T3.mp4,27,0.9016268240343347,0.020017361268401146,0.0,0.0,0.0,0.0
7-1T3.mp4,28,0.9350204101096805,0.01298611145466566,0.0,0.0,0.0,0.0
7-1T3.mp4,29,0.9684139961850262,0.009305555373430252,0.0,0.0,0.0,0.0
7-1T3.mp4,30,1.001807582260372,0.019427083432674408,0.0,0.0,0.0,0.0
7-1T3.mp4,31,1.0352011683357176,0.010243055410683155,0.0,0.0,0.0,0.0
7-1T3.mp4,32,1.0685947544110634,0.01859375089406967,0.0,0.0,0.0,0.0
7-1T3.mp4,33,1.101988340486409,0.008993055671453476,0.0,0.0,0.0,0.0
7-1T3.mp4,34,1.1353819265617549,0.015781249850988388,0.0,0.0,0.0,0.0
7-1T3.mp4,35,1.1687755126371007,0.01102430559694767,0.0,0.0,0.0,0.0
7-1T3.mp4,36,1.2021690987124463,0.014565972611308098,0.0,0.0,0.0,0.0
7-1T3.mp4,37,1.235562684787792,0.012968749739229679,0.0,0.0,0.0,0.0
7-1T3.mp4,38,1.268956270863138,0.028142360970377922,0.0,0.0,0.0,0.0
7-1T3.mp4,39,1.3023498569384835,0.024635417386889458,0.0,0.0,0.0,0.0
7-1T3.mp4,40,1.3357434430138293,0.026753472164273262,0.0,0.0,0.0,0.0
7-1T3.mp4,41,1.369137029089175,0.013263888657093048,0.0,0.0,0.0,0.0
7-1T3.mp4,42,1.4025306151645207,0.016388889402151108,0.0,0.0,0.0,0.0
7-1T3.mp4,43,1.4359242012398665,0.02630208246409893,0.0,0.0,0.0,0.0
7-1T3.mp4,44,1.4693177873152121,0.0264756940305233,0.0,0.0,0.0,0.0
7-1T3.mp4,45,1.502711373390558,0.00920138880610466,0.0,0.0,0.0,0.0
7-1T3.mp4,46,1.5361049594659035,0.009218749590218067,0.0,0.0,0.0,0.0
7-1T3.mp4,47,1.5694985455412493,0.01814236119389534,0.0,0.0,0.0,0.0
7-1T3.mp4,48,1.6028921316165952,0.02276041731238365,0.0,0.0,0.0,0.0
7-1T3.mp4,49,1.6362857176919408,0.025208333507180214,0.0,0.0,0.0,0.0
7-1T3.mp4,50,1.6696793037672866,0.005329861305654049,0.0,0.0,0.0,0.0
7-1T3.mp4,51,1.7030728898426324,0.0060069444589316845,0.0,0.0,0.0,0.0
7-1T3.mp4,52,1.736466475917978,0.008107638917863369,0.0,0.0,0.0,0.0
7-1T3.mp4,53,1.7698600619933238,0.0067013888619840145,0.0,0.0,0.0,0.0
7-1T3.mp4,54,1.8032536480686694,0.006961805745959282,0.0,0.0,0.0,0.0
7-1T3.mp4,55,1.8366472341440152,0.014583333395421505,0.0,0.0,0.0,0.0
7-1T3.mp4,56,1.870040820219361,0.009791666641831398,0.0,0.0,0.0,0.0
7-1T3.mp4,57,1.9034344062947066,0.0060590277425944805,0.0,0.0,0.0,0.0
7-1T3.mp4,58,1.9368279923700524,0.003958333283662796,0.0,0.0,0.0,0.0
7-1T3.mp4,59,1.9702215784453982,0.005833333358168602,0.0,0.0,0.0,0.0
7-1T3.mp4,60,2.003615164520744,0.005677083507180214,0.0,0.0,0.0,0.0
7-1T3.mp4,61,2.0370087505960894,0.015590277500450611,0.0,0.0,0.0,0.0
7-1T3.mp4,62,2.0704023366714353,0.014253471978008747,0.0,0.0,0.0,0.0
7-1T3.mp4,63,2.103795922746781,0.0011111111380159855,0.0,0.0,0.0,0.0
7-1T3.mp4,64,2.137189508822127,0.0,0.0,0.0,0.0,0.0
7-1T3.mp4,65,2.1705830948974727,0.003888888983055949,0.0,0.0,0.0,0.0
7-1T3.mp4,66,2.203976680972818,0.0,0.0,0.0,0.0,0.0
7-1T3.mp4,67,2.237370267048164,0.002725694328546524,0.0,0.0,0.0,0.0
7-1T3.mp4,68,2.2707638531235097,0.008194444701075554,0.0,0.0,0.0,0.0
7-1T3.mp4,69,2.3041574391988555,0.006788194645196199,0.0,0.0,0.0,0.0
7-1T3.mp4,70,2.3375510252742013,0.0063020833767950535,0.0,0.0,0.0,0.0
7-1T3.mp4,71,2.3709446113495467,0.007899305783212185,0.0,0.0,0.0,0.0
7-1T3.mp4,72,2.4043381974248925,0.01006944477558136,0.0,0.0,0.0,0.0
7-1T3.mp4,73,2.4377317835002383,0.06861110776662827,0.0,0.0,0.0,0.0
7-1T3.mp4,74,2.471125369575584,0.07461805641651154,0.0,0.0,0.0,0.0
7-1T3.mp4,75,2.50451895565093,0.07164930552244186,0.0,0.0,0.0,0.0
7-1T3.mp4,76,2.537912541726276,0.050399307161569595,0.0,0.0,0.0,0.0
7-1T3.mp4,77,2.571306127801621,0.05017361044883728,0.0,0.0,0.0,0.0
7-1T3.mp4,78,2.604699713876967,0.048732638359069824,0.0,0.0,0.0,0.0
7-1T3.mp4,79,2.638093299952313,0.027743056416511536,0.0,0.0,0.0,0.0
7-1T3.mp4,80,2.6714868860276586,0.016371527686715126,0.0,0.0,0.0,0.0
7-1T3.mp4,81,2.7048804721030044,0.0057986113242805,0.0,0.0,0.0,0.0
7-1T3.mp4,82,2.73827405817835,0.009340277872979641,0.0,0.0,0.0,0.0
7-1T3.mp4,83,2.7716676442536956,0.007725694216787815,0.0,0.0,0.0,0.0
7-1T3.mp4,84,2.8050612303290414,0.009062499739229679,0.0,0.0,0.0,0.0
7-1T3.mp4,85,2.8384548164043872,0.031145833432674408,0.0,0.0,0.0,0.0
7-1T3.mp4,86,2.871848402479733,0.024201389402151108,0.0,0.0,0.0,0.0
7-1T3.mp4,87,2.9052419885550784,0.019826387986540794,0.0,0.0,0.0,0.0
7-1T3.mp4,88,2.9386355746304242,0.020260415971279144,0.0,0.0,0.0,0.0
7-1T3.mp4,89,2.97202916070577,0.021718749776482582,0.0,0.0,0.0,0.0
7-1T3.mp4,90,3.005422746781116,0.011163194663822651,0.0,0.0,0.0,0.0
7-1T3.mp4,91,3.0388163328564617,0.006770833395421505,0.0,0.0,0.0,0.0
7-1T3.mp4,92,3.072209918931807,0.00321180559694767,0.0,0.0,0.0,0.0
7-1T3.mp4,93,3.105603505007153,0.002864583395421505,0.0,0.0,0.0,0.0
7-1T3.mp4,94,3.1389970910824987,0.0024479166604578495,0.0,0.0,0.0,0.0
7-1T3.mp4,95,3.1723906771578445,0.004947916604578495,0.0,0.0,0.0,0.0
7-1T3.mp4,96,3.2057842632331903,0.005347222089767456,0.0,0.0,0.0,0.0
7-1T3.mp4,97,3.239177849308536,0.008194444701075554,0.0,0.0,0.0,0.0
7-1T3.mp4,98,3.2725714353838815,0.005850694607943296,0.0,0.0,0.0,0.0
7-1T3.mp4,99,3.3059650214592273,0.0023958333767950535,0.0,0.0,0.0,0.0
7-1T3.mp4,100,3.339358607534573,0.0023437500931322575,0.0,0.0,0.0,0.0
7-1T3.mp4,101,3.372752193609919,0.0015277777565643191,0.0,0.0,0.0,0.0
7-1T3.mp4,102,3.4061457796852648,0.008333333767950535,0.0,0.0,0.0,0.0
7-1T3.mp4,103,3.43953936576061,0.004982639104127884,0.0,0.0,0.0,0.0
7-1T3.mp4,104,3.472932951835956,0.005590277723968029,0.0,0.0,0.0,0.0
7-1T3.mp4,105,3.5063265379113018,0.004392361268401146,0.0,0.0,0.0,0.0
7-1T3.mp4,106,3.5397201239866476,0.0044791665859520435,0.0,0.0,0.0,0.0
7-1T3.mp4,107,3.5731137100619934,0.009531250223517418,0.0,0.0,0.0,0.0
7-1T3.mp4,108,3.606507296137339,0.010034722276031971,0.0,0.0,0.0,0.0
7-1T3.mp4,109,3.6399008822126846,0.007708333432674408,0.0,0.0,0.0,0.0
7-1T3.mp4,110,3.6732944682880304,0.003854166716337204,0.0,0.0,0.0,0.0
7-1T3.mp4,111,3.7066880543633762,0.00251736119389534,0.0,0.0,0.0,0.0
7-1T3.mp4,112,3.740081640438722,0.0026041667442768812,0.0,0.0,0.0,0.0
7-1T3.mp4,113,3.773475226514068,0.0011111111380159855,0.0,0.0,0.0,0.0
7-1T3.mp4,114,3.8068688125894132,0.0021875000093132257,0.0,0.0,0.0,0.0
7-1T3.mp4,115,3.840262398664759,0.0005381944356486201,0.0,0.0,0.0,0.0
7-1T3.mp4,116,3.873655984740105,0.011631944216787815,0.0,0.0,0.0,0.0
7-1T3.mp4,117,3.9070495708154507,112.61925506591797,82.995361328125,0.04374970838801421,7.192160606384277,0.7052777777777778
7-1T3.mp4,118,3.9404431568907965,103.02912902832031,65.63069152832031,0.03389548688562961,7.6602606773376465,0.6152083333333334
7-1T3.mp4,119,3.973836742966142,93.69078826904297,59.970314025878906,0.04053895460044341,7.283149242401123,0.5593923611111111
7-1T3.mp4,120,4.007230329041488,75.04505920410156,55.11848068237305,0.02430511132108657,7.240261554718018,0.46293402777777776
7-1T3.mp4,121,4.040623915116833,74.42527770996094,96.49691009521484,0.09075869681971413,12.017241477966309,0.5861458333333334
7-1T3.mp4,122,4.074017501192179,88.96263122558594,109.1223373413086,0.060055435384232275,7.761500358581543,0.6747048611111112
7-1T3.mp4,123,4.107411087267525,97.26245880126953,114.34383392333984,0.05493022080975426,9.245694160461426,0.7246354166666666
7-1T3.mp4,124,4.1408046733428705,19.345834732055664,29.420711517333984,0.02916534970233959,7.9563398361206055,0.1540625
7-1T3.mp4,125,4.174198259418216,12.363176345825195,50.39490509033203,0.2745938299714089,12.180852890014648,0.18239583333333334
7-1T3.mp4,126,4.207591845493562,9.879600524902344,57.669281005859375,0.065533114258557,10.217958450317383,0.22479166666666667
7-1T3.mp4,127,4.240985431568908,14.639284133911133,70.40927124023438,0.13365792811580685,8.518827438354492,0.28076388888888887
7-1T3.mp4,128,4.274379017644254,26.332603454589844,83.2671890258789,0.1377136448721865,12.237625122070312,0.3634895833333333
7-1T3.mp4,129,4.3077726037196,86.96656799316406,63.958351135253906,0.03485964971133542,9.19909954071045,0.5296180555555555
7-1T3.mp4,130,4.341166189794945,71.9608383178711,58.901527404785156,0.03948012767822967,7.497697353363037,0.4556076388888889
7-1T3.mp4,131,4.374559775870291,58.305259704589844,52.82797622680664,0.025937257795401698,9.797876358032227,0.3820138888888889
7-1T3.mp4,132,4.407953361945636,42.542144775390625,43.12425231933594,0.02647215021479538,10.192415237426758,0.2934201388888889
7-1T3.mp4,133,4.441346948020982,134.11114501953125,133.11788940429688,0.01933699108265247,12.636689186096191,0.9774826388888889
7-1T3.mp4,134,4.474740534096328,118.67236328125,109.07505798339844,0.3045777017364127,14.807534217834473,0.80265625
7-1T3.mp4,135,4.508134120171674,121.77289581298828,103.68208312988281,0.37242097286827974,13.54955768585205,0.7854340277777778
7-1T3.mp4,136,4.541527706247019,119.67967987060547,89.92257690429688,0.16869196989126437,10.18166732788086,0.7421875
7-1T3.mp4,137,4.574921292322365,110.61890411376953,73.53889465332031,0.05453525131563616,7.290130615234375,0.6524826388888889
7-1T3.mp4,138,4.608314878397711,32.8587532043457,81.23357391357422,0.14078262342100348,9.541831016540527,0.3850868055555556
7-1T3.mp4,139,4.641708464473057,47.87712860107422,83.55878448486328,0.09233481261825016,11.03541374206543,0.45241319444444444
7-1T3.mp4,140,4.675102050548403,63.2530517578125,95.26402282714844,0.08585288030274232,9.669346809387207,0.5424652777777778
7-1T3.mp4,141,4.7084956366237485,53.928489685058594,50.67965316772461,0.03019678618832426,9.01161003112793,0.34975694444444444
7-1T3.mp4,142,4.741889222699093,42.364662170410156,45.51384735107422,0.028449417516200226,7.756927013397217,0.29
7-1T3.mp4,143,4.775282808774439,29.71467399597168,37.031700134277344,0.042116030411613374,9.132776260375977,0.21178819444444444
7-1T3.mp4,144,4.808676394849785,19.31412696838379,44.277915954589844,0.24452986042368727,17.324939727783203,0.17815972222222223
7-1T3.mp4,145,4.842069980925131,12.582437515258789,52.442142486572266,0.2562882785159567,11.570323944091797,0.19897569444444443
7-1T3.mp4,146,4.875463567000477,122.99410247802734,89.96282958984375,0.13295742560571897,9.618508338928223,0.7600347222222222
7-1T3.mp4,147,4.9088571530758225,114.90100860595703,74.26771545410156,0.04561390311189562,7.934437274932861,0.6789756944444445
7-1T3.mp4,148,4.942250739151168,101.62309265136719,62.71278762817383,0.04404880190504828,8.38063907623291,0.5865451388888889
7-1T3.mp4,149,4.975644325226514,84.65448760986328,55.51763916015625,0.05111209780533261,7.456241607666016,0.4956423611111111
7-1T3.mp4,150,5.00903791130186,137.4557342529297,129.1885223388672,0.021264171767796387,15.142077445983887,0.9726736111111111
7-1T3.mp4,151,5.042431497377206,85.43089294433594,91.07862854003906,0.09962773699615551,9.554149627685547,0.6245659722222222
7-1T3.mp4,152,5.075825083452552,100.15705871582031,103.07637786865234,0.07132755035434293,9.138736724853516,0.7008854166666667
7-1T3.mp4,153,5.1092186695278965,114.21984100341797,112.40880584716797,0.1880792145284192,7.250960350036621,0.7823611111111111
7-1T3.mp4,154,5.142612255603242,120.63142395019531,105.78284454345703,0.37665148831096823,13.906998634338379,0.7915104166666667
7-1T3.mp4,155,5.176005841678588,12.040804862976074,50.6055908203125,0.2579260590993411,10.120361328125,0.1825173611111111
7-1T3.mp4,156,5.209399427753934,15.132096290588379,61.93553924560547,0.13561396242912208,9.381075859069824,0.2512673611111111
7-1T3.mp4,157,5.24279301382928,24.942394256591797,78.70281219482422,0.16135849590093196,11.025809288024902,0.33791666666666664
7-1T3.mp4,158,5.276186599904626,101.621337890625,66.12254333496094,0.032035122048013565,7.708667278289795,0.5955381944444444
7-1T3.mp4,159,5.309580185979971,87.303955078125,55.54701232910156,0.03990307685845853,7.8225860595703125,0.5118229166666667
7-1T3.mp4,160,5.342973772055317,68.3154525756836,49.824886322021484,0.03324376572600374,7.538302898406982,0.41965277777777776
7-1T3.mp4,161,5.376367358130663,50.17015075683594,42.76862716674805,0.02946207080096249,10.851466178894043,0.3221875
7-1T3.mp4,162,5.409760944206009,39.97301483154297,38.18768310546875,0.029393584067321784,12.31348705291748,0.26489583333333333
7-1T3.mp4,163,5.443154530281354,116.53700256347656,106.3989028930664,0.09801457770666909,9.057052612304688,0.7944444444444444
7-1T3.mp4,164,5.4765481163567,124.48966979980469,99.72966003417969,0.3140786095411989,13.67484188079834,0.7946180555555555
7-1T3.mp4,165,5.509941702432045,125.15302276611328,95.64633178710938,0.1295604758744681,8.415338516235352,0.7894618055555556
7-1T3.mp4,166,5.543335288507391,119.87529754638672,81.29926300048828,0.09877774028673304,8.304488182067871,0.7159027777777778
7-1T3.mp4,167,5.576728874582737,135.41526794433594,132.604736328125,0.019319658010828467,10.975696563720703,0.9737673611111111
7-1T3.mp4,168,5.610122460658083,44.37537384033203,83.94437408447266,0.14742499303467277,11.304105758666992,0.43118055555555557
7-1T3.mp4,169,5.643516046733429,61.721370697021484,85.08837127685547,0.07966788763458066,12.347335815429688,0.5042881944444444
7-1T3.mp4,170,5.6769096328087745,72.38800048828125,86.84613800048828,0.08128184283231651,10.311058044433594,0.5584895833333333
7-1T3.mp4,171,5.71030321888412,91.77871704101562,91.68170928955078,0.023748706040554953,8.28891372680664,0.65046875
7-1T3.mp4,172,5.743696804959466,35.65178680419922,37.528480529785156,0.03276160556495295,6.804751396179199,0.2363888888888889
7-1T3.mp4,173,5.777090391034812,24.653118133544922,36.82025909423828,0.26411328526241656,14.92875862121582,0.17944444444444443
7-1T3.mp4,174,5.810483977110157,16.386655807495117,45.320858001708984,0.25031896927182096,14.283634185791016,0.17737847222222222
7-1T3.mp4,175,5.843877563185503,127.3481674194336,97.08934020996094,0.036455788354547124,8.788862228393555,0.8050694444444444
7-1T3.mp4,176,5.8772711492608485,118.72699737548828,80.2015609741211,0.031448046540028265,6.83384370803833,0.7133854166666667
7-1T3.mp4,177,5.910664735336194,109.42957305908203,69.78590393066406,0.04137531971811184,7.200387477874756,0.6392534722222222
7-1T3.mp4,178,5.94405832141154,96.97017669677734,61.30406951904297,0.04023091545415822,7.539043426513672,0.56234375
7-1T3.mp4,179,5.977451907486886,79.3989486694336,54.63541793823242,0.03509523735598498,6.9996819496154785,0.4735243055555556
7-1T3.mp4,180,6.010845493562232,79.85592651367188,88.86779022216797,0.0999597106425731,12.440336227416992,0.5952604166666666
7-1T3.mp4,181,6.044239079637578,92.91278839111328,93.65865325927734,0.09856199082244109,11.113892555236816,0.6633159722222223
7-1T3.mp4,182,6.077632665712923,106.64773559570312,101.82145690917969,0.08014517910346551,9.145275115966797,0.7442534722222223
7-1T3.mp4,183,6.111026251788269,118.1212158203125,107.34405517578125,0.2581697721196385,12.315185546875,0.7766666666666666
7-1T3.mp4,184,6.144419837863614,131.71224975585938,126.20622253417969,0.11142330578836844,10.417945861816406,0.9138541666666666
7-1T3.mp4,185,6.17781342393896,10.480907440185547,53.393585205078125,0.14142977307058557,7.971593856811523,0.1934375
7-1T3.mp4,186,6.211207010014306,20.13636016845703,66.4723892211914,0.14850691845754793,12.3600492477417,0.2861284722222222
7-1T3.mp4,187,6.244600596089652,33.290611267089844,76.05931091308594,0.10963859414760992,11.051568031311035,0.36713541666666666
7-1T3.mp4,188,6.277994182164997,52.77021408081055,81.88018798828125,0.04965619252369154,7.435382843017578,0.47125
7-1T3.mp4,189,6.311387768240343,77.98234558105469,55.71184158325195,0.042091761376609735,8.590306282043457,0.46625
7-1T3.mp4,190,6.344781354315689,59.6217041015625,49.47615432739258,0.02767819835802858,7.5523762702941895,0.37659722222222225
7-1T3.mp4,191,6.378174940391035,42.887481689453125,41.219879150390625,0.02858414310076812,7.318249702453613,0.2815972222222222
7-1T3.mp4,192,6.411568526466381,136.54283142089844,130.71780395507812,0.02057071080434525,12.45132064819336,0.9691319444444444
7-1T3.mp4,193,6.4449621125417265,119.5425033569336,108.02977752685547,0.2604367967938365,8.707375526428223,0.7961284722222223
7-1T3.mp4,194,6.478355698617072,126.20738983154297,100.51818084716797,0.2677583613668074,14.529447555541992,0.8012673611111111
7-1T3.mp4,195,6.511749284692417,123.77708435058594,85.04244232177734,0.18882296537404258,9.034316062927246,0.7460069444444445
7-1T3.mp4,196,6.545142870767763,112.39158630371094,74.14871215820312,0.03398558982942684,7.314940452575684,0.6557465277777778
7-1T3.mp4,197,6.578536456843109,23.959726333618164,85.90579223632812,0.12594774735205044,8.948474884033203,0.36243055555555553
7-1T3.mp4,198,6.611930042918455,40.888179779052734,94.50773620605469,0.09211939043501931,10.335647583007812,0.45015625
7-1T3.mp4,199,6.6453236289938005,59.42804718017578,101.60956573486328,0.09393747299290467,8.926433563232422,0.5472048611111111
7-1T3.mp4,200,6.678717215069146,80.82015991210938,100.77452087402344,0.07271149498636774,13.280048370361328,0.6338715277777778
7-1T3.mp4,201,6.712110801144492,91.13237762451172,104.20896911621094,0.0752693969478939,14.202688217163086,0.6876909722222222
7-1T3.mp4,202,6.745504387219838,28.796890258789062,35.30292510986328,0.02707356108511934,7.142086982727051,0.2078472222222222
7-1T3.mp4,203,6.778897973295184,18.323650360107422,42.2376823425293,0.224672868398698,18.2552433013916,0.1607986111111111
7-1T3.mp4,204,6.8122915593705295,11.932646751403809,50.96464538574219,0.25699131231869143,14.278532028198242,0.18196180555555555
7-1T3.mp4,205,6.845685145445875,13.794143676757812,55.10190200805664,0.031623532563580595,7.855564594268799,0.22583333333333333
7-1T3.mp4,206,6.87907873152122,111.0271987915039,77.31844329833984,0.06667124695157191,7.289669990539551,0.6666145833333333
7-1T3.mp4,207,6.912472317596566,98.61203002929688,63.967952728271484,0.04590155712405393,7.426828384399414,0.5819270833333333
7-1T3.mp4,208,6.945865903671912,86.4791259765625,57.06626892089844,0.042346617498879774,7.402194499969482,0.5084722222222222
7-1T3.mp4,209,6.979259489747258,136.56800842285156,129.98165893554688,0.017411877960041955,10.979084014892578,0.9690451388888889
7-1T3.mp4,210,7.0126530758226036,86.88988494873047,93.56505584716797,0.10286960097325469,10.905938148498535,0.6268229166666667
7-1T3.mp4,211,7.046046661897949,102.80865478515625,102.636474609375,0.07027350058972288,9.12108039855957,0.7200173611111111
7-1T3.mp4,212,7.079440247973295,114.34107971191406,110.00947570800781,0.09418554361175595,9.137436866760254,0.7868576388888889
7-1T3.mp4,213,7.112833834048641,122.10555267333984,105.23831939697266,0.29398122977616425,13.279982566833496,0.7941840277777777
7-1T3.mp4,214,7.146227420123987,11.834881782531738,51.182891845703125,0.25609377930171495,13.677297592163086,0.18769097222222222
7-1T3.mp4,215,7.179621006199333,16.978931427001953,63.700496673583984,0.13882751149360387,9.503581047058105,0.2643229166666667
7-1T3.mp4,216,7.213014592274678,25.541746139526367,73.64579772949219,0.16196824330489856,10.860045433044434,0.3252083333333333
7-1T3.mp4,217,7.246408178350023,39.80207061767578,80.82555389404297,0.14881284831169228,12.50458812713623,0.40447916666666667
7-1T3.mp4,218,7.279801764425369,57.66957092285156,87.95946502685547,0.11633341740058943,10.74164867401123,0.4962847222222222
7-1T3.mp4,219,7.313195350500715,64.74951171875,48.95296096801758,0.030661425973307902,12.245309829711914,0.3957118055555556
7-1T3.mp4,220,7.346588936576061,51.00416564941406,46.7086296081543,0.026589693129698715,8.017134666442871,0.32991319444444445
7-1T3.mp4,221,7.379982522651407,34.87105941772461,38.206485748291016,0.02994242207122683,6.952663898468018,0.23574652777777777
7-1T3.mp4,222,7.4133761087267525,3.0714805126190186,16.39192771911621,0.012557867173617837,12.796789169311523,0.04041666666666666
7-1T3.mp4,223,7.446769694802098,124.28005981445312,97.87464141845703,0.33768494675408256,13.065178871154785,0.7813020833333333
7-1T3.mp4,224,7.480163280877444,125.40193939208984,94.95645904541016,0.14906330745479093,9.125079154968262,0.7853993055555556
7-1T3.mp4,225,7.51355686695279,119.37769317626953,74.31597900390625,0.04790440047865604,7.032619476318359,0.6994444444444444
7-1T3.mp4,226,7.546950453028136,135.650146484375,131.99696350097656,0.020702233689893348,10.391018867492676,0.9648784722222222
7-1T3.mp4,227,7.580344039103481,52.937461853027344,74.2306137084961,0.10009096827327581,11.68076229095459,0.4504340277777778
7-1T3.mp4,228,7.6137376251788265,57.80130386352539,89.42804718017578,0.07042487276821653,10.320555686950684,0.5070833333333333
7-1T3.mp4,229,7.647131211254172,76.43466186523438,95.38236236572266,0.08748403409091983,10.765042304992676,0.6034375
7-1T3.mp4,230,7.680524797329518,92.59635162353516,104.97881317138672,0.05956226827877518,8.299010276794434,0.6985416666666666
7-1T3.mp4,231,7.713918383404864,28.57636260986328,32.30519104003906,0.034142309525145034,8.907063484191895,0.1974826388888889
7-1T3.mp4,232,7.74731196948021,21.38239860534668,37.62850570678711,0.2946104886667241,17.283039093017578,0.17414930555555555
7-1T3.mp4,233,7.7807055555555555,13.735815048217773,48.32069396972656,0.24694618630134038,12.33178424835205,0.17873263888888888
7-1T3.mp4,234,7.814099141630901,10.42474365234375,59.99867248535156,0.03876242603360464,7.327605724334717,0.22682291666666668
7-1T3.mp4,235,7.847492727706247,19.24298667907715,77.25606536865234,0.12080373099316126,9.475390434265137,0.3140277777777778
7-1T3.mp4,236,7.880886313781593,101.58214569091797,73.76507568359375,0.04775762766479393,7.19009256362915,0.6189583333333334
7-1T3.mp4,237,7.914279899856938,87.42781829833984,62.72626876831055,0.031973753222754586,8.20075798034668,0.5304166666666666
7-1T3.mp4,238,7.947673485932284,70.60806274414062,53.91279602050781,0.02944065019308607,6.797892093658447,0.43633680555555554
7-1T3.mp4,239,7.9810670720076295,0.8680679202079773,2.420347213745117,0.24299156493780785,6.101190090179443,0.0
7-1T3.mp4,240,8.014460658082976,96.10545349121094,93.85234069824219,0.0888307869875879,10.33279800415039,0.6689409722222223
7-1T3.mp4,241,8.047854244158321,110.10452270507812,106.5088119506836,0.06870312203604696,8.845596313476562,0.7633506944444445
7-1T3.mp4,242,8.081247830233666,120.77960968017578,104.92698669433594,0.36696055571139025,13.344634056091309,0.7942708333333334
7-1T3.mp4,243,8.114641416309013,134.81536865234375,127.18956756591797,0.10125683721756903,5.450509548187256,0.9188194444444444
7-1T3.mp4,244,8.148035002384358,13.993461608886719,54.539756774902344,0.11768241249688353,8.667929649353027,0.22413194444444445
7-1T3.mp4,245,8.181428588459704,22.831148147583008,72.48744201660156,0.12230737808838027,9.08266544342041,0.30942708333333335
7-1T3.mp4,246,8.21482217453505,38.56867599487305,82.07621002197266,0.1386184713016777,11.02739429473877,0.3962326388888889
7-1T3.mp4,247,8.248215760610396,51.75179672241211,87.15771484375,0.12059150610100108,12.194440841674805,0.4691666666666667
7-1T3.mp4,248,8.281609346685741,72.6764144897461,52.34409713745117,0.026693276126500052,6.558689594268799,0.44085069444444447
7-1T3.mp4,249,8.315002932761088,54.28533935546875,47.11884689331055,0.02816645504948946,7.9223856925964355,0.34289930555555553
7-1T3.mp4,250,8.348396518836433,40.42019271850586,36.2957649230957,0.03000875870596877,13.50068187713623,0.26480902777777776
7-1T3.mp4,251,8.38179010491178,27.177879333496094,31.543724060058594,0.1954842213637714,5.899419784545898,0.1869097222222222
7-1T3.mp4,252,8.415183690987124,18.149600982666016,42.41164016723633,0.24320221952948268,15.621665954589844,0.17057291666666666
7-1T3.mp4,253,8.44857727706247,125.6517105102539,97.15083312988281,0.25545984526461946,7.163160800933838,0.7842013888888889
7-1T3.mp4,254,8.481970863137816,120.43789672851562,80.26964569091797,0.10440066966650353,8.051794052124023,0.71796875
7-1T3.mp4,255,8.51536444921316,108.58695983886719,76.750244140625,0.03894729123528845,7.184939384460449,0.6449305555555556
7-1T3.mp4,256,8.548758035288508,0.888983428478241,2.262178897857666,0.2932740248483097,6.646835803985596,0.0
7-1T3.mp4,257,8.582151621363852,57.22862243652344,84.23307037353516,0.09803958277685296,13.357186317443848,0.4885763888888889
7-1T3.mp4,258,8.6155452074392,71.1882553100586,98.31326293945312,0.09964548549588763,9.325409889221191,0.5809027777777778
7-1T3.mp4,259,8.648938793514544,86.68366241455078,94.72181701660156,0.0974098910329167,8.8102445602417,0.6395138888888889
7-1T3.mp4,260,8.68233237958989,103.63558197021484,102.414794921875,0.08313301865822574,9.19359302520752,0.7350347222222222
7-1T3.mp4,261,8.715725965665236,24.848031997680664,35.719791412353516,0.2833457794943755,17.766468048095703,0.17715277777777777
7-1T3.mp4,262,8.749119551740582,14.965214729309082,47.389686584472656,0.24983827309796675,17.051311492919922,0.1845138888888889
7-1T3.mp4,263,8.782513137815927,11.536857604980469,53.007171630859375,0.2852208993628886,12.337601661682129,0.19746527777777778
7-1T3.mp4,264,8.815906723891272,17.616382598876953,64.9663314819336,0.1458621600237139,11.330558776855469,0.27118055555555554
7-1T3.mp4,265,8.849300309966619,108.39412689208984,66.92314910888672,0.04562399570750862,7.381401538848877,0.6276909722222223
7-1T3.mp4,266,8.882693896041964,93.52813720703125,57.27901077270508,0.03709285266081409,7.4471869468688965,0.5378472222222223
7-1T3.mp4,267,8.91608748211731,82.53435516357422,53.86592102050781,0.02619848916516847,6.714218616485596,0.48638888888888887
7-1T3.mp4,268,8.949481068192656,64.1703109741211,48.46254348754883,0.028261936057392998,8.32177734375,0.3939930555555556
7-1T3.mp4,269,8.982874654268002,46.62971878051758,41.62492370605469,0.031470238122896,8.7247896194458,0.30331597222222223
7-1T3.mp4,270,9.016268240343347,94.06781005859375,131.81765747070312,0.06581015916674243,8.006246566772461,0.7632118055555556
7-1T3.mp4,271,9.049661826418694,100.35414123535156,133.87173461914062,0.18663790958562107,8.897211074829102,0.7846875
7-1T3.mp4,272,9.083055412494039,119.4602279663086,106.28125762939453,0.36160775301081705,14.621488571166992,0.7859375
7-1T3.mp4,273,9.116448998569386,1.067491888999939,3.1026649475097656,0.43664769065210074,5.502939224243164,0.0
7-1T3.mp4,274,9.14984258464473,18.50941276550293,70.94502258300781,0.1225008765575611,9.117507934570312,0.2904513888888889
7-1T3.mp4,275,9.183236170720075,28.384428024291992,78.78628540039062,0.18678001306394074,11.316715240478516,0.35357638888888887
7-1T3.mp4,276,9.216629756795422,45.493038177490234,86.96061706542969,0.11585700603696078,10.973581314086914,0.4494270833333333
7-1T3.mp4,277,9.250023342870767,62.12480545043945,95.42668151855469,0.09112165128951419,11.992834091186523,0.5373958333333333
7-1T3.mp4,278,9.283416928946114,60.66184616088867,47.24233627319336,0.03276132298757338,7.6136345863342285,0.37666666666666665
7-1T3.mp4,279,9.316810515021459,47.24725341796875,42.12757873535156,0.02540591550727385,7.970553398132324,0.3059201388888889
7-1T3.mp4,280,9.350204101096805,30.6791934967041,33.27769088745117,0.02911804050197315,7.976988315582275,0.20940972222222223
7-1T3.mp4,281,9.38359768717215,20.135160446166992,42.26633834838867,0.20820361051535938,16.641983032226562,0.18454861111111112
7-1T3.mp4,282,9.416991273247497,131.73086547851562,103.0061264038086,0.029120013646836564,8.211676597595215,0.8462673611111111
7-1T3.mp4,283,9.450384859322842,123.46741485595703,88.69961547851562,0.1444101237159701,10.776998519897461,0.7537152777777778
7-1T3.mp4,284,9.483778445398187,115.35067749023438,72.38628387451172,0.035466817026945464,7.147563457489014,0.6702604166666667
7-1T3.mp4,285,9.517172031473534,97.22103118896484,70.90087890625,0.04044907378989125,7.132779121398926,0.5858159722222223
7-1T3.mp4,286,9.550565617548878,89.23990631103516,55.206302642822266,0.028825901976324408,7.576905727386475,0.5134027777777778
7-1T3.mp4,287,9.583959203624225,59.21171188354492,93.07099151611328,0.07555717095695592,9.88288688659668,0.5094444444444445
7-1T3.mp4,288,9.61735278969957,77.64907836914062,99.10037994384766,0.06454769356614193,9.964438438415527,0.6056770833333334
7-1T3.mp4,289,9.650746375774917,97.54761505126953,101.6869125366211,0.06929954421629993,8.552886962890625,0.7056597222222222
7-1T3.mp4,290,9.684139961850262,30.976640701293945,34.84172821044922,0.031093004533141705,7.687617301940918,0.21272569444444445
7-1T3.mp4,291,9.717533547925608,19.770477294921875,42.96072769165039,0.24202815631554464,11.710062980651855,0.17451388888888889
7-1T3.mp4,292,9.750927134000953,11.920058250427246,53.10797882080078,0.2545239982703949,12.261423110961914,0.19692708333333334
7-1T3.mp4,293,9.7843207200763,13.929012298583984,63.51362991333008,0.12144966513219878,9.116157531738281,0.25335069444444447
7-1T3.mp4,294,9.817714306151645,21.868545532226562,69.64181518554688,0.15276962480520562,8.475729942321777,0.30975694444444446
7-1T3.mp4,295,9.85110789222699,102.6465072631836,62.46475601196289,0.04779842400056517,7.11615514755249,0.5894097222222222
7-1T3.mp4,296,9.884501478302337,85.6160888671875,55.74029541015625,0.025389194839162115,7.651382923126221,0.49201388888888886
7-1T3.mp4,297,9.917895064377682,68.39559173583984,48.57255935668945,0.02753379407333639,8.728950500488281,0.4102604166666667
7-1T3.mp4,298,9.951288650453028,57.06605911254883,43.97869110107422,0.025598316286168078,8.008195877075195,0.3500520833333333
7-1T3.mp4,299,9.984682236528373,138.52940368652344,127.50563049316406,0.019666689336551142,12.975378036499023,0.9749131944444445
7-1T3.mp4,300,10.01807582260372,115.1221694946289,108.95582580566406,0.08221327617977492,8.84728717803955,0.79484375
7-1T3.mp4,301,10.051469408679065,124.86903381347656,99.65023803710938,0.3537182294717878,16.95170783996582,0.7924652777777778
7-1T3.mp4,302,10.084862994754412,126.9887924194336,97.53308868408203,0.2743123021941045,6.836510181427002,0.7842708333333334
7-1T3.mp4,303,10.118256580829756,123.10198974609375,79.98238372802734,0.05366902322551598,8.25479507446289,0.7063541666666666
7-1T3.mp4,304,10.151650166905103,26.946409225463867,71.4115219116211,0.15193959108668714,10.821343421936035,0.32880208333333333
7-1T3.mp4,305,10.185043752980448,44.259979248046875,81.99897766113281,0.08542542587592093,13.798848152160645,0.4240798611111111
7-1T3.mp4,306,10.218437339055793,54.68722915649414,83.69145202636719,0.09728305117538809,10.437296867370605,0.4807986111111111
7-1T3.mp4,307,10.25183092513114,67.99633026123047,51.70138168334961,0.030897382047674008,7.08349609375,0.41744791666666664
7-1T3.mp4,308,10.285224511206485,49.906089782714844,45.26899337768555,0.02941035487368081,7.61997127532959,0.32234375
7-1T3.mp4,309,10.318618097281831,34.99565887451172,36.15213394165039,0.031710754050554485,6.794534683227539,0.23390625
7-1T3.mp4,310,10.352011683357176,26.442575454711914,34.89878463745117,0.333355275440815,12.576773643493652,0.1867361111111111
7-1T3.mp4,311,10.385405269432523,16.09055519104004,47.07477569580078,0.25449321257822227,15.176496505737305,0.18493055555555554
7-1T3.mp4,312,10.418798855507868,124.72257232666016,92.77886962890625,0.1467428246967427,9.385848999023438,0.7726041666666666
7-1T3.mp4,313,10.452192441583215,115.16082763671875,85.53800964355469,0.03860577537327393,7.512179374694824,0.6983333333333334
7-1T3.mp4,314,10.48558602765856,93.66732788085938,59.8758430480957,0.0401057545632275,8.094423294067383,0.5424479166666667
7-1T3.mp4,315,10.518979613733906,93.66732788085938,59.8758430480957,0.0401057545632275,8.094423294067383,0.5424479166666667
7-1T3.mp4,316,10.552373199809251,75.44857788085938,92.29176330566406,0.08373834331008634,9.30469799041748,0.5888368055555555
7-1T3.mp4,317,10.585766785884596,75.44857788085938,92.29176330566406,0.08373834331008634,9.30469799041748,0.5888368055555555
7-1T3.mp4,318,10.619160371959943,105.26019287109375,109.56521606445312,0.06819561713181654,9.021822929382324,0.7564930555555556
7-1T3.mp4,319,10.652553958035288,105.26019287109375,109.56521606445312,0.06819561713181654,9.021822929382324,0.7564930555555556
7-1T3.mp4,320,10.685947544110634,14.51485824584961,47.33584976196289,0.24123736872335907,12.374703407287598,0.17690972222222223
7-1T3.mp4,321,10.71934113018598,14.51485824584961,47.33584976196289,0.24123736872335907,12.374703407287598,0.17690972222222223
7-1T3.mp4,322,10.752734716261326,16.963407516479492,68.7078628540039,0.13775575860579195,8.387837409973145,0.2837152777777778
7-1T3.mp4,323,10.786128302336671,16.963407516479492,68.7078628540039,0.13775575860579195,8.387837409973145,0.2837152777777778
7-1T3.mp4,324,10.819521888412018,96.15424346923828,58.44485092163086,0.03378967251251342,7.680469036102295,0.5594444444444444
7-1T3.mp4,325,10.852915474487363,96.15424346923828,58.44485092163086,0.03378967251251342,7.680469036102295,0.5594444444444444
7-1T3.mp4,326,10.886309060562708,61.31010437011719,47.36117172241211,0.03046936634494335,8.606649398803711,0.38090277777777776
7-1T3.mp4,327,10.919702646638054,61.31010437011719,47.36117172241211,0.03046936634494335,8.606649398803711,0.38090277777777776
7-1T3.mp4,328,10.9530962327134,106.8804702758789,105.60649108886719,0.0633541441352866,8.896028518676758,0.755
7-1T3.mp4,329,10.986489818788746,106.8804702758789,105.60649108886719,0.0633541441352866,8.896028518676758,0.755
7-1T3.mp4,330,11.01988340486409,123.54425048828125,100.53296661376953,0.3470174582186621,13.744759559631348,0.7942708333333334
7-1T3.mp4,331,11.053276990939437,123.54425048828125,100.53296661376953,0.3470174582186621,13.744759559631348,0.7942708333333334
7-1T3.mp4,332,11.086670577014782,133.7605743408203,135.1000213623047,0.02502028541445202,21.877965927124023,0.9727083333333333
7-1T3.mp4,333,11.12006416309013,133.7605743408203,135.1000213623047,0.02502028541445202,21.877965927124023,0.9727083333333333
7-1T3.mp4,334,11.153457749165474,50.18965530395508,84.81170654296875,0.1147344213160335,9.465087890625,0.46171875
7-1T3.mp4,335,11.18685133524082,50.18965530395508,84.81170654296875,0.1147344213160335,9.465087890625,0.46171875
7-1T3.mp4,336,11.220244921316166,84.0659408569336,87.23455047607422,0.038924955308076416,8.771269798278809,0.6030208333333333
7-1T3.mp4,337,11.25363850739151,84.0659408569336,87.23455047607422,0.038924955308076416,8.771269798278809,0.6030208333333333
7-1T3.mp4,338,11.287032093466857,26.590822219848633,33.330902099609375,0.09569660690794898,8.86954116821289,0.18845486111111112
7-1T3.mp4,339,11.320425679542202,26.590822219848633,33.330902099609375,0.09569660690794898,8.86954116821289,0.18845486111111112
7-1T3.mp4,340,11.353819265617549,130.3247833251953,104.97947692871094,0.03488768589760921,9.16585636138916,0.8374479166666666
7-1T3.mp4,341,11.387212851692894,130.3247833251953,104.97947692871094,0.03488768589760921,9.16585636138916,0.8374479166666666
7-1T3.mp4,342,11.42060643776824,110.2062759399414,75.6694107055664,0.03352274668885717,6.92524528503418,0.6536458333333334
7-1T3.mp4,343,11.454000023843586,110.2062759399414,75.6694107055664,0.03352274668885717,6.92524528503418,0.6536458333333334
7-1T3.mp4,344,11.487393609918932,84.62577819824219,62.630123138427734,0.03272022290266877,6.477548599243164,0.5014756944444444
7-1T3.mp4,345,11.520787195994277,84.62577819824219,62.630123138427734,0.03272022290266877,6.477548599243164,0.5014756944444444
7-1T3.mp4,346,11.554180782069624,82.877197265625,100.48038482666016,0.0945084846579796,9.594328880310059,0.64125
7-1T3.mp4,347,11.587574368144969,82.877197265625,100.48038482666016,0.0945084846579796,9.594328880310059,0.64125
7-1T3.mp4,348,11.620967954220314,107.52729034423828,116.04288482666016,0.06537078901300371,9.102825164794922,0.7908506944444444
7-1T3.mp4,349,11.65436154029566,107.52729034423828,116.04288482666016,0.06537078901300371,9.102825164794922,0.7908506944444444
7-1T3.mp4,350,11.687755126371005,10.142001152038574,54.241615295410156,0.29494892082787255,11.996533393859863,0.18788194444444445
7-1T3.mp4,351,11.721148712446352,10.142001152038574,54.241615295410156,0.29494892082787255,11.996533393859863,0.18788194444444445
7-1T3.mp4,352,11.754542298521697,21.682153701782227,77.3211898803711,0.133668938453251,14.416133880615234,0.32395833333333335
7-1T3.mp4,353,11.787935884597044,21.682153701782227,77.3211898803711,0.133668938453251,14.416133880615234,0.32395833333333335
7-1T3.mp4,354,11.821329470672389,80.46558380126953,56.48207473754883,0.04329365288086055,7.297154426574707,0.48369791666666667
7-1T3.mp4,355,11.854723056747735,80.46558380126953,56.48207473754883,0.04329365288086055,7.297154426574707,0.48369791666666667
7-1T3.mp4,356,11.88811664282308,50.174705505371094,48.00529479980469,0.0257303795359998,7.76753044128418,0.3331076388888889
7-1T3.mp4,357,11.921510228898427,50.174705505371094,48.00529479980469,0.0257303795359998,7.76753044128418,0.3331076388888889
7-1T3.mp4,358,11.954903814973772,112.27910614013672,115.60640716552734,0.15764191605019154,7.045650959014893,0.78828125
7-1T3.mp4,359,11.988297401049117,112.27910614013672,115.60640716552734,0.15764191605019154,7.045650959014893,0.78828125
7-1T3.mp4,360,12.021690987124463,124.3384017944336,98.42970275878906,0.15606642359210637,11.66557788848877,0.7872743055555556
7-1T3.mp4,361,12.055084573199808,124.3384017944336,98.42970275878906,0.15606642359210637,11.66557788848877,0.7872743055555556
7-1T3.mp4,362,12.088478159275155,25.197378158569336,82.08574676513672,0.160179480523053,10.815410614013672,0.3536284722222222
7-1T3.mp4,363,12.1218717453505,25.197378158569336,82.08574676513672,0.160179480523053,10.815410614013672,0.3536284722222222
7-1T3.mp4,364,12.155265331425847,55.14077377319336,91.10679626464844,0.11433193828119342,10.598931312561035,0.50625
7-1T3.mp4,365,12.188658917501192,55.14077377319336,91.10679626464844,0.11433193828119342,10.598931312561035,0.50625
7-1T3.mp4,366,12.222052503576538,88.30353546142578,107.17931365966797,0.06920656024782991,9.408616065979004,0.6791493055555555
7-1T3.mp4,367,12.255446089651883,88.30353546142578,107.17931365966797,0.06920656024782991,9.408616065979004,0.6791493055555555
7-1T3.mp4,368,12.288839675727228,22.239704132080078,40.71660614013672,0.2809781492847439,16.153656005859375,0.1832638888888889
7-1T3.mp4,369,12.322233261802575,22.239704132080078,40.71660614013672,0.2809781492847439,16.153656005859375,0.1832638888888889
7-1T3.mp4,370,12.35562684787792,14.328888893127441,55.28763198852539,0.04341356347497232,7.577752590179443,0.22697916666666668
7-1T3.mp4,371,12.389020433953267,14.328888893127441,55.28763198852539,0.04341356347497232,7.577752590179443,0.22697916666666668
7-1T3.mp4,372,12.422414020028612,105.17633819580078,67.63796997070312,0.04982323036932207,7.315438270568848,0.6202604166666666
7-1T3.mp4,373,12.455807606103958,105.17633819580078,67.63796997070312,0.04982323036932207,7.315438270568848,0.6202604166666666
7-1T3.mp4,374,12.489201192179303,134.83950805664062,133.6160888671875,0.020300889370728742,10.849103927612305,0.9682118055555555
7-1T3.mp4,375,12.52259477825465,134.83950805664062,133.6160888671875,0.020300889370728742,10.849103927612305,0.9682118055555555
7-1T3.mp4,376,12.555988364329995,92.8523941040039,98.26115417480469,0.07681549622660398,12.401095390319824,0.6727777777777778
7-1T3.mp4,377,12.589381950405341,92.8523941040039,98.26115417480469,0.07681549622660398,12.401095390319824,0.6727777777777778
7-1T3.mp4,378,12.622775536480686,112.53177642822266,122.9844970703125,0.32463695479839816,12.350111961364746,0.8032986111111111
7-1T3.mp4,379,12.656169122556031,112.53177642822266,122.9844970703125,0.32463695479839816,12.350111961364746,0.8032986111111111
7-1T3.mp4,380,12.689562708631378,11.399442672729492,55.849063873291016,0.09272772106637871,8.59640884399414,0.2148263888888889
7-1T3.mp4,381,12.722956294706723,11.399442672729492,55.849063873291016,0.09272772106637871,8.59640884399414,0.2148263888888889
7-1T3.mp4,382,12.75634988078207,35.24397277832031,80.58475494384766,0.11101699523414345,19.088706970214844,0.38414930555555554
7-1T3.mp4,383,12.789743466857415,35.24397277832031,80.58475494384766,0.11101699523414345,19.088706970214844,0.38414930555555554
7-1T3.mp4,384,12.823137052932761,74.89017486572266,54.03137969970703,0.026661762107831295,8.488164901733398,0.4502777777777778
7-1T3.mp4,385,12.856530639008106,74.89017486572266,54.03137969970703,0.026661762107831295,8.488164901733398,0.4502777777777778
7-1T3.mp4,386,12.889924225083453,45.58631134033203,36.700347900390625,0.0310342409804684,6.133134365081787,0.28229166666666666
7-1T3.mp4,387,12.923317811158798,45.58631134033203,36.700347900390625,0.0310342409804684,6.133134365081787,0.28229166666666666
7-1T3.mp4,388,12.956711397234145,120.54310607910156,104.02581024169922,0.3101279848301903,11.782344818115234,0.7819791666666667
7-1T3.mp4,389,12.99010498330949,120.54310607910156,104.02581024169922,0.3101279848301903,11.782344818115234,0.7819791666666667
7-1T3.mp4,390,13.023498569384834,121.79944610595703,88.9488296508789,0.16011895630506875,9.226906776428223,0.7406944444444444
7-1T3.mp4,391,13.056892155460181,121.79944610595703,88.9488296508789,0.16011895630506875,9.226906776428223,0.7406944444444444
7-1T3.mp4,392,13.090285741535526,34.587764739990234,79.29503631591797,0.14176656800508672,8.511279106140137,0.3805381944444444
7-1T3.mp4,393,13.123679327610873,34.587764739990234,79.29503631591797,0.14176656800508672,8.511279106140137,0.3805381944444444
7-1T3.mp4,394,13.157072913686218,68.0599594116211,88.31591033935547,0.09978078762482097,10.238032341003418,0.5438194444444444
7-1T3.mp4,395,13.190466499761564,68.0599594116211,88.31591033935547,0.09978078762482097,10.238032341003418,0.5438194444444444
7-1T3.mp4,396,13.22386008583691,41.6234130859375,40.71298599243164,0.04568120375221844,8.088459014892578,0.27414930555555556
7-1T3.mp4,397,13.257253671912256,41.6234130859375,40.71298599243164,0.04568120375221844,8.088459014892578,0.27414930555555556
7-1T3.mp4,398,13.290647257987601,17.72425079345703,43.45185852050781,0.24645864288316047,15.718161582946777,0.1622048611111111
7-1T3.mp4,399,13.324040844062948,17.72425079345703,43.45185852050781,0.24645864288316047,15.718161582946777,0.1622048611111111
7-1T3.mp4,400,13.357434430138293,16.559938430786133,60.08966827392578,0.11004912627173079,8.113311767578125,0.25527777777777777
7-1T3.mp4,401,13.390828016213637,16.559938430786133,60.08966827392578,0.11004912627173079,8.113311767578125,0.25527777777777777
7-1T3.mp4,402,13.424221602288984,99.90061950683594,64.25352478027344,0.036660656502390455,8.691741943359375,0.5807118055555556
7-1T3.mp4,403,13.45761518836433,99.90061950683594,64.25352478027344,0.036660656502390455,8.691741943359375,0.5807118055555556
7-1T3.mp4,404,13.491008774439676,0.544506847858429,1.9199739694595337,0.2497706882253348,7.4845170974731445,0.0
7-1T3.mp4,405,13.52440236051502,0.544506847858429,1.9199739694595337,0.2497706882253348,7.4845170974731445,0.0
7-1T3.mp4,406,13.557795946590367,0.4812980592250824,1.3930381536483765,0.5204930824525756,9.839325904846191,0.0
7-1T3.mp4,407,13.591189532665712,0.4812980592250824,1.3930381536483765,0.5204930824525756,9.839325904846191,0.0
7-1T3.mp4,408,13.624583118741059,0.28197285532951355,0.1986197978258133,0.6201140880584717,10.870885848999023,0.0
7-1T3.mp4,409,13.657976704816404,0.28197285532951355,0.1986197978258133,0.6201140880584717,10.870885848999023,0.0
7-1T3.mp4,410,13.69137029089175,0.2118162363767624,0.13363716006278992,0.42395833134651184,9.173982620239258,0.0
7-1T3.mp4,411,13.724763876967096,0.2118162363767624,0.13363716006278992,0.42395833134651184,9.173982620239258,0.0
7-1T3.mp4,412,13.75815746304244,0.08183040469884872,0.05183159559965134,0.38964784145355225,8.651268005371094,0.0
7-1T3.mp4,413,13.791551049117787,0.08183040469884872,0.05183159559965134,0.38964784145355225,8.651268005371094,0.0
7-1T3.mp4,414,13.824944635193132,0.046006735414266586,0.008576388470828533,0.11331349611282349,6.258419990539551,0.0
7-1T3.mp4,415,13.858338221268479,0.046006735414266586,0.008576388470828533,0.11331349611282349,6.258419990539551,0.0
7-1T3.mp4,416,13.891731807343824,0.033691126853227615,0.003585069440305233,0.06697916239500046,3.395364284515381,0.0
7-1T3.mp4,417,13.92512539341917,0.033691126853227615,0.003585069440305233,0.06697916239500046,3.395364284515381,0.0
7-1T3.mp4,418,13.958518979494515,0.05037989839911461,0.0003645833348855376,0.02237599529325962,2.477936029434204,0.0
7-1T3.mp4,419,13.991912565569862,0.05037989839911461,0.0003645833348855376,0.02237599529325962,2.477936029434204,0.0
7-1T3.mp4,420,14.025306151645207,0.02531319484114647,6.944444612599909e-05,0.01150793768465519,3.1982409954071045,0.0
7-1T3.mp4,421,14.058699737720552,0.02531319484114647,6.944444612599909e-05,0.01150793768465519,3.1982409954071045,0.0
7-1T3.mp4,422,14.092093323795899,0.010416666977107525,0.0,0.0,0.0,0.0
7-1T3.mp4,423,14.125486909871244,0.010416666977107525,0.0,0.0,0.0,0.0
7-1T3.mp4,424,14.15888049594659,0.011493055149912834,0.0,0.0,0.0,0.0
7-1T3.mp4,425,14.192274082021935,0.011493055149912834,0.0,0.0,0.0,0.0
7-1T3.mp4,426,14.225667668097282,0.11027777940034866,0.0,0.0,0.0,0.0
7-1T3.mp4,427,14.259061254172627,0.11027777940034866,0.0,0.0,0.0,0.0
7-1T3.mp4,428,14.292454840247974,0.03913194313645363,0.0,0.0,0.0,0.0
7-1T3.mp4,429,14.325848426323319,0.03913194313645363,0.0,0.0,0.0,0.0
7-1T3.mp4,430,14.359242012398665,0.10491319745779037,0.0,0.0,0.0,0.0
7-1T3.mp4,431,14.39263559847401,0.10491319745779037,0.0,0.0,0.0,0.0
7-1T3.mp4,432,14.426029184549355,0.10581596940755844,0.0,0.0,0.0,0.0
7-1T3.mp4,433,14.459422770624702,0.10581596940755844,0.0,0.0,0.0,0.0
7-1T3.mp4,434,14.492816356700047,0.09425347298383713,0.0,0.0,0.0,0.0
7-1T3.mp4,435,14.526209942775393,0.09425347298383713,0.0,0.0,0.0,0.0
7-1T3.mp4,436,14.559603528850738,0.1189236119389534,0.0,0.0,0.0,0.0
7-1T3.mp4,437,14.592997114926085,0.1189236119389534,0.0,0.0,0.0,0.0
7-1T3.mp4,438,14.62639070100143,0.10574652999639511,0.0,0.0,0.0,0.0
7-1T3.mp4,439,14.659784287076777,0.10574652999639511,0.0,0.0,0.0,0.0
7-1T3.mp4,440,14.693177873152122,0.08217013627290726,0.0,0.0,0.0,0.0
7-1T3.mp4,441,14.726571459227468,0.08217013627290726,0.0,0.0,0.0,0.0
7-1T3.mp4,442,14.759965045302813,0.037361111491918564,0.0,0.0,0.0,0.0
7-1T3.mp4,443,14.793358631378158,0.037361111491918564,0.0,0.0,0.0,0.0
7-1T3.mp4,444,14.826752217453505,0.028194444254040718,0.0,0.0,0.0,0.0
7-1T3.mp4,445,14.86014580352885,0.028194444254040718,0.0,0.0,0.0,0.0
7-1T3.mp4,446,14.893539389604197,0.026857638731598854,0.0,0.0,0.0,0.0
7-1T3.mp4,447,14.926932975679541,0.026857638731598854,0.0,0.0,0.0,0.0
7-1T3.mp4,448,14.960326561754888,0.01699652709066868,0.0,0.0,0.0,0.0
7-1T3.mp4,449,14.993720147830233,0.01699652709066868,0.0,0.0,0.0,0.0
7-1T3.mp4,450,15.02711373390558,0.01536458358168602,0.0,0.0,0.0,0.0
7-1T3.mp4,451,15.060507319980925,0.01536458358168602,0.0,0.0,0.0,0.0
7-1T3.mp4,452,15.093900906056271,0.011961805634200573,0.0,0.0,0.0,0.0
7-1T3.mp4,453,15.127294492131616,0.011961805634200573,0.0,0.0,0.0,0.0
7-1T3.mp4,454,15.160688078206961,0.007222222164273262,0.0,0.0,0.0,0.0
7-1T3.mp4,455,15.194081664282308,0.007222222164273262,0.0,0.0,0.0,0.0
7-1T3.mp4,456,15.227475250357653,0.007951389066874981,0.0,0.0,0.0,0.0
7-1T3.mp4,457,15.260868836433,0.007951389066874981,0.0,0.0,0.0,0.0
7-1T3.mp4,458,15.294262422508345,0.0065104165114462376,0.0,0.0,0.0,0.0
7-1T3.mp4,459,15.327656008583691,0.0065104165114462376,0.0,0.0,0.0,0.0
7-1T3.mp4,460,15.361049594659036,0.0048784720711410046,0.0,0.0,0.0,0.0
7-1T3.mp4,461,15.394443180734383,0.0048784720711410046,0.0,0.0,0.0,0.0
7-1T3.mp4,462,15.427836766809728,0.008628472685813904,0.0,0.0,0.0,0.0
7-1T3.mp4,463,15.461230352885073,0.008628472685813904,0.0,0.0,0.0,0.0
7-1T3.mp4,464,15.49462393896042,0.009097222238779068,0.0,0.0,0.0,0.0
7-1T3.mp4,465,15.528017525035764,0.009722222574055195,0.0,0.0,0.0,0.0
7-1T3.mp4,466,15.561411111111111,0.0073437499813735485,0.0,0.0,0.0,0.0
7-1T4.mp4,0,0.0,0.0,0.0,0.0,0.0,0.0
7-1T4.mp4,1,0.03332275373323209,0.0,0.0,0.0,0.0,0.0
7-1T4.mp4,2,0.06664550746646418,0.0,0.0,0.0,0.0,0.0
7-1T4.mp4,3,0.09996826119969628,0.14638888835906982,0.0,0.0,0.0,0.0
7-1T4.mp4,4,0.13329101493292836,0.07972222566604614,0.0,0.0,0.0,0.0
7-1T4.mp4,5,0.16661376866616046,0.3543402850627899,0.0,0.0,0.0,0.0
7-1T4.mp4,6,0.19993652239939255,0.1207118034362793,0.0,0.0,0.0,0.0
7-1T4.mp4,7,0.23325927613262465,0.3022395968437195,0.0,0.0,0.0,0.0
7-1T4.mp4,8,0.2665820298658567,0.23093749582767487,0.0,0.0,0.0,0.0
7-1T4.mp4,9,0.29990478359908884,0.27199652791023254,0.0,0.0,0.0,0.0
7-1T4.mp4,10,0.3332275373323209,0.2637326419353485,0.0,0.0,0.0,0.0
7-1T4.mp4,11,0.36655029106555304,0.2702951431274414,0.0,0.0,0.0,0.0
7-1T4.mp4,12,0.3998730447987851,0.21536459028720856,0.0,0.0,0.0,0.0
7-1T4.mp4,13,0.43319579853201723,0.23038195073604584,0.0,0.0,0.0,0.0
7-1T4.mp4,14,0.4665185522652493,0.19652777910232544,0.0,0.0,0.0,0.0
7-1T4.mp4,15,0.49984130599848137,0.2854687571525574,0.0,0.0,0.0,0.0
7-1T4.mp4,16,0.5331640597317134,0.2993229031562805,0.0,0.0,0.0,0.0
7-1T4.mp4,17,0.5664868134649456,0.27638888359069824,0.0,0.0,0.0,0.0
7-1T4.mp4,18,0.5998095671981777,0.22942708432674408,0.0,0.0,0.0,0.0
7-1T4.mp4,19,0.6331323209314098,0.27694445848464966,0.0,0.0,0.0,0.0
7-1T4.mp4,20,0.6664550746646418,0.2447916716337204,0.0,0.0,0.0,0.0
7-1T4.mp4,21,0.699777828397874,0.2822395861148834,0.0,0.0,0.0,0.0
7-1T4.mp4,22,0.7331005821311061,0.25322917103767395,0.0,0.0,0.0,0.0
7-1T4.mp4,23,0.7664233358643381,0.2892708480358124,0.0,0.0,0.0,0.0
7-1T4.mp4,24,0.7997460895975702,0.24949653446674347,0.0,0.0,0.0,0.0
7-1T4.mp4,25,0.8330688433308023,0.10618055611848831,0.0,0.0,0.0,0.0
7-1T4.mp4,26,0.8663915970640345,0.18835069239139557,0.0,0.0,0.0,0.0
7-1T4.mp4,27,0.8997143507972665,0.29690971970558167,0.0,0.0,0.0,0.0
7-1T4.mp4,28,0.9330371045304986,0.1471875011920929,0.0,0.0,0.0,0.0
7-1T4.mp4,29,0.9663598582637307,0.27699652314186096,0.0,0.0,0.0,0.0
7-1T4.mp4,30,0.9996826119969627,0.2532465159893036,0.0,0.0,0.0,0.0
7-1T4.mp4,31,1.033005365730195,0.22501735389232635,0.0,0.0,0.0,0.0
7-1T4.mp4,32,1.0663281194634269,0.27008679509162903,0.0,0.0,0.0,0.0
7-1T4.mp4,33,1.099650873196659,0.2742013931274414,0.0,0.0,0.0,0.0
7-1T4.mp4,34,1.1329736269298911,0.24699652194976807,0.0,0.0,0.0,0.0
7-1T4.mp4,35,1.1662963806631232,0.1557117998600006,0.0,0.0,0.0,0.0
7-1T4.mp4,36,1.1996191343963554,0.22355902194976807,0.0,0.0,0.0,0.0
7-1T4.mp4,37,1.2329418881295875,0.2848958373069763,0.0,0.0,0.0,0.0
7-1T4.mp4,38,1.2662646418628196,0.2592708468437195,0.0,0.0,0.0,0.0
7-1T4.mp4,39,1.2995873955960515,0.2992187440395355,0.0,0.0,0.0,0.0
7-1T4.mp4,40,1.3329101493292836,0.25565972924232483,0.0,0.0,0.0,0.0
7-1T4.mp4,41,1.3662329030625158,0.2516319453716278,0.0,0.0,0.0,0.0
7-1T4.mp4,42,1.399555656795748,0.2798958420753479,0.0,0.0,0.0,0.0
7-1T4.mp4,43,1.43287841052898,0.3044097125530243,0.0,0.0,0.0,0.0
7-1T4.mp4,44,1.4662011642622121,0.24741318821907043,0.0,0.0,0.0,0.0
7-1T4.mp4,45,1.4995239179954443,0.26635417342185974,0.0,0.0,0.0,0.0
7-1T4.mp4,46,1.5328466717286762,0.2722048759460449,0.0,0.0,0.0,0.0
7-1T4.mp4,47,1.5661694254619083,0.3507986068725586,0.0,0.0,0.0,0.0
7-1T4.mp4,48,1.5994921791951404,0.31052082777023315,0.0,0.0,0.0,0.0
7-1T4.mp4,49,1.6328149329283725,0.32201388478279114,0.0,0.0,0.0,0.0
7-1T4.mp4,50,1.6661376866616047,0.3035416603088379,0.0,0.0,0.0,0.0
7-1T4.mp4,51,1.6994604403948368,0.3899652659893036,0.0,0.0,0.0,0.0
7-1T4.mp4,52,1.732783194128069,0.30482637882232666,0.0,0.0,0.0,0.0
7-1T4.mp4,53,1.7661059478613008,0.14407986402511597,0.0,0.0,0.0,0.0
7-1T4.mp4,54,1.799428701594533,0.2792361080646515,0.0,0.0,0.0,0.0
7-1T4.mp4,55,1.832751455327765,0.3358854055404663,0.0,0.0,0.0,0.0
7-1T4.mp4,56,1.8660742090609972,0.3001388907432556,0.0,0.0,0.0,0.0
7-1T4.mp4,57,1.8993969627942293,0.27503472566604614,0.0,0.0,0.0,0.0
7-1T4.mp4,58,1.9327197165274614,0.3027257025241852,0.0,0.0,0.0,0.0
7-1T4.mp4,59,1.9660424702606936,0.31013888120651245,0.0,0.0,0.0,0.0
7-1T4.mp4,60,1.9993652239939255,0.2987673580646515,0.0,0.0,0.0,0.0
7-1T4.mp4,61,2.0326879777271576,0.23715278506278992,0.0,0.0,0.0,0.0
7-1T4.mp4,62,2.06601073146039,0.28756943345069885,0.0,0.0,0.0,0.0
7-1T4.mp4,63,2.099333485193622,0.30758681893348694,0.0,0.0,0.0,0.0
7-1T4.mp4,64,2.1326562389268537,0.27335068583488464,0.0,0.0,0.0,0.0
7-1T4.mp4,65,2.165978992660086,0.15317708253860474,0.0,0.0,0.0,0.0
7-1T4.mp4,66,2.199301746393318,0.0521354153752327,0.0,0.0,0.0,0.0
7-1T4.mp4,67,2.2326245001265503,0.17989583313465118,0.0,0.0,0.0,0.0
7-1T4.mp4,68,2.2659472538597822,0.09638889133930206,0.0,0.0,0.0,0.0
7-1T4.mp4,69,2.2992700075930146,0.2657812535762787,0.0,0.0,0.0,0.0
7-1T4.mp4,70,2.3325927613262465,0.25723958015441895,0.0,0.0,0.0,0.0
7-1T4.mp4,71,2.3659155150594784,0.31930556893348694,0.0,0.0,0.0,0.0
7-1T4.mp4,72,2.3992382687927107,0.2808159589767456,0.0,0.0,0.0,0.0
7-1T4.mp4,73,2.4325610225259426,0.3267534673213959,0.0,0.0,0.0,0.0
7-1T4.mp4,74,2.465883776259175,0.1280381977558136,0.0,0.0,0.0,0.0
7-1T4.mp4,75,2.499206529992407,0.2539583444595337,0.0,0.0,0.0,0.0
7-1T4.mp4,76,2.5325292837256392,0.23836804926395416,0.0,0.0,0.0,0.0
7-1T4.mp4,77,2.565852037458871,0.12654514610767365,0.0,0.0,0.0,0.0
7-1T4.mp4,78,2.599174791192103,0.10486111044883728,0.0,0.0,0.0,0.0
7-1T4.mp4,79,2.6324975449253354,0.10300347208976746,0.0,0.0,0.0,0.0
7-1T4.mp4,80,2.6658202986585673,0.2619791626930237,0.0,0.0,0.0,0.0
7-1T4.mp4,81,2.6991430523917996,0.2839756906032562,0.0,0.0,0.0,0.0
7-1T4.mp4,82,2.7324658061250315,0.24427083134651184,0.0,0.0,0.0,0.0
7-1T4.mp4,83,2.765788559858264,0.31383681297302246,0.0,0.0,0.0,0.0
7-1T4.mp4,84,2.799111313591496,0.2846701443195343,0.0,0.0,0.0,0.0
7-1T4.mp4,85,2.8324340673247277,0.2745659649372101,0.0,0.0,0.0,0.0
7-1T4.mp4,86,2.86575682105796,0.11065971851348877,0.0,0.0,0.0,0.0
7-1T4.mp4,87,2.899079574791192,0.2305208295583725,0.0,0.0,0.0,0.0
7-1T4.mp4,88,2.9324023285244243,0.24472221732139587,0.0,0.0,0.0,0.0
7-1T4.mp4,89,2.965725082257656,152.5921173095703,20.064756393432617,0.11620175141855693,7.445616722106934,0.6472395833333333
7-1T4.mp4,90,2.9990478359908885,132.90086364746094,15.782039642333984,0.11012425467910045,5.1645379066467285,0.5577951388888889
7-1T4.mp4,91,3.0323705897241204,118.62202453613281,15.420546531677246,0.1308546346716402,5.750089168548584,0.5065625
7-1T4.mp4,92,3.0656933434573523,95.68977355957031,14.605477333068848,0.07088043990963482,7.1292853355407715,0.40335069444444444
7-1T4.mp4,93,3.0990160971905847,115.75431060791016,75.51649475097656,0.09539062649585386,10.9400053024292,0.63609375
7-1T4.mp4,94,3.1323388509238166,135.8802490234375,81.15338897705078,0.1167662917103876,7.991555690765381,0.7322743055555555
7-1T4.mp4,95,3.165661604657049,145.37355041503906,85.72673797607422,0.12474962444611659,9.349058151245117,0.77578125
7-1T4.mp4,96,3.198984358390281,21.1219425201416,13.46490478515625,0.15733737763983244,8.20129680633545,0.08935763888888888
7-1T4.mp4,97,3.232307112123513,20.514963150024414,46.55646514892578,0.2442862198804409,9.376930236816406,0.1884375
7-1T4.mp4,98,3.265629865856745,31.64503288269043,57.54526138305664,0.21253766709256475,12.660728454589844,0.26765625
7-1T4.mp4,99,3.298952619589977,42.975650787353516,62.69308853149414,0.15862365725589095,16.8538761138916,0.31222222222222223
7-1T4.mp4,100,3.3322753733232093,62.43020248413086,68.03173065185547,0.1024657841075847,10.412139892578125,0.41954861111111114
7-1T4.mp4,101,3.3655981270564412,102.40863037109375,31.853351593017578,0.062317472874676184,4.79729700088501,0.45984375
7-1T4.mp4,102,3.3989208807896736,84.7813949584961,28.326059341430664,0.04629181471123774,7.615841865539551,0.378125
7-1T4.mp4,103,3.4322436345229055,67.97428131103516,25.834365844726562,0.04393314060729868,6.258969306945801,0.3067534722222222
7-1T4.mp4,104,3.465566388256138,47.16313934326172,21.415000915527344,0.05998943910611292,7.215172290802002,0.21694444444444444
7-1T4.mp4,105,3.4988891419893697,197.45428466796875,54.55202102661133,0.053142470012009564,7.544362545013428,0.8900694444444445
7-1T4.mp4,106,3.5322118957226016,177.92449951171875,47.0760498046875,0.4375864103089519,11.462372779846191,0.7625694444444444
7-1T4.mp4,107,3.565534649455834,174.71258544921875,36.50843048095703,0.35108650032414995,9.85938549041748,0.7370486111111111
7-1T4.mp4,108,3.598857403189066,159.8957061767578,26.062047958374023,0.11679874479781269,7.399035453796387,0.6569965277777777
7-1T4.mp4,109,3.6321801569222982,142.0311279296875,19.0545654296875,0.11841402794200583,7.011833190917969,0.5747048611111111
7-1T4.mp4,110,3.66550291065553,80.1405029296875,49.2550163269043,0.13386637333829426,13.62447738647461,0.4266666666666667
7-1T4.mp4,111,3.6988256643887625,100.15479278564453,48.1548957824707,0.1350452015436432,11.821922302246094,0.5164236111111111
7-1T4.mp4,112,3.7321484181219944,105.76221466064453,75.61619567871094,0.08286757064864533,8.125829696655273,0.5914930555555555
7-1T4.mp4,113,3.7654711718552263,60.11621856689453,24.390512466430664,0.0388859144390546,7.670969486236572,0.2639930555555556
7-1T4.mp4,114,3.7987939255884586,52.204166412353516,10.662230491638184,0.051087326023116005,4.893230438232422,0.21373263888888888
7-1T4.mp4,115,3.8321166793216905,37.93655014038086,23.437925338745117,0.12970505061574328,10.426410675048828,0.1830034722222222
7-1T4.mp4,116,3.865439433054923,27.324172973632812,36.157344818115234,0.28053844163571995,13.468396186828613,0.18800347222222222
7-1T4.mp4,117,3.898762186788155,30.919479370117188,42.14811706542969,0.20968248520505114,10.298376083374023,0.22416666666666665
7-1T4.mp4,118,3.932084940521387,160.06613159179688,25.80263900756836,0.1215457134269129,6.861878395080566,0.6568576388888889
7-1T4.mp4,119,3.965407694254619,142.72158813476562,19.895694732666016,0.10067533653315777,7.733914375305176,0.5814930555555555
7-1T4.mp4,120,3.998730447987851,121.9379653930664,17.279834747314453,0.20305744402953835,6.075242519378662,0.49515625
7-1T4.mp4,121,4.032053201721083,99.32149505615234,15.51376724243164,0.1201968392906158,5.814453601837158,0.4083159722222222
7-1T4.mp4,122,4.065375955454315,201.59474182128906,60.67603302001953,0.03261980717166896,27.00552749633789,0.9357986111111111
7-1T4.mp4,123,4.0986987091875475,142.7278289794922,53.645477294921875,0.11364737205451278,9.735013961791992,0.6984027777777778
7-1T4.mp4,124,4.13202146292078,163.49554443359375,58.10094451904297,0.20109817163768792,10.781600952148438,0.7982986111111111
7-1T4.mp4,125,4.165344216654011,173.3088836669922,47.87860107421875,0.42841439440851253,11.993651390075684,0.78234375
7-1T4.mp4,126,4.198666970387244,183.97164916992188,33.99957275390625,0.2537582439301541,7.866410732269287,0.7953298611111111
7-1T4.mp4,127,4.231989724120476,33.57310485839844,39.89642333984375,0.18218608083527893,13.115397453308105,0.2260763888888889
7-1T4.mp4,128,4.2653124778537075,52.58861541748047,44.602874755859375,0.23416183492080234,10.96994400024414,0.29454861111111114
7-1T4.mp4,129,4.29863523158694,64.17190551757812,64.50237274169922,0.12673491367257841,10.075868606567383,0.3763888888888889
7-1T4.mp4,130,4.331957985320172,121.3284912109375,19.93108558654785,0.058359241203741266,8.780799865722656,0.5191145833333334
7-1T4.mp4,131,4.3652807390534045,98.95699310302734,17.690095901489258,0.05291866350495202,8.079170227050781,0.4192534722222222
7-1T4.mp4,132,4.398603492786636,80.12158203125,10.684114456176758,0.09985228108175646,5.837347030639648,0.3201909722222222
7-1T4.mp4,133,4.431926246519868,55.88203048706055,11.116666793823242,0.10880670732569334,6.109683036804199,0.2365972222222222
7-1T4.mp4,134,4.465249000253101,45.078460693359375,14.204635620117188,0.37795507096523334,7.723310470581055,0.19085069444444444
7-1T4.mp4,135,4.498571753986332,178.60191345214844,40.58742904663086,0.41161255324848395,12.653800010681152,0.75875
7-1T4.mp4,136,4.5318945077195645,181.8401336669922,30.96084976196289,0.4014162105477934,10.71163558959961,0.7590451388888889
7-1T4.mp4,137,4.565217261452797,169.91456604003906,21.869131088256836,0.1756831996907539,7.100711822509766,0.7043402777777777
7-1T4.mp4,138,4.598540015186029,154.8147735595703,18.684280395507812,0.22933933893319217,10.308114051818848,0.6325868055555556
7-1T4.mp4,139,4.631862768919261,204.2006072998047,58.10527801513672,0.032578500899667906,21.322673797607422,0.9265972222222222
7-1T4.mp4,140,4.665185522652493,99.36170959472656,44.56157302856445,0.15236967313568303,9.589216232299805,0.48375
7-1T4.mp4,141,4.698508276385725,119.28510284423828,45.004573822021484,0.14440141307300078,14.748133659362793,0.5543576388888889
7-1T4.mp4,142,4.731831030118957,133.17164611816406,52.27132797241211,0.11859490004937738,8.22417163848877,0.5627777777777778
7-1T4.mp4,143,4.765153783852189,158.0592498779297,49.160701751708984,0.11967244056388553,7.748994827270508,0.6783506944444444
7-1T4.mp4,144,4.7984765375854215,38.768516540527344,22.611103057861328,0.1477873716319219,8.733086585998535,0.18612847222222223
7-1T4.mp4,145,4.831799291318654,30.104705810546875,31.12639808654785,0.23288928598628786,13.200324058532715,0.18229166666666666
7-1T4.mp4,146,4.865122045051885,22.841596603393555,41.2945671081543,0.2623643903421621,9.91412353515625,0.18649305555555556
7-1T4.mp4,147,4.898444798785118,167.39773559570312,20.805997848510742,0.10712741471294306,6.771255970001221,0.6783854166666666
7-1T4.mp4,148,4.93176755251835,147.38291931152344,18.474079132080078,0.13789186142549442,7.105932235717773,0.5926041666666667
7-1T4.mp4,149,4.965090306251581,133.5706024169922,11.674635887145996,0.11942122459726198,4.504837989807129,0.5257118055555555
7-1T4.mp4,150,4.998413059984814,114.86479949951172,10.88440990447998,0.12910836493614053,7.0431437492370605,0.4500173611111111
7-1T4.mp4,151,5.031735813718046,92.27561950683594,10.150928497314453,0.20023281507693785,9.0789213180542,0.3719618055555556
7-1T4.mp4,152,5.0650585674512785,146.362060546875,42.556312561035156,0.1468648869773364,11.5732421875,0.6190277777777777
7-1T4.mp4,153,5.09838132118451,159.1129150390625,50.13138961791992,0.16035408881263052,9.568541526794434,0.6940277777777778
7-1T4.mp4,154,5.131704074917742,173.0731964111328,48.407440185546875,0.35960783694096093,9.614578247070312,0.7344097222222222
7-1T4.mp4,155,5.165026828650975,179.89073181152344,39.82614517211914,0.4597907143963825,9.121280670166016,0.7460763888888889
7-1T4.mp4,156,5.198349582384206,205.2658233642578,54.766685485839844,0.046129964374871955,10.116593360900879,0.9123958333333333
7-1T4.mp4,157,5.231672336117438,44.726097106933594,43.170738220214844,0.30408117159260045,12.64840316772461,0.25979166666666664
7-1T4.mp4,158,5.264995089850671,65.82524871826172,46.32649230957031,0.18834968962826948,10.092605590820312,0.3492708333333333
7-1T4.mp4,159,5.298317843583903,88.45960235595703,47.110015869140625,0.19851449569733737,11.898908615112305,0.43352430555555554
7-1T4.mp4,160,5.331640597317135,103.9072036743164,60.350990295410156,0.05255573928831867,11.687799453735352,0.5434722222222222
7-1T4.mp4,161,5.364963351050367,91.49102783203125,13.87298583984375,0.0811032255493425,8.85685920715332,0.36303819444444446
7-1T4.mp4,162,5.398286104783599,69.26007080078125,11.353602409362793,0.05967199621548775,6.138827800750732,0.2684201388888889
7-1T4.mp4,163,5.431608858516831,47.59484100341797,11.466684341430664,0.3080906414954839,4.049294948577881,0.19237847222222224
7-1T4.mp4,164,5.464931612250063,195.44692993164062,49.91997528076172,0.0574246884113272,6.888983249664307,0.8501736111111111
7-1T4.mp4,165,5.498254365983295,182.2575225830078,41.26773452758789,0.44897313931571975,10.668566703796387,0.7660243055555556
7-1T4.mp4,166,5.531577119716528,174.1067352294922,28.70588493347168,0.28730596702376227,7.357700347900391,0.7262152777777777
7-1T4.mp4,167,5.564899873449759,155.94923400878906,22.826181411743164,0.13597417690901,6.08246374130249,0.64578125
7-1T4.mp4,168,5.598222627182992,137.93092346191406,17.194236755371094,0.12962233186705144,9.107481002807617,0.5461284722222223
7-1T4.mp4,169,5.631545380916224,71.9352798461914,67.36157989501953,0.13287271426743358,13.848173141479492,0.42743055555555554
7-1T4.mp4,170,5.664868134649455,90.18189239501953,74.26305389404297,0.10742892271050838,12.172212600708008,0.511875
7-1T4.mp4,171,5.698190888382688,111.93283081054688,78.40423583984375,0.093013532834044,11.835265159606934,0.6162152777777777
7-1T4.mp4,172,5.73151364211592,138.3084259033203,73.36624908447266,0.14386895905322103,10.53101634979248,0.7027083333333334
7-1T4.mp4,173,5.764836395849152,162.14361572265625,56.1905632019043,0.10731825173661645,9.905252456665039,0.7456770833333334
7-1T4.mp4,174,5.798159149582384,33.84083557128906,29.042682647705078,0.21674060227559747,10.886857032775879,0.18100694444444446
7-1T4.mp4,175,5.831481903315616,27.244518280029297,36.61170959472656,0.345416204960873,13.14040756225586,0.1836111111111111
7-1T4.mp4,176,5.864804657048849,38.8064079284668,40.475929260253906,0.30513417148303906,9.487141609191895,0.23645833333333333
7-1T4.mp4,177,5.89812741078208,53.66756820678711,45.470191955566406,0.05588868570819344,6.731956481933594,0.3062326388888889
7-1T4.mp4,178,5.931450164515312,136.33502197265625,17.147890090942383,0.18468296144647434,9.6888427734375,0.5567708333333333
7-1T4.mp4,179,5.964772918248545,105.86046600341797,29.049097061157227,0.03517137150788593,7.874989986419678,0.45414930555555555
7-1T4.mp4,180,5.998095671981777,98.22233581542969,13.33212661743164,0.0764833946167246,6.016274929046631,0.39164930555555555
7-1T4.mp4,181,6.0314184257150085,204.19911193847656,57.11873245239258,0.03233386945578687,26.084779739379883,0.9315972222222222
7-1T4.mp4,182,6.064741179448241,153.5443572998047,53.481815338134766,0.1828746048282446,6.845200538635254,0.7054340277777778
7-1T4.mp4,183,6.098063933181473,174.79676818847656,47.10209274291992,0.3300909166397728,9.087037086486816,0.8067708333333333
7-1T4.mp4,184,6.131386686914705,181.76609802246094,39.639530181884766,0.44012307534035655,13.442073822021484,0.8198958333333334
7-1T4.mp4,185,6.164709440647937,180.95022583007812,30.893211364746094,0.38059444624351196,9.861798286437988,0.76640625
7-1T4.mp4,186,6.198032194381169,41.938663482666016,39.52552032470703,0.380165590574075,12.574796676635742,0.25081597222222224
7-1T4.mp4,187,6.231354948114402,62.332130432128906,42.786216735839844,0.18497669581943565,9.034599304199219,0.34130208333333334
7-1T4.mp4,188,6.264677701847633,78.50543212890625,44.07038879394531,0.19595030628770144,10.092706680297852,0.4135243055555556
7-1T4.mp4,189,6.2980004555808655,100.27616882324219,44.13176345825195,0.16447321137400545,10.903338432312012,0.4948090277777778
7-1T4.mp4,190,6.331323209314098,110.64196014404297,65.3973617553711,0.09707765616673718,10.091208457946777,0.5924479166666666
7-1T4.mp4,191,6.364645963047329,64.87789154052734,20.30766487121582,0.08350660561458663,7.325099468231201,0.2730902777777778
7-1T4.mp4,192,6.397968716780562,54.958492279052734,10.959566116333008,0.11081807488769678,7.446958541870117,0.22473958333333333
7-1T4.mp4,193,6.431291470513794,38.96323013305664,24.134523391723633,0.12087492876352049,11.555303573608398,0.18815972222222221
7-1T4.mp4,194,6.464614224247026,21.41408920288086,25.913089752197266,0.10063449451391415,8.61092472076416,0.13618055555555555
7-1T4.mp4,195,6.497936977980258,175.8982696533203,25.047500610351562,0.2655290400514463,8.118415832519531,0.6944097222222222
7-1T4.mp4,196,6.53125973171349,165.50465393066406,18.573490142822266,0.17080797355688657,8.065786361694336,0.6617534722222222
7-1T4.mp4,197,6.5645824854467225,146.97415161132812,14.422161102294922,0.1386425145294295,8.268355369567871,0.5855902777777777
7-1T4.mp4,198,6.597905239179954,210.22386169433594,46.39839553833008,0.03751411071097825,17.580821990966797,0.8871527777777778
7-1T4.mp4,199,6.631227992913186,112.26056671142578,42.04277038574219,0.15400129029973098,9.536744117736816,0.49494791666666665
7-1T4.mp4,200,6.664550746646419,126.77217864990234,40.91483688354492,0.0889241119310599,9.818692207336426,0.5338888888888889
7-1T4.mp4,201,6.697873500379651,149.38717651367188,43.034515380859375,0.13513911919122948,7.63366174697876,0.6269965277777778
7-1T4.mp4,202,6.7311962541128825,171.27015686035156,45.46651840209961,0.18088880090561002,10.868422508239746,0.7200520833333334
7-1T4.mp4,203,6.764519007846115,33.229644775390625,28.937152862548828,0.24862341618336287,10.587811470031738,0.18314236111111112
7-1T4.mp4,204,6.797841761579347,28.421836853027344,34.460453033447266,0.27407711574853344,11.188057899475098,0.18322916666666667
7-1T4.mp4,205,6.831164515312579,32.764060974121094,40.19321060180664,0.29683661304944053,11.41896915435791,0.22354166666666667
7-1T4.mp4,206,6.864487269045811,52.33162307739258,45.11732482910156,0.2721505610630793,10.366497993469238,0.29328125
7-1T4.mp4,207,6.897810022779043,74.57037353515625,41.723670959472656,0.17753718920810677,11.755838394165039,0.3495138888888889
7-1T4.mp4,208,6.931132776512276,129.0594024658203,13.012925148010254,0.16189999980726755,7.740695953369141,0.5180729166666667
7-1T4.mp4,209,6.964455530245507,106.66271209716797,11.39500904083252,0.09811429645564741,6.729058265686035,0.4307986111111111
7-1T4.mp4,210,6.9977782839787395,83.80501556396484,10.490433692932129,0.1331895793991449,6.621325969696045,0.3315625
7-1T4.mp4,211,7.031101037711972,1.1151714324951172,2.9550607204437256,0.775446397061021,9.783509254455566,0.0
7-1T4.mp4,212,7.064423791445203,163.73068237304688,48.18464279174805,0.15292218315601558,10.560423851013184,0.7168229166666666
7-1T4.mp4,213,7.097746545178436,176.3544464111328,43.889549255371094,0.3976439210471684,12.201255798339844,0.7474305555555556
7-1T4.mp4,214,7.131069298911668,182.37313842773438,34.4195671081543,0.43537121769800013,10.55346393585205,0.74125
7-1T4.mp4,215,7.1643920526449,207.827880859375,50.94351577758789,0.04509014942815818,6.3007330894470215,0.91171875
7-1T4.mp4,216,7.197714806378132,50.91628646850586,42.86083221435547,0.31119268382132137,12.510651588439941,0.28348958333333335
7-1T4.mp4,217,7.231037560111364,73.67231750488281,41.66858673095703,0.23229413866651638,10.502123832702637,0.3702951388888889
7-1T4.mp4,218,7.2643603138445965,96.73590087890625,40.496978759765625,0.10998544375103889,13.530341148376465,0.4569965277777778
7-1T4.mp4,219,7.297683067577828,111.73372650146484,48.854591369628906,0.14292846954886912,9.661170959472656,0.5252083333333334
7-1T4.mp4,220,7.33100582131106,83.39383697509766,13.983680725097656,0.15906420461388288,6.369755744934082,0.3377777777777778
7-1T4.mp4,221,7.364328575044293,57.75934982299805,20.326892852783203,0.044938065493014503,5.3690032958984375,0.24298611111111112
7-1T4.mp4,222,7.397651328777525,40.979469299316406,23.311492919921875,0.3434037562261047,12.620574951171875,0.18024305555555556
7-1T4.mp4,223,7.430974082510756,33.76679229736328,28.5617618560791,0.1964548421564336,11.631263732910156,0.19210069444444444
7-1T4.mp4,224,7.464296836243989,27.673398971557617,35.90040969848633,0.25969654514263335,12.576780319213867,0.1854513888888889
7-1T4.mp4,225,7.497619589977221,171.23036193847656,24.165964126586914,0.24436481391705958,7.256585121154785,0.6938368055555556
7-1T4.mp4,226,7.530942343710453,152.89096069335938,17.95427894592285,0.13373159974332294,6.723319053649902,0.615625
7-1T4.mp4,227,7.564265097443685,140.39993286132812,15.693619728088379,0.14598995721125513,7.319141864776611,0.54546875
7-1T4.mp4,228,7.597587851176917,1.5277553796768188,2.043593645095825,0.5799260993297084,4.736805438995361,0.0
7-1T4.mp4,229,7.63091060491015,96.15885925292969,76.33336639404297,0.10220463864347236,10.806896209716797,0.5459548611111111
7-1T4.mp4,230,7.664233358643381,134.14500427246094,51.03972244262695,0.11476629896472677,8.348204612731934,0.6283506944444445
7-1T4.mp4,231,7.697556112376613,148.2562255859375,51.40631866455078,0.09650892740756213,10.047473907470703,0.6922743055555556
7-1T4.mp4,232,7.730878866109846,168.95140075683594,55.55796813964844,0.1852120714577393,9.582952499389648,0.7720833333333333
7-1T4.mp4,233,7.764201619843077,31.530031204223633,32.66417694091797,0.24428500803839043,13.099587440490723,0.18993055555555555
7-1T4.mp4,234,7.79752437357631,26.617902755737305,38.20903778076172,0.2655433752752838,10.979803085327148,0.18269097222222222
7-1T4.mp4,235,7.830847127309542,37.855037689208984,41.93526840209961,0.2749931977897765,8.718011856079102,0.2382638888888889
7-1T4.mp4,236,7.864169881042774,58.238250732421875,46.315452575683594,0.23365019856073255,11.596963882446289,0.3392013888888889
7-1T4.mp4,237,7.897492634776006,132.92373657226562,15.404062271118164,0.16613636363636364,8.064038276672363,0.5408333333333334
7-1T4.mp4,238,7.930815388509238,111.2770767211914,13.951493263244629,0.10554643542731161,5.3080010414123535,0.45505208333333336
7-1T4.mp4,239,7.96413814224247,97.84506225585938,12.478316307067871,0.1625330859768261,8.508262634277344,0.39743055555555556
7-1T4.mp4,240,7.997460895975702,75.56966400146484,10.855729103088379,0.063916751391169,5.3702778816223145,0.30243055555555554
7-1T4.mp4,241,8.030783649708935,46.876617431640625,19.20172691345215,0.11347930200210603,5.42296028137207,0.21190972222222224
7-1T4.mp4,242,8.064106403442166,177.6426544189453,44.6666145324707,0.32990056233790094,10.887141227722168,0.7633854166666667
7-1T4.mp4,243,8.097429157175398,178.86041259765625,40.7272834777832,0.4648369517381716,10.204597473144531,0.7646006944444445
7-1T4.mp4,244,8.13075191090863,174.10794067382812,32.58205032348633,0.3347760001548075,10.695760726928711,0.7530555555555556
7-1T4.mp4,245,8.164074664641863,0.7919267416000366,1.1881684064865112,1.1565573366994961,9.125770568847656,0.0
7-1T4.mp4,246,8.197397418375095,59.97882080078125,47.67721176147461,0.20494871096530654,9.663666725158691,0.3295659722222222
7-1T4.mp4,247,8.230720172108327,75.57379913330078,48.65367126464844,0.18904617003550692,9.511411666870117,0.40133680555555556
7-1T4.mp4,248,8.26404292584156,98.68824005126953,47.20765686035156,0.12525374222425045,11.675309181213379,0.47673611111111114
7-1T4.mp4,249,8.29736567957479,118.93017578125,53.344669342041016,0.08308598550756659,9.471827507019043,0.5295833333333333
7-1T4.mp4,250,8.330688433308023,73.93190002441406,9.72358512878418,0.17006959842460478,7.079811096191406,0.2984895833333333
7-1T4.mp4,251,8.364011187041255,56.26601028442383,8.269418716430664,0.0733866553151842,7.101618766784668,0.2271875
7-1T4.mp4,252,8.397333940774487,38.9677619934082,21.112655639648438,0.11508564560129331,14.052526473999023,0.18862847222222223
7-1T4.mp4,253,8.43065669450772,30.029401779174805,30.258394241333008,0.29869589781029715,10.582655906677246,0.1781076388888889
7-1T4.mp4,254,8.463979448240952,181.33609008789062,27.565425872802734,0.13153898066004416,5.85498046875,0.76
7-1T4.mp4,255,8.497302201974184,162.8664093017578,25.618898391723633,0.12421699746087164,6.158467769622803,0.6538020833333333
7-1T4.mp4,256,8.530624955707415,144.99856567382812,18.62993049621582,0.08978872692342658,7.983139514923096,0.5786284722222222
7-1T4.mp4,257,8.563947709440647,125.2475357055664,17.171728134155273,0.19359715726583973,8.868313789367676,0.5051215277777777
7-1T4.mp4,258,8.59727046317388,112.54395294189453,8.21644115447998,0.04991141849187551,4.944378852844238,0.44482638888888887
7-1T4.mp4,259,8.630593216907112,122.72056579589844,43.02583312988281,0.12477264199665189,9.892049789428711,0.575
7-1T4.mp4,260,8.663915970640344,145.67784118652344,44.218299865722656,0.13274517486405876,11.105643272399902,0.6664583333333334
7-1T4.mp4,261,8.697238724373577,166.3362274169922,47.05091094970703,0.1689483210451315,9.349562644958496,0.7280381944444444
7-1T4.mp4,262,8.730561478106809,35.489593505859375,9.354010581970215,0.12822686284875703,5.94212532043457,0.14128472222222221
7-1T4.mp4,263,8.76388423184004,31.26590347290039,33.112281799316406,0.2750249830691002,13.963032722473145,0.180625
7-1T4.mp4,264,8.797206985573272,32.52470016479492,36.467430114746094,0.20758849042056018,8.6302490234375,0.20671875
7-1T4.mp4,265,8.830529739306504,52.431941986083984,40.99842071533203,0.20347965566827458,11.677392959594727,0.28711805555555553
7-1T4.mp4,266,8.863852493039737,65.11140441894531,42.63698959350586,0.1316360780010972,11.272984504699707,0.3421875
7-1T4.mp4,267,8.897175246772969,126.80694580078125,15.430068969726562,0.14216623748434706,8.2869291305542,0.5059548611111111
7-1T4.mp4,268,8.930498000506201,104.380615234375,15.46433162689209,0.04000881879590866,6.838307857513428,0.4293923611111111
7-1T4.mp4,269,8.963820754239434,82.234375,14.405477523803711,0.05030123290136789,5.284502983093262,0.3426736111111111
7-1T4.mp4,270,8.997143507972664,67.02186584472656,13.667230606079102,0.08220936216161193,7.858172416687012,0.28348958333333335
7-1T4.mp4,271,9.030466261705897,209.7637481689453,48.372249603271484,0.03689164577464759,11.812305450439453,0.9522569444444444
7-1T4.mp4,272,9.063789015439129,180.12196350097656,39.5357551574707,0.39360519995618615,14.943333625793457,0.7783680555555555
7-1T4.mp4,273,9.097111769172361,184.5001678466797,31.51618003845215,0.42506739666711774,9.801273345947266,0.7577256944444445
7-1T4.mp4,274,9.130434522905594,176.2756805419922,25.032257080078125,0.29120992706548215,8.290745735168457,0.7061979166666666
7-1T4.mp4,275,9.163757276638826,160.80422973632812,13.747100830078125,0.15315389791736356,5.301389217376709,0.6313368055555556
7-1T4.mp4,276,9.197080030372058,76.75872039794922,34.832706451416016,0.2049272560411333,10.881123542785645,0.3386111111111111
7-1T4.mp4,277,9.230402784105289,102.50251770019531,34.579383850097656,0.13807119600409806,8.110395431518555,0.44612847222222224
7-1T4.mp4,278,9.263725537838521,112.88337707519531,40.914894104003906,0.17077006604664202,8.876657485961914,0.5056597222222222
7-1T4.mp4,279,9.297048291571754,84.39725494384766,9.496024131774902,0.11645453454311666,4.393307685852051,0.3332291666666667
7-1T4.mp4,280,9.330371045304986,61.30685806274414,9.427239418029785,0.18968563113840056,5.670382499694824,0.2481423611111111
7-1T4.mp4,281,9.363693799038218,41.74980163574219,19.04287338256836,0.1940793874794531,9.99934196472168,0.19168402777777777
7-1T4.mp4,282,9.39701655277145,33.63876724243164,27.827301025390625,0.20128520631442093,11.105545043945312,0.18262152777777776
7-1T4.mp4,283,9.430339306504683,28.20224952697754,34.27696228027344,0.29667214781977735,12.245525360107422,0.18416666666666667
7-1T4.mp4,284,9.463662060237914,168.46273803710938,22.914791107177734,0.19209840091107314,6.077887535095215,0.6775347222222222
7-1T4.mp4,285,9.496984813971146,153.1353302001953,18.550825119018555,0.15136574083143425,7.897690296173096,0.6121354166666667
7-1T4.mp4,286,9.530307567704378,137.1994171142578,15.077066421508789,0.19200164798381186,8.96666145324707,0.5384548611111111
7-1T4.mp4,287,9.56363032143761,116.69303131103516,11.078133583068848,0.059873243743048976,5.081772804260254,0.45815972222222223
7-1T4.mp4,288,9.596953075170843,209.01727294921875,48.977203369140625,0.035494760270698034,17.20948028564453,0.9256076388888889
7-1T4.mp4,289,9.630275828904075,123.7000732421875,68.9873275756836,0.10282087407699117,7.985267162322998,0.6035069444444444
7-1T4.mp4,290,9.663598582637308,140.98507690429688,72.54467010498047,0.10553340206303176,8.437569618225098,0.6816840277777778
7-1T4.mp4,291,9.696921336370538,157.41307067871094,75.32183074951172,0.23081571192224176,8.023392677307129,0.7503993055555556
7-1T4.mp4,292,9.73024409010377,168.14297485351562,62.555904388427734,0.36783834718923303,14.88536548614502,0.7455729166666667
7-1T4.mp4,293,9.763566843837003,22.207130432128906,44.95781326293945,0.25319492537002736,8.469695091247559,0.1804513888888889
7-1T4.mp4,294,9.796889597570235,34.507423400878906,53.90247344970703,0.2535990538453852,11.52402400970459,0.24595486111111112
7-1T4.mp4,295,9.830212351303468,52.053558349609375,61.55546188354492,0.18999816770659353,9.975990295410156,0.3241145833333333
7-1T4.mp4,296,9.8635351050367,121.20230865478516,28.64266586303711,0.09901733508733421,6.2188215255737305,0.5075694444444444
7-1T4.mp4,297,9.896857858769932,114.93832397460938,14.100929260253906,0.07686897359567672,5.628701210021973,0.45666666666666667
7-1T4.mp4,298,9.930180612503163,92.99551391601562,15.868489265441895,0.10878603170985295,6.152705669403076,0.38071180555555556
7-1T4.mp4,299,9.963503366236395,71.30349731445312,12.76006031036377,0.10168978986659973,9.119817733764648,0.2902777777777778
7-1T4.mp4,300,9.996826119969628,49.22898483276367,12.590641975402832,0.21178756015879976,3.8663768768310547,0.2012673611111111
7-1T4.mp4,301,10.03014887370286,175.0149688720703,48.81240463256836,0.34061408816705746,9.329303741455078,0.7485069444444444
7-1T4.mp4,302,10.063471627436092,182.42379760742188,35.60099792480469,0.5344593062991693,10.8052978515625,0.7471354166666667
7-1T4.mp4,303,10.096794381169325,163.86880493164062,44.86314392089844,0.24389329063123377,9.812355041503906,0.7260590277777778
7-1T4.mp4,304,10.130117134902557,149.5918426513672,34.56222915649414,0.10008697567698005,7.055413722991943,0.6647569444444444
7-1T4.mp4,305,10.163439888635788,192.13682556152344,76.66612243652344,0.025015987401091032,19.374067306518555,0.9557465277777778
7-1T4.mp4,306,10.19676264236902,75.63151550292969,60.84492111206055,0.14789917580680742,11.460329055786133,0.43461805555555555
7-1T4.mp4,307,10.230085396102252,108.42308044433594,43.67816925048828,0.0971239785478574,10.622037887573242,0.5240798611111112
7-1T4.mp4,308,10.263408149835485,131.126708984375,45.593143463134766,0.10209627767876472,10.134261131286621,0.6090625
7-1T4.mp4,309,10.296730903568717,145.57510375976562,45.04901123046875,0.07169423991020386,9.114630699157715,0.6672569444444445
7-1T4.mp4,310,10.33005365730195,48.42007064819336,10.951354026794434,0.2013873865869754,6.555505275726318,0.194375
7-1T4.mp4,311,10.363376411035182,33.33734893798828,26.177318572998047,0.16258762599298357,10.273777961730957,0.17309027777777777
7-1T4.mp4,312,10.396699164768412,27.75554084777832,35.35161590576172,0.28743635589008154,12.657219886779785,0.18704861111111112
7-1T4.mp4,313,10.430021918501645,176.43817138671875,28.686189651489258,0.13366596601079744,5.9349470138549805,0.71875
7-1T4.mp4,314,10.463344672234877,140.4130096435547,15.765929222106934,0.14823268363871536,6.62799596786499,0.5634722222222223
7-1T4.mp4,315,10.49666742596811,140.4130096435547,15.765929222106934,0.14823268363871536,6.62799596786499,0.5634722222222223
7-1T4.mp4,316,10.529990179701342,94.3750991821289,28.75957489013672,0.05513451347628629,5.595114707946777,0.4094097222222222
7-1T4.mp4,317,10.563312933434574,94.3750991821289,28.75957489013672,0.05513451347628629,5.595114707946777,0.4094097222222222
7-1T4.mp4,318,10.596635687167806,152.89663696289062,47.165504455566406,0.11945227448099693,8.281479835510254,0.7016145833333334
7-1T4.mp4,319,10.629958440901037,152.89663696289062,47.165504455566406,0.11945227448099693,8.281479835510254,0.7016145833333334
7-1T4.mp4,320,10.66328119463427,177.83583068847656,40.97114562988281,0.40219403094541745,11.4591064453125,0.7678472222222222
7-1T4.mp4,321,10.696603948367502,177.83583068847656,40.97114562988281,0.40219403094541745,11.4591064453125,0.7678472222222222
7-1T4.mp4,322,10.729926702100734,40.988494873046875,38.713836669921875,0.17081888710824109,10.931214332580566,0.23864583333333333
7-1T4.mp4,323,10.763249455833966,40.988494873046875,38.713836669921875,0.17081888710824109,10.931214332580566,0.23864583333333333
7-1T4.mp4,324,10.796572209567199,73.81410217285156,43.47008514404297,0.15301987597657335,9.880990028381348,0.37949652777777776
7-1T4.mp4,325,10.82989496330043,73.81410217285156,43.47008514404297,0.15301987597657335,9.880990028381348,0.37949652777777776
7-1T4.mp4,326,10.863217717033661,96.66848754882812,11.568619728088379,0.07137276560640411,9.049442291259766,0.3786111111111111
7-1T4.mp4,327,10.896540470766894,96.66848754882812,11.568619728088379,0.07137276560640411,9.049442291259766,0.3786111111111111
7-1T4.mp4,328,10.929863224500126,60.45206069946289,10.978411674499512,0.05299942341409458,4.499915599822998,0.24270833333333333
7-1T4.mp4,329,10.963185978233358,60.45206069946289,10.978411674499512,0.05299942341409458,4.499915599822998,0.24270833333333333
7-1T4.mp4,330,10.99650873196659,180.6896514892578,38.54507064819336,0.4705475037956108,12.584650993347168,0.7270833333333333
7-1T4.mp4,331,11.029831485699823,180.6896514892578,38.54507064819336,0.4705475037956108,12.584650993347168,0.7270833333333333
7-1T4.mp4,332,11.063154239433056,168.38890075683594,24.206769943237305,0.15549658476102066,5.791795253753662,0.6870486111111112
7-1T4.mp4,333,11.096476993166286,168.38890075683594,24.206769943237305,0.15549658476102066,5.791795253753662,0.6870486111111112
7-1T4.mp4,334,11.129799746899518,80.19488525390625,44.46461868286133,0.16152813010668696,11.18199634552002,0.4037847222222222
7-1T4.mp4,335,11.16312250063275,80.19488525390625,44.46461868286133,0.16152813010668696,11.18199634552002,0.4037847222222222
7-1T4.mp4,336,11.196445254365983,117.65807342529297,48.32319259643555,0.1514237856867045,13.756612777709961,0.5570833333333334
7-1T4.mp4,337,11.229768008099215,117.65807342529297,48.32319259643555,0.1514237856867045,13.756612777709961,0.5570833333333334
7-1T4.mp4,338,11.263090761832448,162.24227905273438,48.75739669799805,0.13879019983082272,9.54614543914795,0.6666840277777778
7-1T4.mp4,339,11.29641351556568,162.24227905273438,48.75739669799805,0.13879019983082272,9.54614543914795,0.6666840277777778
7-1T4.mp4,340,11.32973626929891,30.33074188232422,31.17586898803711,0.2788339535465994,12.787522315979004,0.18239583333333334
7-1T4.mp4,341,11.363059023032143,30.33074188232422,31.17586898803711,0.2788339535465994,12.787522315979004,0.18239583333333334
7-1T4.mp4,342,11.396381776765375,52.3227653503418,37.688968658447266,0.10135109875201112,8.20924186706543,0.24947916666666667
7-1T4.mp4,343,11.429704530498608,52.3227653503418,37.688968658447266,0.10135109875201112,8.20924186706543,0.24947916666666667
7-1T4.mp4,344,11.46302728423184,130.72312927246094,15.971553802490234,0.14591714735000577,5.897396564483643,0.53109375
7-1T4.mp4,345,11.496350037965072,130.72312927246094,15.971553802490234,0.14591714735000577,5.897396564483643,0.53109375
7-1T4.mp4,346,11.529672791698305,205.9795379638672,54.8594970703125,0.030746301156491112,19.92222785949707,0.9359027777777778
7-1T4.mp4,347,11.562995545431535,205.9795379638672,54.8594970703125,0.030746301156491112,19.92222785949707,0.9359027777777778
7-1T4.mp4,348,11.596318299164768,162.36978149414062,45.38842010498047,0.15159881144696172,9.719592094421387,0.7350868055555555
7-1T4.mp4,349,11.629641052898,162.36978149414062,45.38842010498047,0.15159881144696172,9.719592094421387,0.7350868055555555
7-1T4.mp4,350,11.662963806631232,181.73291015625,42.16913986206055,0.3621346798253545,9.662542343139648,0.7166319444444444
7-1T4.mp4,351,11.696286560364465,181.73291015625,42.16913986206055,0.3621346798253545,9.662542343139648,0.7166319444444444
7-1T4.mp4,352,11.729609314097697,42.491214752197266,51.525962829589844,0.20218733199473032,12.617308616638184,0.28282986111111114
7-1T4.mp4,353,11.76293206783093,42.491214752197266,51.525962829589844,0.20218733199473032,12.617308616638184,0.28282986111111114
7-1T4.mp4,354,11.79625482156416,91.0047378540039,43.872310638427734,0.13238499909374762,10.014158248901367,0.44710069444444445
7-1T4.mp4,355,11.829577575297392,91.0047378540039,43.872310638427734,0.13238499909374762,10.014158248901367,0.44710069444444445
7-1T4.mp4,356,11.862900329030625,88.16361236572266,11.657560348510742,0.1501483123814908,10.589569091796875,0.3521006944444444
7-1T4.mp4,357,11.896223082763857,88.16361236572266,11.657560348510742,0.1501483123814908,10.589569091796875,0.3521006944444444
7-1T4.mp4,358,11.92954583649709,48.36488342285156,11.97220516204834,0.39138284308613164,5.899372100830078,0.2015625
7-1T4.mp4,359,11.962868590230322,48.36488342285156,11.97220516204834,0.39138284308613164,5.899372100830078,0.2015625
7-1T4.mp4,360,11.996191343963554,182.62130737304688,32.905208587646484,0.4726498945284821,11.269350051879883,0.7625173611111111
7-1T4.mp4,361,12.029514097696785,182.62130737304688,32.905208587646484,0.4726498945284821,11.269350051879883,0.7625173611111111
7-1T4.mp4,362,12.062836851430017,160.05511474609375,20.195165634155273,0.2111422933575328,6.644715309143066,0.6487847222222223
7-1T4.mp4,363,12.09615960516325,160.05511474609375,20.195165634155273,0.2111422933575328,6.644715309143066,0.6487847222222223
7-1T4.mp4,364,12.129482358896482,83.74346923828125,54.949886322021484,0.1699544725998449,13.134474754333496,0.45508680555555553
7-1T4.mp4,365,12.162805112629714,83.74346923828125,54.949886322021484,0.1699544725998449,13.134474754333496,0.45508680555555553
7-1T4.mp4,366,12.196127866362946,129.14483642578125,47.86186599731445,0.15276459774308654,10.06863021850586,0.6165972222222222
7-1T4.mp4,367,12.229450620096179,129.14483642578125,47.86186599731445,0.15276459774308654,10.06863021850586,0.6165972222222222
7-1T4.mp4,368,12.26277337382941,45.21783447265625,15.742551803588867,0.3834649211114724,7.524527072906494,0.19453125
7-1T4.mp4,369,12.296096127562642,45.21783447265625,15.742551803588867,0.3834649211114724,7.524527072906494,0.19453125
7-1T4.mp4,370,12.329418881295874,26.346820831298828,37.229522705078125,0.3145516891830015,11.502487182617188,0.18633680555555557
7-1T4.mp4,371,12.362741635029106,26.346820831298828,37.229522705078125,0.3145516891830015,11.502487182617188,0.18633680555555557
7-1T4.mp4,372,12.396064388762339,50.45665740966797,53.823638916015625,0.2310965624808605,10.218301773071289,0.3129166666666667
7-1T4.mp4,373,12.429387142495571,50.45665740966797,53.823638916015625,0.2310965624808605,10.218301773071289,0.3129166666666667
7-1T4.mp4,374,12.462709896228803,114.06625366210938,26.10066032409668,0.05379930527124264,6.884521961212158,0.48159722222222223
7-1T4.mp4,375,12.496032649962034,114.06625366210938,26.10066032409668,0.05379930527124264,6.884521961212158,0.48159722222222223
7-1T4.mp4,376,12.529355403695266,1.2794560194015503,1.8107291460037231,1.0389595992710707,7.616699695587158,0.0
7-1T4.mp4,377,12.562678157428499,1.2794560194015503,1.8107291460037231,1.0389595992710707,7.616699695587158,0.0
7-1T4.mp4,378,12.596000911161731,0.8851485252380371,1.2840365171432495,1.0459798229574375,7.148921489715576,0.0
7-1T4.mp4,379,12.629323664894963,0.8851485252380371,1.2840365171432495,1.0459798229574375,7.148921489715576,0.0
7-1T4.mp4,380,12.662646418628196,0.8243284225463867,0.7011631727218628,0.8271699572119671,6.822475433349609,0.0
7-1T4.mp4,381,12.695969172361428,0.8243284225463867,0.7011631727218628,0.8271699572119671,6.822475433349609,0.0
7-1T4.mp4,382,12.729291926094659,0.7396069169044495,0.4152083396911621,0.8200186497059262,6.892268657684326,0.0
7-1T4.mp4,383,12.762614679827891,0.7396069169044495,0.4152083396911621,0.8200186497059262,6.892268657684326,0.0
7-1T4.mp4,384,12.795937433561123,0.7059233784675598,0.3098263740539551,0.6952232122421265,6.319460391998291,0.0
7-1T4.mp4,385,12.829260187294356,0.7059233784675598,0.3098263740539551,0.6952232122421265,6.319460391998291,0.0
7-1T4.mp4,386,12.862582941027588,0.4521030783653259,0.19180555641651154,0.42808037996292114,7.285483360290527,0.0
7-1T4.mp4,387,12.89590569476082,0.4521030783653259,0.19180555641651154,0.42808037996292114,7.285483360290527,0.0
7-1T4.mp4,388,12.929228448494053,0.5162184238433838,0.11890625208616257,0.24176588654518127,7.279665470123291,0.0
7-1T4.mp4,389,12.962551202227283,0.5162184238433838,0.11890625208616257,0.24176588654518127,7.279665470123291,0.0
7-1T4.mp4,390,12.995873955960516,0.4548565447330475,0.09497395902872086,0.21331846714019775,4.979548454284668,0.0
7-1T4.mp4,391,13.029196709693748,0.4548565447330475,0.09497395902872086,0.21331846714019775,4.979548454284668,0.0
7-1T4.mp4,392,13.06251946342698,0.39667510986328125,0.06128472089767456,0.14747023582458496,5.546751976013184,0.0
7-1T4.mp4,393,13.095842217160213,0.39667510986328125,0.06128472089767456,0.14747023582458496,5.546751976013184,0.0
7-1T4.mp4,394,13.129164970893445,0.11728832870721817,0.026597222313284874,0.11775793880224228,7.942851543426514,0.0
7-1T4.mp4,395,13.162487724626677,0.11728832870721817,0.026597222313284874,0.11775793880224228,7.942851543426514,0.0
7-1T4.mp4,396,13.195810478359908,0.22374732792377472,0.016953125596046448,0.08892862498760223,6.26204776763916,0.0
7-1T4.mp4,397,13.22913323209314,0.22374732792377472,0.016953125596046448,0.08892862498760223,6.26204776763916,0.0
7-1T4.mp4,398,13.262455985826373,0.3116993308067322,0.017864583060145378,0.07943949103355408,6.0944647789001465,0.0
7-1T4.mp4,399,13.295778739559605,0.3116993308067322,0.017864583060145378,0.07943949103355408,6.0944647789001465,0.0
7-1T4.mp4,400,13.329101493292837,0.361978143453598,0.010147569701075554,0.05766864866018295,5.345880031585693,0.0
7-1T4.mp4,401,13.36242424702607,0.361978143453598,0.010147569701075554,0.05766864866018295,5.345880031585693,0.0
7-1T4.mp4,402,13.395747000759302,0.2546127438545227,0.009774305857717991,0.05026787146925926,6.525888442993164,0.0
7-1T4.mp4,403,13.429069754492533,0.2546127438545227,0.009774305857717991,0.05026787146925926,6.525888442993164,0.0
7-1T4.mp4,404,13.462392508225765,0.24643678963184357,0.005998264066874981,0.053690481930971146,6.703514575958252,0.0
7-1T4.mp4,405,13.495715261958997,0.24643678963184357,0.005998264066874981,0.053690481930971146,6.703514575958252,0.0
7-1T4.mp4,406,13.52903801569223,0.3073580861091614,0.0067534721456468105,0.05207839235663414,6.562495231628418,0.0
7-1T4.mp4,407,13.562360769425462,0.3073580861091614,0.0067534721456468105,0.05207839235663414,6.562495231628418,0.0
7-1T4.mp4,408,13.595683523158694,0.25653937458992004,0.003854166716337204,0.03916667401790619,8.52811050415039,0.0
7-1T4.mp4,409,13.629006276891927,0.25653937458992004,0.003854166716337204,0.03916667401790619,8.52811050415039,0.0
7-1T4.mp4,410,13.662329030625157,0.30794084072113037,0.002916666679084301,0.042896825820207596,6.837662220001221,0.0
7-1T4.mp4,411,13.69565178435839,0.30794084072113037,0.002916666679084301,0.042896825820207596,6.837662220001221,0.0
7-1T4.mp4,412,13.728974538091622,0.2939830422401428,0.0013888889225199819,0.006011905614286661,2.350119113922119,0.0
7-1T4.mp4,413,13.762297291824854,0.2939830422401428,0.0013888889225199819,0.006011905614286661,2.350119113922119,0.0
7-1T4.mp4,414,13.795620045558087,0.28912457823753357,0.0014583333395421505,0.006428572349250317,5.148621082305908,0.0
7-1T4.mp4,415,13.828942799291319,0.28912457823753357,0.0014583333395421505,0.006428572349250317,5.148621082305908,0.0
7-1T4.mp4,416,13.862265553024551,0.32407593727111816,0.0011631944216787815,0.004960317630320787,3.724325180053711,0.0
7-1T4.mp4,417,13.895588306757782,0.32407593727111816,0.0011631944216787815,0.004960317630320787,3.724325180053711,0.0
7-1T4.mp4,418,13.928911060491014,0.38057422637939453,0.0014236110728234053,0.004593254067003727,2.2565362453460693,0.0
7-1T4.mp4,419,13.962233814224247,0.38057422637939453,0.0014236110728234053,0.004593254067003727,2.2565362453460693,0.0
7-1T4.mp4,420,13.995556567957479,0.3185177147388458,0.0013541666558012366,0.007142857648432255,6.0695719718933105,0.0
7-1T4.mp4,421,14.028879321690711,0.3185177147388458,0.0013541666558012366,0.007142857648432255,6.0695719718933105,0.0
7-1T4.mp4,422,14.062202075423944,0.2570486068725586,0.0,0.0,0.0,0.0
7-1T4.mp4,423,14.095524829157176,0.2570486068725586,0.0,0.0,0.0,0.0
7-1T4.mp4,424,14.128847582890407,0.14305555820465088,0.0,0.0,0.0,0.0
7-1T4.mp4,425,14.162170336623639,0.14305555820465088,0.0,0.0,0.0,0.0
7-1T4.mp4,426,14.195493090356871,0.21559028327465057,0.0,0.0,0.0,0.0
7-1T4.mp4,427,14.228815844090104,0.21559028327465057,0.0,0.0,0.0,0.0
7-1T4.mp4,428,14.262138597823336,0.13722221553325653,0.0,0.0,0.0,0.0
7-1T4.mp4,429,14.295461351556568,0.13722221553325653,0.0,0.0,0.0,0.0
7-1T4.mp4,430,14.3287841052898,0.1991145759820938,0.0,0.0,0.0,0.0
7-1T4.mp4,431,14.362106859023031,0.1991145759820938,0.0,0.0,0.0,0.0
7-1T4.mp4,432,14.395429612756264,0.28241318464279175,0.0,0.0,0.0,0.0
7-1T4.mp4,433,14.428752366489496,0.28241318464279175,0.0,0.0,0.0,0.0
7-1T4.mp4,434,14.462075120222728,0.16088542342185974,0.0,0.0,0.0,0.0
7-1T4.mp4,435,14.49539787395596,0.16088542342185974,0.0,0.0,0.0,0.0
7-1T4.mp4,436,14.528720627689193,0.2832117974758148,0.0,0.0,0.0,0.0
7-1T4.mp4,437,14.562043381422425,0.2832117974758148,0.0,0.0,0.0,0.0
7-1T4.mp4,438,14.595366135155656,0.21881943941116333,0.0,0.0,0.0,0.0
7-1T4.mp4,439,14.628688888888888,0.10338541865348816,0.0,0.0,0.0,0.0
