video,frame_index,time_s,roi_mean_luma,roi_mean_blue_excess,row_contrast,row_fft_peak_ratio,saturated_fraction
6-29T3.mp4,0,0.0,25.847991943359375,7.817777633666992,0.12322037714255472,21.320524215698242,0.018055555555555554
6-29T3.mp4,1,0.033362607874865155,25.847991943359375,7.817777633666992,0.12322037714255472,21.320524215698242,0.018055555555555554
6-29T3.mp4,2,0.06672521574973031,25.847991943359375,7.817777633666992,0.12322037714255472,21.320524215698242,0.018055555555555554
6-29T3.mp4,3,0.10008782362459548,26.170907974243164,7.691493034362793,0.11785474365596842,21.845083236694336,0.018385416666666668
6-29T3.mp4,4,0.13345043149946062,25.992366790771484,7.655121326446533,0.12496167999653336,21.478635787963867,0.018090277777777778
6-29T3.mp4,5,0.1668130393743258,26.25055694580078,5.292256832122803,0.12078372593570341,19.24055290222168,0.01689236111111111
6-29T3.mp4,6,0.20017564724919096,26.26626968383789,5.771085262298584,0.1142946222925443,18.439725875854492,0.017569444444444443
6-29T3.mp4,7,0.2335382551240561,26.510583877563477,5.790798664093018,0.11853472825218916,20.40106773376465,0.01861111111111111
6-29T3.mp4,8,0.26690086299892124,26.798688888549805,8.11379337310791,0.1237924044769998,18.963302612304688,0.018663194444444444
6-29T3.mp4,9,0.3002634708737864,27.095844268798828,8.842803955078125,0.12273884703292982,20.663768768310547,0.018993055555555555
6-29T3.mp4,10,0.3336260787486516,27.082332611083984,8.830989837646484,0.1188272612782137,20.08968162536621,0.02013888888888889
6-29T3.mp4,11,0.36698868662351675,27.221906661987305,9.121484756469727,0.1183868245660799,21.800445556640625,0.02013888888888889
6-29T3.mp4,12,0.4003512944983819,27.263500213623047,9.17795181274414,0.1144876310231938,25.63485336303711,0.019461805555555555
6-29T3.mp4,13,0.43371390237324703,27.405887603759766,9.382378578186035,0.10627024137022925,25.079975128173828,0.020555555555555556
6-29T3.mp4,14,0.4670765102481122,27.309337615966797,8.840738296508789,0.1152575574203398,26.9891300201416,0.02048611111111111
6-29T3.mp4,15,0.5004391181229774,27.414976119995117,9.011405944824219,0.11629596909986416,29.59339141845703,0.021076388888888888
6-29T3.mp4,16,0.5338017259978425,27.302995681762695,8.688680648803711,0.1152673527772317,24.536951065063477,0.020260416666666666
6-29T3.mp4,17,0.5671643338727077,27.423879623413086,9.069409370422363,0.12442758432501112,28.153806686401367,0.02064236111111111
6-29T3.mp4,18,0.6005269417475728,27.377838134765625,9.015997886657715,0.12308956335385901,26.04726791381836,0.02032986111111111
6-29T3.mp4,19,0.633889549622438,27.417728424072266,8.96664047241211,0.12148964443826357,26.71124267578125,0.021371527777777777
6-29T3.mp4,20,0.6672521574973032,27.397092819213867,9.043472290039062,0.12268809679535815,27.07732391357422,0.020815972222222222
6-29T3.mp4,21,0.7006147653721683,27.470487594604492,9.138290405273438,0.11796647305052521,26.88588523864746,0.020902777777777777
6-29T3.mp4,22,0.7339773732470335,27.463577270507812,9.475529670715332,0.11321719439541471,24.561981201171875,0.020416666666666666
6-29T3.mp4,23,0.7673399811218986,27.52179527282715,9.028168678283691,0.11511565293635515,26.91322135925293,0.02050347222222222
6-29T3.mp4,24,0.8007025889967638,27.588634490966797,9.112213134765625,0.10724323413368168,26.17375373840332,0.020868055555555556
6-29T3.mp4,25,0.8340651968716289,27.340742111206055,9.60700511932373,0.11018506679818103,27.208274841308594,0.021579861111111112
6-29T3.mp4,26,0.8674278047464941,27.643564224243164,9.787917137145996,0.11827520195649725,21.530807495117188,0.020833333333333332
6-29T3.mp4,27,0.9007904126213593,27.351943969726562,10.1693754196167,0.10695181290933012,24.179880142211914,0.021440972222222222
6-29T3.mp4,28,0.9341530204962244,27.228044509887695,9.711562156677246,0.11500106231908325,23.182186126708984,0.022743055555555555
6-29T3.mp4,29,0.9675156283710896,27.683530807495117,10.18801212310791,0.11337378727092164,24.037813186645508,0.02095486111111111
6-29T3.mp4,30,1.0008782362459547,27.015262603759766,9.85777759552002,0.10764987474706952,23.358144760131836,0.023038194444444444
6-29T3.mp4,31,1.03424084412082,27.75185203552246,9.736944198608398,0.11269666098428857,22.867185592651367,0.020850694444444446
6-29T3.mp4,32,1.067603451995685,27.53594398498535,9.530746459960938,0.11452989812793252,25.27637481689453,0.020885416666666667
6-29T3.mp4,33,1.1009660598705502,27.330162048339844,9.34371566772461,0.10873520565871758,22.390905380249023,0.021579861111111112
6-29T3.mp4,34,1.1343286677454154,27.645915985107422,9.869540214538574,0.10847182332153109,21.329986572265625,0.01982638888888889
6-29T3.mp4,35,1.1676912756202804,27.491954803466797,9.15778636932373,0.11927911712345922,26.002761840820312,0.02050347222222222
6-29T3.mp4,36,1.2010538834951456,27.43560028076172,9.218185424804688,0.11196198876671831,27.212886810302734,0.020520833333333332
6-29T3.mp4,37,1.2344164913700109,27.78875160217285,10.150815963745117,0.10074205583949858,23.186609268188477,0.01956597222222222
6-29T3.mp4,38,1.267779099244876,27.262178421020508,9.452239990234375,0.10453231270158463,24.903284072875977,0.021475694444444443
6-29T3.mp4,39,1.301141707119741,27.67902374267578,9.963150978088379,0.09879947533737819,28.10359764099121,0.020104166666666666
6-29T3.mp4,40,1.3345043149946063,27.5328369140625,9.750971794128418,0.10506650397036237,27.630502700805664,0.01935763888888889
6-29T3.mp4,41,1.3678669228694715,27.31644058227539,9.633142471313477,0.10648188092250443,29.76579475402832,0.021493055555555557
6-29T3.mp4,42,1.4012295307443365,27.644792556762695,9.940208435058594,0.10473073334988085,23.205608367919922,0.02017361111111111
6-29T3.mp4,43,1.4345921386192018,27.46928596496582,9.605729103088379,0.10461259342981434,29.05129051208496,0.020902777777777777
6-29T3.mp4,44,1.467954746494067,27.47136688232422,9.813316345214844,0.10542898355823388,27.36600685119629,0.020972222222222222
6-29T3.mp4,45,1.501317354368932,27.72670555114746,10.052169799804688,0.11573935768430205,24.758350372314453,0.021024305555555556
6-29T3.mp4,46,1.5346799622437972,27.29792594909668,9.758654594421387,0.11129704393298007,25.39949607849121,0.021024305555555556
6-29T3.mp4,47,1.5680425701186624,27.585529327392578,10.275199890136719,0.10908860578858531,27.602386474609375,0.02019097222222222
6-29T3.mp4,48,1.6014051779935277,27.385404586791992,10.067794799804688,0.1047961535234318,26.717533111572266,0.020520833333333332
6-29T3.mp4,49,1.6347677858683927,27.3634090423584,9.638333320617676,0.09742395387803061,25.837793350219727,0.020364583333333332
6-29T3.mp4,50,1.6681303937432579,27.4860897064209,10.176362991333008,0.0991264584425406,25.770402908325195,0.02013888888888889
6-29T3.mp4,51,1.7014930016181231,27.345102310180664,10.233055114746094,0.09894371369501999,26.913175582885742,0.02020833333333333
6-29T3.mp4,52,1.7348556094929881,27.20797348022461,10.476866722106934,0.1051929666812063,28.72584342956543,0.02029513888888889
6-29T3.mp4,53,1.7682182173678533,27.37554168701172,10.357447624206543,0.10423312998339307,29.05736541748047,0.021145833333333332
6-29T3.mp4,54,1.8015808252427186,27.06841278076172,10.437100410461426,0.09983922232399509,29.73646354675293,0.020381944444444446
6-29T3.mp4,55,1.8349434331175836,27.314821243286133,10.553411483764648,0.1007269794502044,28.799062728881836,0.02034722222222222
6-29T3.mp4,56,1.8683060409924488,27.364246368408203,10.148367881774902,0.10958560522568352,31.532154083251953,0.021232638888888888
6-29T3.mp4,57,1.901668648867314,27.3895263671875,9.825200080871582,0.09563095620267592,28.501386642456055,0.021163194444444443
6-29T3.mp4,58,1.9350312567421792,27.442371368408203,10.042716979980469,0.1031531067630747,30.141639709472656,0.02125
6-29T3.mp4,59,1.9683938646170442,27.533323287963867,9.897821426391602,0.10370095518553034,27.86671257019043,0.021128472222222222
6-29T3.mp4,60,2.0017564724919095,27.44846534729004,9.940911293029785,0.10144240688885614,27.529502868652344,0.020763888888888887
6-29T3.mp4,61,2.0351190803667745,27.538955688476562,10.116085052490234,0.10420245015266508,30.578033447265625,0.021111111111111112
6-29T3.mp4,62,2.06848168824164,27.258913040161133,10.084305763244629,0.10537405288232551,29.6331844329834,0.020902777777777777
6-29T3.mp4,63,2.101844296116505,27.241273880004883,10.080720901489258,0.10537528636608379,14.068320274353027,0.020763888888888887
6-29T3.mp4,64,2.13520690399137,27.100101470947266,10.20543384552002,0.11197392430596974,15.040764808654785,0.020416666666666666
6-29T3.mp4,65,2.1685695118662354,27.211048126220703,10.375624656677246,0.1101197136603761,15.994807243347168,0.020590277777777777
6-29T3.mp4,66,2.2019321197411004,27.051488876342773,10.282265663146973,0.10861077005503016,17.04523468017578,0.02079861111111111
6-29T3.mp4,67,2.2352947276159654,27.248456954956055,10.502135276794434,0.1040596614268561,17.853830337524414,0.02140625
6-29T3.mp4,68,2.268657335490831,27.21481704711914,10.466927528381348,0.10371817176677181,17.367033004760742,0.021267361111111112
6-29T3.mp4,69,2.302019943365696,27.43329429626465,10.551606178283691,0.11233884716900239,17.76224136352539,0.021597222222222223
6-29T3.mp4,70,2.335382551240561,27.33415412902832,10.449331283569336,0.10040855791932617,17.679214477539062,0.021111111111111112
6-29T3.mp4,71,2.3687451591154263,27.31633758544922,10.140876770019531,0.09501529524602946,17.766271591186523,0.02140625
6-29T3.mp4,72,2.4021077669902913,27.270000457763672,9.789800643920898,0.09315818536860265,17.33513832092285,0.021614583333333333
6-29T3.mp4,73,2.4354703748651567,27.47435188293457,10.180252075195312,0.0995404059833914,18.69080924987793,0.021909722222222223
6-29T3.mp4,74,2.4688329827400217,27.336204528808594,10.367335319519043,0.10699877091590147,18.60424041748047,0.021927083333333333
6-29T3.mp4,75,2.5021955906148867,27.360883712768555,10.220582008361816,0.10141122740098055,18.439279556274414,0.021788194444444443
6-29T3.mp4,76,2.535558198489752,27.252771377563477,10.099617958068848,0.10501707503870947,18.628143310546875,0.021371527777777777
6-29T3.mp4,77,2.568920806364617,27.434207916259766,9.955738067626953,0.10283654303757075,17.318824768066406,0.021805555555555557
6-29T3.mp4,78,2.602283414239482,27.298765182495117,10.190173149108887,0.10858855391443839,20.05058479309082,0.021527777777777778
6-29T3.mp4,79,2.6356460221143476,27.36393165588379,10.333880424499512,0.10736867385631937,18.66136360168457,0.021736111111111112
6-29T3.mp4,80,2.6690086299892126,27.267826080322266,10.257977485656738,0.11111745986507301,18.686275482177734,0.021354166666666667
6-29T3.mp4,81,2.7023712378640776,27.356401443481445,10.1165189743042,0.1118172466311556,17.812105178833008,0.021649305555555557
6-29T3.mp4,82,2.735733845738943,27.26474952697754,9.990694046020508,0.10637138924870601,16.876249313354492,0.021354166666666667
6-29T3.mp4,83,2.769096453613808,27.513885498046875,9.995025634765625,0.1142742580804415,16.53427505493164,0.021631944444444443
6-29T3.mp4,84,2.802459061488673,27.426599502563477,10.036544799804688,0.12279861410115246,17.59495735168457,0.021336805555555557
6-29T3.mp4,85,2.8358216693635385,27.564071655273438,10.083099365234375,0.12377912488240173,18.97348403930664,0.021753472222222223
6-29T3.mp4,86,2.8691842772384035,27.409238815307617,9.940824508666992,0.12336336016638612,17.41815185546875,0.021284722222222222
6-29T3.mp4,87,2.9025468851132685,27.484758377075195,10.073203086853027,0.1186268402303311,18.228530883789062,0.021753472222222223
6-29T3.mp4,88,2.935909492988134,27.266948699951172,10.153090476989746,0.11551105786227757,16.502399444580078,0.021302083333333333
6-29T3.mp4,89,2.969272100862999,27.34135627746582,10.38533878326416,0.11459114041823604,18.957551956176758,0.021614583333333333
6-29T3.mp4,90,3.002634708737864,27.1496639251709,10.254183769226074,0.11894773925654499,18.746164321899414,0.020625
6-29T3.mp4,91,3.0359973166127294,27.456445693969727,10.350851058959961,0.12182245748592874,18.398204803466797,0.020833333333333332
6-29T3.mp4,92,3.0693599244875944,27.338144302368164,10.249678611755371,0.11930236111417285,20.653644561767578,0.021076388888888888
6-29T3.mp4,93,3.10272253236246,27.410837173461914,10.006597518920898,0.11371844267063377,18.526559829711914,0.021111111111111112
6-29T3.mp4,94,3.136085140237325,27.374065399169922,9.378003120422363,0.11214027157747164,20.178752899169922,0.020833333333333332
6-29T3.mp4,95,3.16944774811219,27.48716926574707,10.035772323608398,0.11596880329787529,19.654876708984375,0.021180555555555557
6-29T3.mp4,96,3.2028103559870553,27.445470809936523,10.175633430480957,0.11475515554527072,20.386587142944336,0.020763888888888887
6-29T3.mp4,97,3.2361729638619203,27.592287063598633,10.180946350097656,0.11816878238975909,20.32942008972168,0.02125
6-29T3.mp4,98,3.2695355717367853,27.411657333374023,10.132109642028809,0.11698149396808141,20.920921325683594,0.020590277777777777
6-29T3.mp4,99,3.3028981796116508,27.479764938354492,9.890199661254883,0.11884860245354133,19.71288299560547,0.02125
6-29T3.mp4,100,3.3362607874865158,27.383995056152344,9.918281555175781,0.11798385567416417,21.104543685913086,0.021267361111111112
6-29T3.mp4,101,3.369623395361381,27.361106872558594,9.92229175567627,0.11374477200282607,19.86412239074707,0.021493055555555557
6-29T3.mp4,102,3.4029860032362462,27.34084701538086,9.790225982666016,0.11573635652233084,21.15911865234375,0.021579861111111112
6-29T3.mp4,103,3.4363486111111112,27.397586822509766,10.103107452392578,0.10800250728384096,21.418296813964844,0.021527777777777778
6-29T3.mp4,104,3.4697112189859762,27.301082611083984,10.03726577758789,0.10782619027946888,20.75828742980957,0.021215277777777777
6-29T3.mp4,105,3.5030738268608417,27.388322830200195,9.9673433303833,0.10296084699883988,21.320392608642578,0.021614583333333333
6-29T3.mp4,106,3.5364364347357067,27.264753341674805,9.601024627685547,0.10122615844412812,21.367660522460938,0.021111111111111112
6-29T3.mp4,107,3.5697990426105717,27.46371078491211,9.885138511657715,0.10391123949131274,19.843948364257812,0.021336805555555557
6-29T3.mp4,108,3.603161650485437,27.35488510131836,10.028454780578613,0.11219667162259961,21.71220588684082,0.021597222222222223
6-29T3.mp4,109,3.636524258360302,27.431787490844727,10.264704704284668,0.10723084465159684,22.652820587158203,0.021354166666666667
6-29T3.mp4,110,3.669886866235167,27.245634078979492,9.902612686157227,0.1042997400097959,21.57781219482422,0.02065972222222222
6-29T3.mp4,111,3.7032494741100326,27.26395034790039,10.484609603881836,0.11144112622385338,23.75100326538086,0.020277777777777777
6-29T3.mp4,112,3.7366120819848976,27.0350284576416,10.313663482666016,0.10596149059900857,24.399019241333008,0.019166666666666665
6-29T3.mp4,113,3.769974689859763,27.150489807128906,10.424904823303223,0.10699730443143275,23.780399322509766,0.01965277777777778
6-29T3.mp4,114,3.803337297734628,26.897266387939453,10.431198120117188,0.10947294809621001,22.996076583862305,0.018697916666666668
6-29T3.mp4,115,3.836699905609493,26.99174690246582,10.305277824401855,0.10656426678857497,27.206941604614258,0.019010416666666665
6-29T3.mp4,116,3.8700625134843585,26.881498336791992,10.316831588745117,0.09971899147246979,26.565752029418945,0.01875
6-29T3.mp4,117,3.9034251213592235,26.90418243408203,10.654166221618652,0.10799972748153377,22.38344955444336,0.01876736111111111
6-29T3.mp4,118,3.9367877292340885,26.824167251586914,10.598541259765625,0.11258007009356272,21.769092559814453,0.018506944444444444
6-29T3.mp4,119,3.970150337108954,26.995492935180664,10.710477828979492,0.11117224597217774,21.19100570678711,0.018541666666666668
6-29T3.mp4,120,4.003512944983819,26.866947174072266,10.719895362854004,0.11592250260149986,21.316892623901367,0.018802083333333334
6-29T3.mp4,121,4.036875552858684,26.958099365234375,10.882439613342285,0.10814260661041189,24.166221618652344,0.019444444444444445
6-29T3.mp4,122,4.070238160733549,26.852981567382812,10.880000114440918,0.10533778216071948,24.943227767944336,0.019461805555555555
6-29T3.mp4,123,4.103600768608414,26.72812271118164,11.000642776489258,0.10573727939943377,16.407007217407227,0.01907986111111111
6-29T3.mp4,124,4.13696337648328,26.695180892944336,11.175000190734863,0.11069878109302267,15.703348159790039,0.018472222222222223
6-29T3.mp4,125,4.170325984358144,26.858694076538086,11.187100410461426,0.11206284580767839,18.097238540649414,0.018645833333333334
6-29T3.mp4,126,4.20368859223301,26.697799682617188,11.121753692626953,0.11445214849223269,15.208025932312012,0.01876736111111111
6-29T3.mp4,127,4.237051200107875,26.716617584228516,11.190043449401855,0.12155681709489592,17.52669334411621,0.018784722222222223
6-29T3.mp4,128,4.27041380798274,26.649982452392578,11.216553688049316,0.12491370380301035,16.053646087646484,0.018541666666666668
6-29T3.mp4,129,4.303776415857605,26.66969871520996,11.094001770019531,0.12576829365518713,18.343101501464844,0.01845486111111111
6-29T3.mp4,130,4.337139023732471,26.58650016784668,10.998307228088379,0.12302369351195486,18.10050392150879,0.018315972222222223
6-29T3.mp4,131,4.370501631607335,26.696252822875977,10.961136817932129,0.11890560313383262,18.338472366333008,0.01826388888888889
6-29T3.mp4,132,4.403864239482201,26.717273712158203,10.953012466430664,0.12329161276455353,19.066537857055664,0.01871527777777778
6-29T3.mp4,133,4.437226847357066,29.05475425720215,36.94850540161133,0.1624086419345889,10.631172180175781,0.02331597222222222
6-29T3.mp4,134,4.470589455231931,28.821748733520508,29.562673568725586,0.15982065612293186,13.215682983398438,0.021336805555555557
6-29T3.mp4,135,4.503952063106796,28.748849868774414,26.081649780273438,0.1480316439391328,11.9754638671875,0.021371527777777777
6-29T3.mp4,136,4.537314670981662,27.04633331298828,-2.9024391174316406,0.10417671682437989,10.895766258239746,0.012638888888888889
6-29T3.mp4,137,4.570677278856526,30.038705825805664,35.59391403198242,0.20323294859769095,9.062418937683105,0.011579861111111112
6-29T3.mp4,138,4.604039886731392,30.4055233001709,38.89781188964844,0.21726083966950793,9.881400108337402,0.011493055555555555
6-29T3.mp4,139,4.637402494606257,31.388856887817383,52.629547119140625,0.14841610483564807,8.703719139099121,0.024444444444444446
6-29T3.mp4,140,4.670765102481122,31.163494110107422,50.442848205566406,0.16478632648457145,13.065210342407227,0.017465277777777777
6-29T3.mp4,141,4.704127710355987,28.077672958374023,19.160720825195312,0.08406798878470133,14.744321823120117,0.01612847222222222
6-29T3.mp4,142,4.7374903182308525,28.631330490112305,27.185625076293945,0.11531735413694844,17.05965232849121,0.016006944444444445
6-29T3.mp4,143,4.770852926105718,28.94924545288086,28.925668716430664,0.10990772997540202,14.383552551269531,0.016857638888888887
6-29T3.mp4,144,4.8042155339805825,29.344070434570312,32.214176177978516,0.11121205604987748,11.802950859069824,0.016197916666666666
6-29T3.mp4,145,4.837578141855448,28.426416397094727,16.78264808654785,0.14226241424847566,12.201981544494629,0.012986111111111111
6-29T3.mp4,146,4.870940749730313,27.868467330932617,9.370833396911621,0.114996710377361,11.644485473632812,0.012413194444444444
6-29T3.mp4,147,4.904303357605178,27.569602966308594,5.410121440887451,0.1024192473004906,11.33659839630127,0.011944444444444445
6-29T3.mp4,148,4.937665965480043,26.819896697998047,0.01505208294838667,0.09772415930242481,13.739784240722656,0.011336805555555555
6-29T3.mp4,149,4.971028573354909,27.30776023864746,2.1533594131469727,0.09066736097810782,11.711359977722168,0.01204861111111111
6-29T3.mp4,150,5.0043911812297734,30.946805953979492,41.30091094970703,0.21626966850364068,12.32189655303955,0.014270833333333333
6-29T3.mp4,151,5.037753789104639,30.873294830322266,37.90848159790039,0.18056771899676655,10.878464698791504,0.014288194444444444
6-29T3.mp4,152,5.071116396979504,30.671981811523438,33.961849212646484,0.15417114109874802,7.85311222076416,0.014652777777777778
6-29T3.mp4,153,5.104479004854369,26.724096298217773,5.467968940734863,0.10886482480902933,13.691339492797852,0.014826388888888889
6-29T3.mp4,154,5.137841612729234,29.54230308532715,30.843307495117188,0.11463501300734551,11.480355262756348,0.013159722222222222
6-29T3.mp4,155,5.1712042206041,29.704973220825195,25.110912322998047,0.13001444633568254,9.127701759338379,0.011944444444444445
6-29T3.mp4,156,5.204566828478964,30.89944076538086,46.833065032958984,0.12947521897120232,10.50080680847168,0.021232638888888888
6-29T3.mp4,157,5.23792943635383,30.826269149780273,44.22886276245117,0.17015502474967298,12.128708839416504,0.014913194444444444
6-29T3.mp4,158,5.271292044228695,26.79336166381836,2.7062153816223145,0.08989835131292771,13.70877456665039,0.011909722222222223
6-29T3.mp4,159,5.30465465210356,26.866268157958984,5.106961727142334,0.08171353802919491,14.753351211547852,0.014270833333333333
6-29T3.mp4,160,5.338017259978425,27.17711067199707,11.384305953979492,0.08315759464440238,11.676499366760254,0.016371527777777777
6-29T3.mp4,161,5.371379867853291,28.152851104736328,15.030668258666992,0.08075903266338275,12.002619743347168,0.01578125
6-29T3.mp4,162,5.404742475728155,29.81366539001465,31.533594131469727,0.17383218554557203,13.68189811706543,0.014704861111111111
6-29T3.mp4,163,5.438105083603021,29.541616439819336,24.86821174621582,0.15330733683027084,12.02807331085205,0.0134375
6-29T3.mp4,164,5.471467691477886,28.946653366088867,19.197690963745117,0.11635859356591861,10.456029891967773,0.011875
6-29T3.mp4,165,5.504830299352751,28.723548889160156,-0.7453038096427917,0.12098020073483824,7.367671489715576,0.012517361111111111
6-29T3.mp4,166,5.538192907227616,28.467533111572266,-1.45354163646698,0.10497604770503617,14.307540893554688,0.012482638888888889
6-29T3.mp4,167,5.571555515102482,30.956501007080078,34.35862731933594,0.19422786431307903,8.343538284301758,0.012638888888888889
6-29T3.mp4,168,5.604918122977346,31.668319702148438,38.27913284301758,0.19883636076215025,11.428367614746094,0.013871527777777778
6-29T3.mp4,169,5.638280730852212,31.723905563354492,41.206180572509766,0.18539403009291494,7.617875099182129,0.014947916666666667
6-29T3.mp4,170,5.671643338727077,26.740806579589844,4.687161445617676,0.09694406235635157,13.838728904724121,0.014288194444444444
6-29T3.mp4,171,5.705005946601942,27.755062103271484,20.418472290039062,0.09256594182650679,13.228008270263672,0.018802083333333334
6-29T3.mp4,172,5.738368554476807,28.2288818359375,26.950998306274414,0.09252480194082251,15.148601531982422,0.018211805555555554
6-29T3.mp4,173,5.7717311623516725,29.640199661254883,30.852916717529297,0.10749123638662798,14.106152534484863,0.01689236111111111
6-29T3.mp4,174,5.805093770226537,30.034934997558594,32.405487060546875,0.1290213118539094,9.505977630615234,0.014635416666666666
6-29T3.mp4,175,5.8384563781014025,28.47473907470703,9.63259506225586,0.13639593588772117,13.668022155761719,0.011996527777777778
6-29T3.mp4,176,5.871818985976268,27.809539794921875,4.939591884613037,0.1088660219533503,15.098001480102539,0.011909722222222223
6-29T3.mp4,177,5.9051815938511325,27.297563552856445,1.6654080152511597,0.12233012811284191,14.353370666503906,0.012395833333333333
6-29T3.mp4,178,5.938544201725998,27.88981056213379,-0.9618315696716309,0.10919372466807906,18.337465286254883,0.01265625
6-29T3.mp4,179,5.971906809600863,31.45731544494629,41.725486755371094,0.21225103431702452,8.206143379211426,0.016319444444444445
6-29T3.mp4,180,6.005269417475728,31.632797241210938,37.74531936645508,0.16971472712868335,14.177038192749023,0.01671875
6-29T3.mp4,181,6.038632025350593,31.22715950012207,31.896970748901367,0.16494396922489665,13.380363464355469,0.01609375
6-29T3.mp4,182,6.071994633225459,29.664207458496094,12.2278470993042,0.14654915671864244,6.420294284820557,0.012586805555555556
6-29T3.mp4,183,6.105357241100323,30.03421401977539,18.149999618530273,0.16484512447315172,9.154975891113281,0.01234375
6-29T3.mp4,184,6.138719848975189,30.388357162475586,23.63858413696289,0.09851924889120783,12.145683288574219,0.012152777777777778
6-29T3.mp4,185,6.172082456850054,30.775440216064453,27.2741756439209,0.1373144195714844,11.846634864807129,0.011996527777777778
6-29T3.mp4,186,6.20544506472492,30.800024032592773,28.200157165527344,0.1794305661460484,11.585260391235352,0.012447916666666666
6-29T3.mp4,187,6.238807672599784,27.40445899963379,1.9025087356567383,0.09478337004538682,9.54923152923584,0.011597222222222222
6-29T3.mp4,188,6.27217028047465,27.056814193725586,4.68429708480835,0.0846377982801254,15.009720802307129,0.013142361111111112
6-29T3.mp4,189,6.305532888349515,27.456279754638672,10.047638893127441,0.08820803331992108,14.788779258728027,0.013975694444444445
6-29T3.mp4,190,6.33889549622438,28.552448272705078,9.981380462646484,0.08973558792099351,12.956762313842773,0.014739583333333334
6-29T3.mp4,191,6.372258104099245,29.227676391601562,18.961952209472656,0.10551744118813229,11.146889686584473,0.014444444444444444
6-29T3.mp4,192,6.405620711974111,29.28879165649414,22.832674026489258,0.15647804222630066,17.373088836669922,0.014184027777777778
6-29T3.mp4,193,6.438983319848975,29.289766311645508,18.426944732666016,0.151982321911751,13.107691764831543,0.01421875
6-29T3.mp4,194,6.472345927723841,28.78337860107422,12.394713401794434,0.13814399843190178,13.883387565612793,0.013194444444444444
6-29T3.mp4,195,6.505708535598706,29.306896209716797,-3.360095500946045,0.08067993750191393,9.770171165466309,0.0140625
6-29T3.mp4,196,6.539071143473571,31.147998809814453,32.85264587402344,0.17102821324471496,11.795357704162598,0.013454861111111112
6-29T3.mp4,197,6.572433751348436,31.658784866333008,36.883949279785156,0.17848180489796184,12.31859016418457,0.013697916666666667
6-29T3.mp4,198,6.6057963592233016,31.74483299255371,41.20673751831055,0.21457791790825598,12.772956848144531,0.014826388888888889
6-29T3.mp4,199,6.639158967098166,31.625608444213867,11.490824699401855,0.19890250221915282,6.786805629730225,0.015677083333333335
6-29T3.mp4,200,6.6725215749730316,31.406248092651367,41.51540756225586,0.1919678300209317,13.104342460632324,0.021961805555555554
6-29T3.mp4,201,6.705884182847897,29.803142547607422,27.942420959472656,0.09832604564293927,12.84261417388916,0.01876736111111111
6-29T3.mp4,202,6.739246790722762,29.862442016601562,27.373672485351562,0.10293839889447345,11.4595308303833,0.01564236111111111
6-29T3.mp4,203,6.772609398597627,29.81846809387207,25.460250854492188,0.10932656271401577,11.551145553588867,0.011927083333333333
6-29T3.mp4,204,6.8059720064724925,28.453500747680664,9.19729995727539,0.12648741904455937,15.33726978302002,0.012743055555555556
6-29T3.mp4,205,6.839334614347357,28.145038604736328,6.161649227142334,0.11337477416147396,13.565523147583008,0.012725694444444444
6-29T3.mp4,206,6.8726972222222225,27.5897216796875,2.8606162071228027,0.10736110848250568,15.040080070495605,0.0125
6-29T3.mp4,207,6.906059830097088,28.112821578979492,-1.358628511428833,0.08813768840443591,13.150891304016113,0.012899305555555556
6-29T3.mp4,208,6.9394224379719525,28.051788330078125,2.460277795791626,0.08919534156769625,15.279662132263184,0.013298611111111112
6-29T3.mp4,209,6.972785045846818,31.263059616088867,36.78168487548828,0.2005291724172453,15.315049171447754,0.01513888888888889
6-29T3.mp4,210,7.006147653721683,31.12932586669922,33.31197738647461,0.174756308011537,16.42639923095703,0.015416666666666667
6-29T3.mp4,211,7.039510261596548,30.496231079101562,26.829591751098633,0.1732866802267804,14.282327651977539,0.014965277777777777
6-29T3.mp4,212,7.072872869471413,29.523155212402344,21.262014389038086,0.1524277621775797,14.655905723571777,0.013125
6-29T3.mp4,213,7.106235477346279,30.985637664794922,37.05915832519531,0.18519597708635832,14.732199668884277,0.012430555555555556
6-29T3.mp4,214,7.139598085221143,30.54750633239746,25.76894187927246,0.14509106949782072,7.4997148513793945,0.012951388888888889
6-29T3.mp4,215,7.172960693096009,32.1484375,28.31427001953125,0.13733778753713138,7.349882125854492,0.014184027777777778
6-29T3.mp4,216,7.206323300970874,32.12559509277344,15.706398010253906,0.16193328873003857,10.22329044342041,0.015121527777777777
6-29T3.mp4,217,7.239685908845739,31.91065788269043,45.25148391723633,0.2143940860804754,12.687423706054688,0.015190972222222222
6-29T3.mp4,218,7.273048516720604,27.395633697509766,7.196666717529297,0.0958250542831681,16.236019134521484,0.014392361111111111
6-29T3.mp4,219,7.30641112459547,27.805694580078125,16.209253311157227,0.08497010914772875,12.93816089630127,0.017204861111111112
6-29T3.mp4,220,7.339773732470334,28.1082763671875,24.157474517822266,0.10093999169656259,16.27167510986328,0.017534722222222222
6-29T3.mp4,221,7.3731363403452,29.591297149658203,28.415538787841797,0.16203263130854645,15.943355560302734,0.013663194444444445
6-29T3.mp4,222,7.406498948220065,29.505765914916992,21.74209213256836,0.156767960473764,20.427080154418945,0.013663194444444445
6-29T3.mp4,223,7.43986155609493,29.203611373901367,12.809539794921875,0.12425262020544278,11.775445938110352,0.014270833333333333
6-29T3.mp4,224,7.473224163969795,29.103666305541992,-1.838767409324646,0.1062326015388063,7.147662162780762,0.0134375
6-29T3.mp4,225,7.506586771844661,29.35468101501465,-4.192838668823242,0.09919211039876391,9.236893653869629,0.014392361111111111
6-29T3.mp4,226,7.539949379719526,31.145254135131836,36.4951057434082,0.2001657355149076,9.746082305908203,0.013350694444444445
6-29T3.mp4,227,7.573311987594391,31.69451904296875,40.24827194213867,0.16357510658751107,10.776026725769043,0.014982638888888889
6-29T3.mp4,228,7.606674595469256,31.707820892333984,40.30905532836914,0.16093796826875317,14.932198524475098,0.01592013888888889
6-29T3.mp4,229,7.6400372033441215,31.402057647705078,42.44797897338867,0.156326971978694,10.186403274536133,0.0175
6-29T3.mp4,230,7.673399811218986,31.686750411987305,51.311336517333984,0.14370538051630835,11.412304878234863,0.020381944444444446
6-29T3.mp4,231,7.7067624190938515,30.10247039794922,28.49810791015625,0.1053005776185677,13.880938529968262,0.014652777777777778
6-29T3.mp4,232,7.740125026968717,30.117658615112305,27.681320190429688,0.11220277550328905,10.730524063110352,0.011579861111111112
6-29T3.mp4,233,7.7734876348435815,30.326108932495117,24.255998611450195,0.13717609106074133,13.259522438049316,0.012413194444444444
6-29T3.mp4,234,7.806850242718447,30.958894729614258,40.125972747802734,0.16386454831569283,7.644714832305908,0.01326388888888889
6-29T3.mp4,235,7.840212850593312,27.44170570373535,2.7817535400390625,0.11574156906982112,14.218574523925781,0.012083333333333333
6-29T3.mp4,236,7.873575458468177,27.126901626586914,1.5732812881469727,0.10471090226590693,14.4102783203125,0.012013888888888888
6-29T3.mp4,237,7.906938066343042,27.34103775024414,8.244244575500488,0.09666259593510741,12.767824172973633,0.019010416666666665
6-29T3.mp4,238,7.940300674217908,31.3028621673584,39.323394775390625,0.2063080541252562,13.927569389343262,0.01574652777777778
6-29T3.mp4,239,7.973663282092772,31.320016860961914,35.028358459472656,0.16057952070849732,10.484931945800781,0.016319444444444445
6-29T3.mp4,240,8.007025889967638,31.018545150756836,31.74538230895996,0.15708073192141622,14.12928581237793,0.016163194444444445
6-29T3.mp4,241,8.040388497842503,29.2495174407959,10.029400825500488,0.18257162778417596,10.627216339111328,0.012447916666666666
6-29T3.mp4,242,8.073751105717369,29.020769119262695,11.415833473205566,0.1713669139628842,15.475976943969727,0.012239583333333333
6-29T3.mp4,243,8.107113713592232,32.02711486816406,25.554340362548828,0.1203219356285607,9.083155632019043,0.013559027777777777
6-29T3.mp4,244,8.140476321467098,32.43834686279297,27.634912490844727,0.11914550724878388,8.400374412536621,0.01357638888888889
6-29T3.mp4,245,8.173838929341963,32.44878005981445,34.6910514831543,0.14716222053745304,10.411986351013184,0.012447916666666666
6-29T3.mp4,246,8.207201537216829,32.332855224609375,44.31798553466797,0.19459810398615043,10.523351669311523,0.013454861111111112
6-29T3.mp4,247,8.240564145091694,31.928604125976562,48.1418571472168,0.16019553050349225,13.619499206542969,0.01612847222222222
6-29T3.mp4,248,8.27392675296656,28.09371566772461,14.068949699401855,0.07465231421111208,17.201175689697266,0.014409722222222223
6-29T3.mp4,249,8.307289360841425,28.301902770996094,21.42066764831543,0.09725321961934806,12.705820083618164,0.01564236111111111
6-29T3.mp4,250,8.340651968716289,28.65172576904297,26.700780868530273,0.11516872470524439,15.137125015258789,0.015364583333333333
6-29T3.mp4,251,8.374014576591154,29.636369705200195,29.05729103088379,0.11150357960788874,11.870084762573242,0.015486111111111112
6-29T3.mp4,252,8.40737718446602,29.14240074157715,17.33175277709961,0.16156100564580608,13.88398551940918,0.01421875
6-29T3.mp4,253,8.440739792340885,28.655261993408203,9.432804107666016,0.14381837317589316,12.824822425842285,0.013836805555555555
6-29T3.mp4,254,8.47410240021575,27.99797248840332,8.042109489440918,0.10825472678707336,10.062776565551758,0.015416666666666667
6-29T3.mp4,255,8.507465008090616,30.841894149780273,32.80031204223633,0.1865661560795811,6.6510138511657715,0.012638888888888889
6-29T3.mp4,256,8.54082761596548,31.567546844482422,38.4142951965332,0.17548578597605025,12.272878646850586,0.01361111111111111
6-29T3.mp4,257,8.574190223840345,32.14738082885742,41.05406188964844,0.16769016119425464,10.549697875976562,0.015590277777777778
6-29T3.mp4,258,8.60755283171521,31.65048599243164,8.87794303894043,0.1850238790216606,8.186126708984375,0.015902777777777776
6-29T3.mp4,259,8.640915439590076,31.094799041748047,38.026588439941406,0.160839334610449,9.971254348754883,0.018038194444444444
6-29T3.mp4,260,8.674278047464941,29.55215072631836,27.4172306060791,0.09702407787579548,16.265880584716797,0.01612847222222222
6-29T3.mp4,261,8.707640655339807,29.838905334472656,25.50018310546875,0.09648462033180799,15.66070556640625,0.013298611111111112
6-29T3.mp4,262,8.74100326321467,30.086904525756836,24.658464431762695,0.11401863620006232,10.23325252532959,0.013472222222222222
6-29T3.mp4,263,8.774365871089536,31.184757232666016,37.65024185180664,0.13518070873457647,9.887537956237793,0.014722222222222222
6-29T3.mp4,264,8.807728478964401,31.377962112426758,41.5982551574707,0.14018332749352985,10.400388717651367,0.014722222222222222
6-29T3.mp4,265,8.841091086839267,27.30391502380371,1.0479600429534912,0.11803011131552592,12.741619110107422,0.012222222222222223
6-29T3.mp4,266,8.874453694714132,27.161895751953125,4.052213668823242,0.08699269877484127,17.161373138427734,0.012934027777777777
6-29T3.mp4,267,8.907816302588998,27.625444412231445,9.282769203186035,0.09171346000537935,14.434388160705566,0.014652777777777778
6-29T3.mp4,268,8.941178910463861,28.850746154785156,10.625998497009277,0.08833296232518104,12.07282829284668,0.014826388888888889
6-29T3.mp4,269,8.974541518338727,30.022140502929688,29.865459442138672,0.21054859256943007,16.555768966674805,0.01515625
6-29T3.mp4,270,9.007904126213592,29.566936492919922,23.166250228881836,0.1510313421607412,17.128782272338867,0.01484375
6-29T3.mp4,271,9.041266734088458,29.760103225708008,25.988481521606445,0.14231243515649789,11.983067512512207,0.01855902777777778
6-29T3.mp4,272,9.074629341963323,30.574634552001953,32.45169448852539,0.17973487065863747,10.19677734375,0.01326388888888889
6-29T3.mp4,273,9.107991949838189,31.438621520996094,28.727283477783203,0.16527478592670541,9.265742301940918,0.013715277777777778
6-29T3.mp4,274,9.141354557713052,31.68714141845703,32.18555450439453,0.18483949202750433,7.944376468658447,0.013159722222222222
6-29T3.mp4,275,9.174717165587918,31.704090118408203,15.017969131469727,0.1869337601326214,7.10349178314209,0.01545138888888889
6-29T3.mp4,276,9.208079773462783,31.88360595703125,45.73395919799805,0.20201197810834254,10.676813125610352,0.01659722222222222
6-29T3.mp4,277,9.241442381337649,28.345762252807617,13.476649284362793,0.08862918959709926,10.62530517578125,0.015989583333333335
6-29T3.mp4,278,9.274804989212514,28.659523010253906,21.35223960876465,0.10192697445863357,16.814809799194336,0.018038194444444444
6-29T3.mp4,279,9.30816759708738,28.918766021728516,25.151336669921875,0.10936135465031335,14.558222770690918,0.017430555555555557
6-29T3.mp4,280,9.341530204962243,29.178810119628906,24.865615844726562,0.12057370796469971,11.662882804870605,0.015173611111111112
6-29T3.mp4,281,9.374892812837109,29.908363342285156,31.10137939453125,0.1275052964030846,11.163664817810059,0.015347222222222222
6-29T3.mp4,282,9.408255420711974,28.511476516723633,8.826970100402832,0.1447213238302436,14.530049324035645,0.013350694444444445
6-29T3.mp4,283,9.44161802858684,28.31484031677246,5.91688346862793,0.12554923734869802,12.159045219421387,0.013177083333333334
6-29T3.mp4,284,9.474980636461705,27.912403106689453,2.5312674045562744,0.10999004606774186,14.64151382446289,0.012864583333333334
6-29T3.mp4,285,9.50834324433657,28.805606842041016,-1.7291319370269775,0.08189358239257971,12.788081169128418,0.013315972222222222
6-29T3.mp4,286,9.541705852211436,31.453393936157227,40.421173095703125,0.17627454147252242,17.88091468811035,0.015572916666666667
6-29T3.mp4,287,9.5750684600863,31.543241500854492,39.16777801513672,0.19230125468054962,17.517728805541992,0.01564236111111111
6-29T3.mp4,288,9.608431067961165,31.210878372192383,40.713905334472656,0.20356868169559839,17.430728912353516,0.020434027777777777
6-29T3.mp4,289,9.64179367583603,31.495389938354492,50.71453857421875,0.16896081832941917,12.231324195861816,0.019305555555555555
6-29T3.mp4,290,9.675156283710896,30.05347442626953,28.932933807373047,0.11723367016345591,10.34052562713623,0.01189236111111111
6-29T3.mp4,291,9.708518891585761,30.368144989013672,25.52728271484375,0.10543687891429905,9.617914199829102,0.010972222222222222
6-29T3.mp4,292,9.741881499460627,30.98529052734375,17.976388931274414,0.14317743790967769,6.298215389251709,0.012239583333333333
6-29T3.mp4,293,9.77524410733549,30.90513801574707,40.26701354980469,0.19453958667656365,9.5310697555542,0.010954861111111111
6-29T3.mp4,294,9.808606715210356,26.62767791748047,2.2103471755981445,0.11465395463697042,14.75002384185791,0.010190972222222223
6-29T3.mp4,295,9.841969323085221,26.658300399780273,4.478775978088379,0.09480759511878428,16.073183059692383,0.011458333333333333
6-29T3.mp4,296,9.875331930960087,26.76739501953125,8.16749095916748,0.09930010552800117,12.193453788757324,0.013559027777777777
6-29T3.mp4,297,9.908694538834952,28.58539581298828,11.179166793823242,0.09776759158631508,15.82091236114502,0.013559027777777777
6-29T3.mp4,298,9.942057146709818,28.806053161621094,17.939973831176758,0.09403965817275596,12.017970085144043,0.013940972222222223
6-29T3.mp4,299,9.975419754584681,29.26548957824707,26.51478385925293,0.18971451798524683,16.248897552490234,0.013402777777777777
6-29T3.mp4,300,10.008782362459547,28.824907302856445,21.139175415039062,0.16777966260276703,12.386280059814453,0.011961805555555555
6-29T3.mp4,301,10.042144970334412,28.535112380981445,11.814739227294922,0.15290633335087914,14.462579727172852,0.01109375
6-29T3.mp4,302,10.075507578209278,28.17621612548828,-5.472986221313477,0.12149725441164666,9.590418815612793,0.010833333333333334
6-29T3.mp4,303,10.108870186084143,31.872207641601562,31.77957534790039,0.20669414222773855,14.193486213684082,0.010434027777777778
6-29T3.mp4,304,10.142232793959009,31.79646110534668,37.75210189819336,0.19823359670162882,14.087716102600098,0.010225694444444445
6-29T3.mp4,305,10.175595401833872,32.1594123840332,48.38492965698242,0.19398457352506648,7.972256183624268,0.01828125
6-29T3.mp4,306,10.208958009708738,31.89194679260254,49.09778594970703,0.15038752864009416,10.019214630126953,0.016527777777777777
6-29T3.mp4,307,10.242320617583603,27.808320999145508,17.649227142333984,0.1013901449968478,11.424583435058594,0.013142361111111112
6-29T3.mp4,308,10.275683225458469,28.15696907043457,24.402360916137695,0.11053843223736969,18.342910766601562,0.013680555555555555
6-29T3.mp4,309,10.309045833333334,28.495914459228516,27.482118606567383,0.11974481443672545,13.331058502197266,0.013020833333333334
6-29T3.mp4,310,10.3424084412082,29.054092407226562,31.249340057373047,0.13319794079368744,8.994094848632812,0.013003472222222222
6-29T3.mp4,311,10.375771049083063,28.24717140197754,14.820138931274414,0.15987048870509993,12.985158920288086,0.012118055555555556
6-29T3.mp4,312,10.409133656957929,27.735410690307617,8.258889198303223,0.1773890182553853,12.019039154052734,0.011475694444444445
6-29T3.mp4,313,10.442496264832794,27.369237899780273,2.7780120372772217,0.1345961625915551,13.613490104675293,0.010277777777777778
6-29T3.mp4,314,10.47585887270766,27.519439697265625,1.4720399379730225,0.0978315492337411,12.593345642089844,0.010190972222222223
6-29T3.mp4,315,10.509221480582525,27.519439697265625,1.4720399379730225,0.0978315492337411,12.593345642089844,0.010190972222222223
6-29T3.mp4,316,10.54258408845739,30.927274703979492,34.95142364501953,0.1565818292296674,10.9415864944458,0.013090277777777777
6-29T3.mp4,317,10.575946696332254,30.927274703979492,34.95142364501953,0.1565818292296674,10.9415864944458,0.013090277777777777
6-29T3.mp4,318,10.60930930420712,26.6265811920166,3.474088430404663,0.1146966078306,13.122374534606934,0.011440972222222222
6-29T3.mp4,319,10.642671912081985,26.6265811920166,3.474088430404663,0.1146966078306,13.122374534606934,0.011440972222222222
6-29T3.mp4,320,10.67603451995685,29.8723201751709,27.55872344970703,0.17861350247850508,11.976058959960938,0.010190972222222223
6-29T3.mp4,321,10.709397127831716,29.8723201751709,27.55872344970703,0.17861350247850508,11.976058959960938,0.010190972222222223
6-29T3.mp4,322,10.742759735706581,30.665544509887695,44.02149200439453,0.22848846897665,9.517929077148438,0.013871527777777778
6-29T3.mp4,323,10.776122343581445,30.665544509887695,44.02149200439453,0.22848846897665,9.517929077148438,0.013871527777777778
6-29T3.mp4,324,10.80948495145631,26.592533111572266,7.1918487548828125,0.10117421465206596,13.628890037536621,0.012621527777777778
6-29T3.mp4,325,10.842847559331176,26.592533111572266,7.1918487548828125,0.10117421465206596,13.628890037536621,0.012621527777777778
6-29T3.mp4,326,10.876210167206041,28.26506233215332,15.237404823303223,0.09079045225238544,13.274840354919434,0.014982638888888889
6-29T3.mp4,327,10.909572775080907,28.26506233215332,15.237404823303223,0.09079045225238544,13.274840354919434,0.014982638888888889
6-29T3.mp4,328,10.942935382955772,28.969879150390625,22.510868072509766,0.16967402350249924,8.651703834533691,0.012378472222222223
6-29T3.mp4,329,10.976297990830638,28.969879150390625,22.510868072509766,0.16967402350249924,8.651703834533691,0.012378472222222223
6-29T3.mp4,330,11.009660598705501,28.462949752807617,1.7995312213897705,0.144893499300339,11.675493240356445,0.010347222222222223
6-29T3.mp4,331,11.043023206580367,28.462949752807617,1.7995312213897705,0.144893499300339,11.675493240356445,0.010347222222222223
6-29T3.mp4,332,11.076385814455232,30.578296661376953,34.02836990356445,0.222977480994193,8.59061336517334,0.010381944444444444
6-29T3.mp4,333,11.109748422330098,30.578296661376953,34.02836990356445,0.222977480994193,8.59061336517334,0.010381944444444444
6-29T3.mp4,334,11.143111030204963,31.033344268798828,41.27939224243164,0.22720077884400405,11.12303352355957,0.012847222222222222
6-29T3.mp4,335,11.176473638079829,31.033344268798828,41.27939224243164,0.22720077884400405,11.12303352355957,0.012847222222222222
6-29T3.mp4,336,11.209836245954692,27.372398376464844,21.303064346313477,0.10112918331317024,11.545002937316895,0.014201388888888888
6-29T3.mp4,337,11.243198853829558,27.372398376464844,21.303064346313477,0.10112918331317024,11.545002937316895,0.014201388888888888
6-29T3.mp4,338,11.276561461704423,29.510650634765625,32.108680725097656,0.12298311373940676,12.047371864318848,0.016180555555555556
6-29T3.mp4,339,11.309924069579289,29.510650634765625,32.108680725097656,0.12298311373940676,12.047371864318848,0.016180555555555556
6-29T3.mp4,340,11.343286677454154,28.028535842895508,8.823410987854004,0.13199928290044924,11.80579662322998,0.0103125
6-29T3.mp4,341,11.37664928532902,28.028535842895508,8.823410987854004,0.13199928290044924,11.80579662322998,0.0103125
6-29T3.mp4,342,11.410011893203883,27.010711669921875,1.4177430868148804,0.11135187954364036,14.29040813446045,0.010555555555555556
6-29T3.mp4,343,11.443374501078749,27.010711669921875,1.4177430868148804,0.11135187954364036,14.29040813446045,0.010555555555555556
6-29T3.mp4,344,11.476737108953614,30.884933471679688,41.05666732788086,0.21580748226509125,7.492703914642334,0.01361111111111111
6-29T3.mp4,345,11.51009971682848,30.884933471679688,41.05666732788086,0.21580748226509125,7.492703914642334,0.01361111111111111
6-29T3.mp4,346,11.543462324703345,30.493080139160156,32.10152053833008,0.18439747787552435,9.112212181091309,0.012916666666666667
6-29T3.mp4,347,11.57682493257821,30.493080139160156,32.10152053833008,0.18439747787552435,9.112212181091309,0.012916666666666667
6-29T3.mp4,348,11.610187540453074,28.982471466064453,18.6739501953125,0.1152065799515528,8.384010314941406,0.009913194444444445
6-29T3.mp4,349,11.64355014832794,28.982471466064453,18.6739501953125,0.1152065799515528,8.384010314941406,0.009913194444444445
6-29T3.mp4,350,11.676912756202805,31.376161575317383,27.038663864135742,0.14348890396366182,12.569933891296387,0.010815972222222222
6-29T3.mp4,351,11.71027536407767,31.376161575317383,27.038663864135742,0.14348890396366182,12.569933891296387,0.010815972222222222
6-29T3.mp4,352,11.743637971952536,26.672863006591797,2.6645660400390625,0.12030709496090697,12.775803565979004,0.010607638888888889
6-29T3.mp4,353,11.777000579827401,26.672863006591797,2.6645660400390625,0.12030709496090697,12.775803565979004,0.010607638888888889
6-29T3.mp4,354,11.810363187702265,26.8958797454834,11.038506507873535,0.08467263345293394,15.056057929992676,0.013090277777777777
6-29T3.mp4,355,11.84372579557713,26.8958797454834,11.038506507873535,0.08467263345293394,15.056057929992676,0.013090277777777777
6-29T3.mp4,356,11.877088403451996,28.350460052490234,17.508975982666016,0.09608809300249613,12.354426383972168,0.012135416666666666
6-29T3.mp4,357,11.910451011326861,28.350460052490234,17.508975982666016,0.09608809300249613,12.354426383972168,0.012135416666666666
6-29T3.mp4,358,11.943813619201727,28.596044540405273,17.8911190032959,0.16433845978768025,13.398199081420898,0.011579861111111112
6-29T3.mp4,359,11.977176227076592,28.596044540405273,17.8911190032959,0.16433845978768025,13.398199081420898,0.011579861111111112
6-29T3.mp4,360,12.010538834951456,28.571605682373047,-2.0635764598846436,0.12069413210196088,15.20676040649414,0.010763888888888889
6-29T3.mp4,361,12.043901442826321,28.571605682373047,-2.0635764598846436,0.12069413210196088,15.20676040649414,0.010763888888888889
6-29T3.mp4,362,12.077264050701187,32.02926254272461,41.76536560058594,0.18152174096498147,12.654696464538574,0.011493055555555555
6-29T3.mp4,363,12.110626658576052,32.02926254272461,41.76536560058594,0.18152174096498147,12.654696464538574,0.011493055555555555
6-29T3.mp4,364,12.143989266450918,31.49952507019043,15.469348907470703,0.21859180146496798,10.109039306640625,0.011979166666666667
6-29T3.mp4,365,12.177351874325783,31.49952507019043,15.469348907470703,0.21859180146496798,10.109039306640625,0.011979166666666667
6-29T3.mp4,366,12.210714482200647,29.301502227783203,29.002300262451172,0.11009892305172468,14.037631034851074,0.017621527777777778
6-29T3.mp4,367,12.244077090075512,29.301502227783203,29.002300262451172,0.11009892305172468,14.037631034851074,0.017621527777777778
6-29T3.mp4,368,12.277439697950378,29.176315307617188,26.986570358276367,0.11056371110140582,9.437628746032715,0.009930555555555555
6-29T3.mp4,369,12.310802305825243,29.176315307617188,26.986570358276367,0.11056371110140582,9.437628746032715,0.009930555555555555
6-29T3.mp4,370,12.344164913700109,27.26938819885254,6.110929012298584,0.10414801492819444,10.049751281738281,0.010399305555555556
6-29T3.mp4,371,12.377527521574974,27.26938819885254,6.110929012298584,0.10414801492819444,10.049751281738281,0.010399305555555556
6-29T3.mp4,372,12.41089012944984,27.195316314697266,-1.0545573234558105,0.10330953708349278,12.360962867736816,0.010451388888888889
6-29T3.mp4,373,12.444252737324703,27.195316314697266,-1.0545573234558105,0.10330953708349278,12.360962867736816,0.010451388888888889
6-29T3.mp4,374,12.477615345199569,30.46061134338379,36.05869674682617,0.17107786920714776,12.478279113769531,0.012586805555555556
6-29T3.mp4,375,12.510977953074434,30.46061134338379,36.05869674682617,0.17107786920714776,12.478279113769531,0.012586805555555556
6-29T3.mp4,376,12.5443405609493,30.01163673400879,28.08868980407715,0.15003569397329877,10.501073837280273,0.012222222222222223
6-29T3.mp4,377,12.577703168824165,30.01163673400879,28.08868980407715,0.15003569397329877,10.501073837280273,0.012222222222222223
6-29T3.mp4,378,12.61106577669903,30.402673721313477,35.83140563964844,0.17383468308407604,8.131674766540527,0.009635416666666667
6-29T3.mp4,379,12.644428384573894,30.402673721313477,35.83140563964844,0.17383468308407604,8.131674766540527,0.009635416666666667
6-29T3.mp4,380,12.67779099244876,31.220090866088867,30.401527404785156,0.18706772559279436,9.55153751373291,0.01109375
6-29T3.mp4,381,12.711153600323625,31.220090866088867,30.401527404785156,0.18706772559279436,9.55153751373291,0.01109375
6-29T3.mp4,382,12.74451620819849,30.98602294921875,46.39801025390625,0.2357516448352087,12.801216125488281,0.0140625
6-29T3.mp4,383,12.777878816073356,30.98602294921875,46.39801025390625,0.2357516448352087,12.801216125488281,0.0140625
6-29T3.mp4,384,12.811241423948221,27.211090087890625,16.5346622467041,0.11092254432372056,16.146406173706055,0.014444444444444444
6-29T3.mp4,385,12.844604031823085,27.211090087890625,16.5346622467041,0.11092254432372056,16.146406173706055,0.014444444444444444
6-29T3.mp4,386,12.87796663969795,28.845245361328125,25.396467208862305,0.1852441238153264,16.198171615600586,0.011597222222222222
6-29T3.mp4,387,12.911329247572816,28.845245361328125,25.396467208862305,0.1852441238153264,16.198171615600586,0.011597222222222222
6-29T3.mp4,388,12.944691855447681,28.37468147277832,12.308481216430664,0.15085260515514715,12.720645904541016,0.011163194444444444
6-29T3.mp4,389,12.978054463322547,28.37468147277832,12.308481216430664,0.15085260515514715,12.720645904541016,0.011163194444444444
6-29T3.mp4,390,13.011417071197412,28.42143440246582,-3.799722194671631,0.11423179113230356,10.921418190002441,0.010954861111111111
6-29T3.mp4,391,13.044779679072276,28.42143440246582,-3.799722194671631,0.11423179113230356,10.921418190002441,0.010954861111111111
6-29T3.mp4,392,13.078142286947141,30.812753677368164,41.608245849609375,0.2147397618233705,7.551305770874023,0.011944444444444445
6-29T3.mp4,393,13.111504894822007,30.812753677368164,41.608245849609375,0.2147397618233705,7.551305770874023,0.011944444444444445
6-29T3.mp4,394,13.144867502696872,30.46509552001953,40.723350524902344,0.1851576263081354,13.720210075378418,0.014340277777777778
6-29T3.mp4,395,13.178230110571738,30.46509552001953,40.723350524902344,0.1851576263081354,13.720210075378418,0.014340277777777778
6-29T3.mp4,396,13.211592718446603,29.17845916748047,28.42063331604004,0.11830660693149682,12.24694538116455,0.01125
6-29T3.mp4,397,13.244955326321467,29.17845916748047,28.42063331604004,0.11830660693149682,12.24694538116455,0.01125
6-29T3.mp4,398,13.278317934196332,29.7625789642334,29.413419723510742,0.15027786868619078,8.560385704040527,0.0096875
6-29T3.mp4,399,13.311680542071198,29.7625789642334,29.413419723510742,0.15027786868619078,8.560385704040527,0.0096875
6-29T3.mp4,400,13.345043149946063,26.994884490966797,4.0973005294799805,0.12271508966581768,15.527499198913574,0.009739583333333333
6-29T3.mp4,401,13.378405757820929,26.994884490966797,4.0973005294799805,0.12271508966581768,15.527499198913574,0.009739583333333333
6-29T3.mp4,402,13.411768365695794,26.599863052368164,8.928750038146973,0.09275187608019363,14.612892150878906,0.01671875
6-29T3.mp4,403,13.445130973570658,26.599863052368164,8.928750038146973,0.09275187608019363,14.612892150878906,0.01671875
6-29T3.mp4,404,13.478493581445523,30.611278533935547,36.323394775390625,0.21372223793674117,10.97215747833252,0.011371527777777777
6-29T3.mp4,405,13.511856189320389,30.611278533935547,36.323394775390625,0.21372223793674117,10.97215747833252,0.011371527777777777
6-29T3.mp4,406,13.545218797195254,28.561304092407227,12.965616226196289,0.17532028024220844,11.529653549194336,0.009722222222222222
6-29T3.mp4,407,13.57858140507012,28.561304092407227,12.965616226196289,0.17532028024220844,11.529653549194336,0.009722222222222222
6-29T3.mp4,408,13.611944012944985,29.851449966430664,24.74528694152832,0.15944878221286682,10.805191040039062,0.010138888888888888
6-29T3.mp4,409,13.64530662081985,29.851449966430664,24.74528694152832,0.15944878221286682,10.805191040039062,0.010138888888888888
6-29T3.mp4,410,13.678669228694714,31.11408805847168,33.33531188964844,0.20789147496716845,11.868597030639648,0.010451388888888889
6-29T3.mp4,411,13.71203183656958,31.11408805847168,33.33531188964844,0.20789147496716845,11.868597030639648,0.010451388888888889
6-29T3.mp4,412,13.745394444444445,31.23624038696289,48.833404541015625,0.22646323342483343,15.08798885345459,0.016909722222222222
6-29T3.mp4,413,13.77875705231931,31.23624038696289,48.833404541015625,0.22646323342483343,15.08798885345459,0.016909722222222222
6-29T3.mp4,414,13.812119660194176,27.656700134277344,19.179140090942383,0.10004975277384622,15.852450370788574,0.015225694444444444
6-29T3.mp4,415,13.845482268069041,27.656700134277344,19.179140090942383,0.10004975277384622,15.852450370788574,0.015225694444444444
6-29T3.mp4,416,13.878844875943905,28.553464889526367,25.523906707763672,0.13939213267188383,14.087872505187988,0.01265625
6-29T3.mp4,417,13.91220748381877,28.553464889526367,25.523906707763672,0.13939213267188383,14.087872505187988,0.01265625
6-29T3.mp4,418,13.945570091693636,27.89790153503418,11.1704683303833,0.18620063952760593,14.123453140258789,0.011111111111111112
6-29T3.mp4,419,13.978932699568501,27.89790153503418,11.1704683303833,0.18620063952760593,14.123453140258789,0.011111111111111112
6-29T3.mp4,420,14.012295307443367,30.225460052490234,35.023983001708984,0.22564398905822008,10.187434196472168,0.010295138888888888
6-29T3.mp4,421,14.045657915318232,30.225460052490234,35.023983001708984,0.22564398905822008,10.187434196472168,0.010295138888888888
6-29T3.mp4,422,14.079020523193096,27.582853317260742,-1.0346354246139526,0.1260304063539902,9.262353897094727,0.010850694444444444
6-29T3.mp4,423,14.112383131067961,27.582853317260742,-1.0346354246139526,0.1260304063539902,9.262353897094727,0.010850694444444444
6-29T3.mp4,424,14.145745738942827,27.49534034729004,6.035728931427002,0.12767080887725943,9.759174346923828,0.018524305555555554
6-29T3.mp4,425,14.179108346817692,27.49534034729004,6.035728931427002,0.12767080887725943,9.759174346923828,0.018524305555555554
6-29T3.mp4,426,14.212470954692558,26.617225646972656,7.1551127433776855,0.10624486541294255,13.631394386291504,0.015381944444444445
6-29T3.mp4,427,14.245833562567423,26.617225646972656,7.1551127433776855,0.10624486541294255,13.631394386291504,0.015381944444444445
6-29T3.mp4,428,14.279196170442287,26.604759216308594,7.972117900848389,0.09132562147172428,13.740063667297363,0.016354166666666666
6-29T3.mp4,429,14.312558778317152,26.604759216308594,7.972117900848389,0.09132562147172428,13.740063667297363,0.016354166666666666
6-29T3.mp4,430,14.345921386192018,26.53314208984375,9.011996269226074,0.09401148743112846,14.024588584899902,0.017135416666666667
6-29T3.mp4,431,14.379283994066883,26.53314208984375,9.011996269226074,0.09401148743112846,14.024588584899902,0.017135416666666667
6-29T3.mp4,432,14.412646601941749,26.36336326599121,8.815781593322754,0.09514691451702952,13.334752082824707,0.01659722222222222
6-29T3.mp4,433,14.446009209816614,26.36336326599121,8.815781593322754,0.09514691451702952,13.334752082824707,0.01659722222222222
6-29T3.mp4,434,14.479371817691478,26.311803817749023,8.333611488342285,0.09426422332769653,14.440132141113281,0.016927083333333332
6-29T3.mp4,435,14.512734425566343,26.311803817749023,8.333611488342285,0.09426422332769653,14.440132141113281,0.016927083333333332
6-29T3.mp4,436,14.546097033441209,26.19490623474121,8.52452278137207,0.09928708750012402,17.512428283691406,0.016475694444444446
6-29T3.mp4,437,14.579459641316074,26.19490623474121,8.52452278137207,0.09928708750012402,17.512428283691406,0.016475694444444446
6-29T3.mp4,438,14.61282224919094,26.242048263549805,8.964956283569336,0.09070688090644645,15.968585014343262,0.016840277777777777
6-29T3.mp4,439,14.646184857065805,26.242048263549805,8.964956283569336,0.09070688090644645,15.968585014343262,0.016840277777777777
6-29T3.mp4,440,14.679547464940669,26.157976150512695,9.046041488647461,0.10129847034743714,16.425626754760742,0.01612847222222222
6-29T3.mp4,441,14.712910072815534,26.157976150512695,9.046041488647461,0.10129847034743714,16.425626754760742,0.01612847222222222
6-29T3.mp4,442,14.7462726806904,26.199350357055664,9.39149284362793,0.09902264924682701,17.791316986083984,0.016649305555555556
6-29T3.mp4,443,14.779635288565265,26.199350357055664,9.39149284362793,0.09902264924682701,17.791316986083984,0.016649305555555556
6-29T3.mp4,444,14.81299789644013,26.20172691345215,9.460372924804688,0.09961228432179525,17.33346939086914,0.01642361111111111
6-29T3.mp4,445,14.846360504314996,26.20172691345215,9.460372924804688,0.09961228432179525,17.33346939086914,0.01642361111111111
6-29T3.mp4,446,14.87972311218986,26.239925384521484,9.426111221313477,0.09752966254472668,17.831584930419922,0.016614583333333332
6-29T3.mp4,447,14.913085720064725,26.239925384521484,9.426111221313477,0.09752966254472668,17.831584930419922,0.016614583333333332
6-29T3.mp4,448,14.94644832793959,26.20569610595703,9.648306846618652,0.09689736593724782,16.886470794677734,0.016319444444444445
6-29T3.mp4,449,14.979810935814456,26.20569610595703,9.648306846618652,0.09689736593724782,16.886470794677734,0.016319444444444445
6-29T3.mp4,450,15.013173543689321,26.133224487304688,9.714930534362793,0.09789847289883026,16.325485229492188,0.016145833333333335
6-29T3.mp4,451,15.046536151564187,26.133224487304688,9.714930534362793,0.09789847289883026,16.325485229492188,0.016145833333333335
6-29T3.mp4,452,15.079898759439052,26.079668045043945,9.87547779083252,0.10058304748268426,16.151432037353516,0.01659722222222222
6-29T3.mp4,453,15.113261367313916,26.079668045043945,9.87547779083252,0.10058304748268426,16.151432037353516,0.01659722222222222
6-29T3.mp4,454,15.146623975188781,26.082679748535156,10.070225715637207,0.09914825406956584,16.368711471557617,0.016840277777777777
6-29T3.mp4,455,15.179986583063647,26.082679748535156,10.070225715637207,0.09914825406956584,16.368711471557617,0.016840277777777777
6-29T3.mp4,456,15.213349190938512,26.065088272094727,10.258715629577637,0.10164158992751525,15.90786361694336,0.016631944444444446
6-29T3.mp4,457,15.246711798813378,26.065088272094727,10.258715629577637,0.10164158992751525,15.90786361694336,0.016631944444444446
6-29T3.mp4,458,15.280074406688243,26.079648971557617,10.133724212646484,0.10210614107361453,17.77373504638672,0.016614583333333332
6-29T3.mp4,459,15.313437014563107,26.079648971557617,10.133724212646484,0.10210614107361453,17.77373504638672,0.016614583333333332
6-29T3.mp4,460,15.346799622437972,26.1484432220459,10.063255310058594,0.09748799532085592,18.016815185546875,0.016614583333333332
6-29T3.mp4,461,15.380162230312838,26.1484432220459,10.063255310058594,0.09748799532085592,18.016815185546875,0.016614583333333332
6-29T3.mp4,462,15.413524838187703,26.0811710357666,10.561883926391602,0.10810810214805304,18.725276947021484,0.016319444444444445
6-29T3.mp4,463,15.446887446062568,26.0811710357666,10.561883926391602,0.10810810214805304,18.725276947021484,0.016319444444444445
6-29T3.mp4,464,15.480250053937434,26.081253051757812,10.181744575500488,0.09898250430142265,16.590030670166016,0.01623263888888889
6-29T3.mp4,465,15.513612661812298,26.081253051757812,10.181744575500488,0.09898250430142265,16.590030670166016,0.01623263888888889
6-29T3.mp4,466,15.546975269687163,26.035076141357422,10.408220291137695,0.10765977423141335,15.621387481689453,0.01642361111111111
6-29T3.mp4,467,15.580337877562028,26.035076141357422,10.408220291137695,0.10765977423141335,15.621387481689453,0.01642361111111111
6-29T3.mp4,468,15.613700485436894,26.122570037841797,10.354635238647461,0.1016095715824615,17.733240127563477,0.01576388888888889
6-29T3.mp4,469,15.64706309331176,26.122570037841797,10.354635238647461,0.1016095715824615,17.733240127563477,0.01576388888888889
6-29T3.mp4,470,15.680425701186625,26.193986892700195,10.206562042236328,0.10523037418100922,18.137619018554688,0.01581597222222222
6-29T3.mp4,471,15.713788309061488,26.193986892700195,10.206562042236328,0.10523037418100922,18.137619018554688,0.01581597222222222
6-29T3.mp4,472,15.747150916936354,26.16910743713379,10.516501426696777,0.10862445140355204,18.52866554260254,0.016145833333333335
6-29T3.mp4,473,15.78051352481122,26.16910743713379,10.516501426696777,0.10862445140355204,18.52866554260254,0.016145833333333335
6-29T3.mp4,474,15.813876132686085,26.18126106262207,10.58623218536377,0.10851011342989338,16.699800491333008,0.015729166666666666
6-29T3.mp4,475,15.84723874056095,26.18126106262207,10.58623218536377,0.10851011342989338,16.699800491333008,0.015729166666666666
6-29T3.mp4,476,15.880601348435816,26.111785888671875,10.21778678894043,0.10261220198140308,20.18706512451172,0.016006944444444445
6-29T3.mp4,477,15.91396395631068,26.111785888671875,10.21778678894043,0.10261220198140308,20.18706512451172,0.016006944444444445
6-29T3.mp4,478,15.947326564185545,26.076833724975586,10.479001998901367,0.10656883530661213,19.22661590576172,0.016354166666666666
6-29T3.mp4,479,15.98068917206041,26.076833724975586,10.479001998901367,0.10656883530661213,19.22661590576172,0.016354166666666666
6-29T3.mp4,480,16.014051779935276,26.11870002746582,10.411214828491211,0.113034246566721,18.153215408325195,0.01654513888888889
6-29T3.mp4,481,16.04741438781014,26.11870002746582,10.411214828491211,0.113034246566721,18.153215408325195,0.01654513888888889
6-29T3.mp4,482,16.080776995685007,26.092479705810547,10.395442962646484,0.10507245945900087,12.71290397644043,0.01640625
6-29T3.mp4,483,16.11413960355987,26.092479705810547,10.395442962646484,0.10507245945900087,12.71290397644043,0.01640625
6-29T3.mp4,484,16.147502211434738,26.050228118896484,10.392942428588867,0.10537679778856304,13.424490928649902,0.016354166666666666
6-29T3.mp4,485,16.1808648193096,26.050228118896484,10.392942428588867,0.10537679778856304,13.424490928649902,0.016354166666666666
6-29T3.mp4,486,16.214227427184465,25.714508056640625,10.61010456085205,0.11118326045468231,14.7849702835083,0.016944444444444446
6-29T3.mp4,487,16.247590035059332,25.714508056640625,10.61010456085205,0.11118326045468231,14.7849702835083,0.016944444444444446
6-29T3.mp4,488,16.280952642934196,25.753585815429688,10.635546684265137,0.1116491118441206,15.188283920288086,0.01628472222222222
6-29T3.mp4,489,16.314315250809063,25.753585815429688,10.635546684265137,0.1116491118441206,15.188283920288086,0.01628472222222222
6-29T3.mp4,490,16.347677858683927,26.188976287841797,10.5493745803833,0.10737859348350688,14.160953521728516,0.017517361111111112
6-29T3.mp4,491,16.381040466558794,26.188976287841797,10.5493745803833,0.10737859348350688,14.160953521728516,0.017517361111111112
6-29T3.mp4,492,16.414403074433658,25.92875862121582,10.402716636657715,0.10470595584353881,15.492647171020508,0.016857638888888887
6-29T3.mp4,493,16.44776568230852,25.92875862121582,10.402716636657715,0.10470595584353881,15.492647171020508,0.016857638888888887
6-29T3.mp4,494,16.48112829018339,25.818084716796875,10.307873725891113,0.11927703111664738,15.043972969055176,0.016649305555555556
6-29T3.mp4,495,16.514490898058252,25.818084716796875,10.307873725891113,0.11927703111664738,15.043972969055176,0.016649305555555556
6-29T3.mp4,496,16.54785350593312,26.02973175048828,10.81839370727539,0.10364050765453495,15.945980072021484,0.0165625
6-29T3.mp4,497,16.581216113807983,26.02973175048828,10.81839370727539,0.10364050765453495,15.945980072021484,0.0165625
6-29T3.mp4,498,16.61457872168285,26.129514694213867,10.506102561950684,0.09927186359143836,16.357688903808594,0.016493055555555556
6-29T3.mp4,499,16.647941329557714,26.129514694213867,10.506102561950684,0.09927186359143836,16.357688903808594,0.016493055555555556
6-29T3.mp4,500,16.681303937432578,25.893903732299805,10.494531631469727,0.10464658277935468,15.676774024963379,0.016163194444444445
6-29T3.mp4,501,16.714666545307445,25.893903732299805,10.494531631469727,0.10464658277935468,15.676774024963379,0.016163194444444445
6-29T3.mp4,502,16.74802915318231,25.778791427612305,10.411275863647461,0.10207999091165838,17.38511848449707,0.016371527777777777
6-29T3.mp4,503,16.781391761057176,25.778791427612305,10.411275863647461,0.10207999091165838,17.38511848449707,0.016371527777777777
6-29T3.mp4,504,16.81475436893204,25.902883529663086,10.576041221618652,0.1054338582728789,18.376394271850586,0.016961805555555556
6-29T3.mp4,505,16.848116976806903,25.902883529663086,10.576041221618652,0.1054338582728789,18.376394271850586,0.016961805555555556
6-29T3.mp4,506,16.88147958468177,26.144935607910156,10.726579666137695,0.09900161637266432,16.611743927001953,0.01703125
6-29T3.mp4,507,16.914842192556634,26.144935607910156,10.726579666137695,0.09900161637266432,16.611743927001953,0.01703125
6-29T3.mp4,508,16.9482048004315,26.07354164123535,10.580711364746094,0.09762691374916889,16.181432723999023,0.016180555555555556
6-29T3.mp4,509,16.981567408306365,26.07354164123535,10.580711364746094,0.09762691374916889,16.181432723999023,0.016180555555555556
6-29T3.mp4,510,17.014930016181232,26.031343460083008,10.650720596313477,0.0914616234824672,16.29287338256836,0.016354166666666666
6-29T3.mp4,511,17.048292624056096,26.031343460083008,10.650720596313477,0.0914616234824672,16.29287338256836,0.016354166666666666
6-29T3.mp4,512,17.08165523193096,26.113712310791016,10.63101577758789,0.09722397250545675,16.30413246154785,0.016684027777777777
6-29T3.mp4,513,17.115017839805827,26.113712310791016,10.63101577758789,0.09722397250545675,16.30413246154785,0.016684027777777777
6-29T3.mp4,514,17.14838044768069,26.009721755981445,10.791458129882812,0.09706619357098485,15.871099472045898,0.01689236111111111
6-29T3.mp4,515,17.181743055555557,26.009721755981445,10.791458129882812,0.09706619357098485,15.871099472045898,0.01689236111111111
6-29T3.mp4,516,17.21510566343042,25.99772834777832,10.93118953704834,0.10312476362263988,14.85810375213623,0.016788194444444446
6-29T3.mp4,517,17.248468271305285,25.99772834777832,10.93118953704834,0.10312476362263988,14.85810375213623,0.016788194444444446
6-29T3.mp4,518,17.281830879180152,26.101146697998047,10.87839412689209,0.09759850292714105,14.85470962524414,0.01642361111111111
6-29T3.mp4,519,17.315193487055016,26.101146697998047,10.87839412689209,0.09759850292714105,14.85470962524414,0.01642361111111111
6-29T3.mp4,520,17.348556094929883,26.164161682128906,10.963984489440918,0.1026389686182325,14.886363983154297,0.016770833333333332
6-29T3.mp4,521,17.381918702804747,26.164161682128906,10.963984489440918,0.1026389686182325,14.886363983154297,0.016770833333333332
6-29T3.mp4,522,17.415281310679614,26.04595184326172,11.043099403381348,0.10265262271222007,15.910621643066406,0.016666666666666666
6-29T3.mp4,523,17.448643918554477,26.04595184326172,11.043099403381348,0.10265262271222007,15.910621643066406,0.016666666666666666
6-29T3.mp4,524,17.48200652642934,26.03784942626953,10.874878883361816,0.10296129336635071,16.091915130615234,0.016840277777777777
6-29T3.mp4,525,17.51536913430421,26.03784942626953,10.874878883361816,0.10296129336635071,16.091915130615234,0.016840277777777777
6-29T3.mp4,526,17.548731742179072,26.019426345825195,10.858073234558105,0.10257693166583227,15.759716987609863,0.01704861111111111
6-29T3.mp4,527,17.58209435005394,26.019426345825195,10.858073234558105,0.10257693166583227,15.759716987609863,0.01704861111111111
6-29T3.mp4,528,17.615456957928803,26.00922393798828,10.93576431274414,0.10109932308088995,15.172868728637695,0.017135416666666667
6-29T3.mp4,529,17.648819565803667,26.00922393798828,10.93576431274414,0.10109932308088995,15.172868728637695,0.017135416666666667
6-29T3.mp4,530,17.682182173678534,26.03944969177246,11.026310920715332,0.09966618041125314,14.685587882995605,0.016961805555555556
6-29T3.mp4,531,17.715544781553398,26.03944969177246,11.026310920715332,0.09966618041125314,14.685587882995605,0.016961805555555556
6-29T3.mp4,532,17.748907389428265,26.159934997558594,11.101943969726562,0.10571327911395884,15.460432052612305,0.016979166666666667
6-29T3.mp4,533,17.78226999730313,26.159934997558594,11.101943969726562,0.10571327911395884,15.460432052612305,0.016979166666666667
6-29T3.mp4,534,17.815632605177996,26.14756965637207,11.045660018920898,0.10024561890048728,15.378856658935547,0.016927083333333332
6-29T3.mp4,535,17.84899521305286,26.14756965637207,11.045660018920898,0.10024561890048728,15.378856658935547,0.016927083333333332
6-29T3.mp4,536,17.882357820927723,26.127965927124023,11.041180610656738,0.10546950729664455,15.903817176818848,0.01675347222222222
6-29T3.mp4,537,17.91572042880259,26.127965927124023,11.041180610656738,0.10546950729664455,15.903817176818848,0.01675347222222222
6-29T3.mp4,538,17.949083036677454,26.188886642456055,10.98834228515625,0.102450780398054,16.398494720458984,0.01675347222222222
6-29T3.mp4,539,17.98244564455232,26.188886642456055,10.98834228515625,0.102450780398054,16.398494720458984,0.01675347222222222
6-29T3.mp4,540,18.015808252427185,26.1436824798584,10.934496879577637,0.09864484668100314,18.232683181762695,0.017274305555555557
6-29T3.mp4,541,18.049170860302052,26.1436824798584,10.934496879577637,0.09864484668100314,18.232683181762695,0.017274305555555557
6-29T3.mp4,542,18.082533468176916,26.204715728759766,11.265338897705078,0.10047565652117406,13.225022315979004,0.01654513888888889
6-29T3.mp4,543,18.11589607605178,26.204715728759766,11.265338897705078,0.10047565652117406,13.225022315979004,0.01654513888888889
6-29T3.mp4,544,18.149258683926647,26.16632843017578,11.09329891204834,0.10109780730545814,13.13768482208252,0.01654513888888889
6-29T3.mp4,545,18.18262129180151,26.16632843017578,11.09329891204834,0.10109780730545814,13.13768482208252,0.01654513888888889
6-29T3.mp4,546,18.215983899676377,26.12046241760254,10.958107948303223,0.10117893138361915,14.66091251373291,0.016857638888888887
6-29T3.mp4,547,18.24934650755124,26.12046241760254,10.958107948303223,0.10117893138361915,14.66091251373291,0.016857638888888887
6-29T3.mp4,548,18.282709115426105,26.046125411987305,11.179566383361816,0.09809108748368933,14.039079666137695,0.01675347222222222
6-29T3.mp4,549,18.316071723300972,26.046125411987305,11.179566383361816,0.09809108748368933,14.039079666137695,0.01675347222222222
6-29T3.mp4,550,18.349434331175836,26.03771209716797,10.894869804382324,0.09788724719372895,14.146031379699707,0.016979166666666667
6-29T3.mp4,551,18.382796939050703,26.03771209716797,10.894869804382324,0.09788724719372895,14.146031379699707,0.016979166666666667
6-29T3.mp4,552,18.416159546925567,26.1717472076416,11.076883316040039,0.10737922433650618,13.066864967346191,0.017013888888888887
6-29T3.mp4,553,18.449522154800434,26.1717472076416,11.076883316040039,0.10737922433650618,13.066864967346191,0.017013888888888887
6-29T3.mp4,554,18.482884762675297,26.160776138305664,10.730790138244629,0.10206932767254483,13.243629455566406,0.017222222222222222
6-29T3.mp4,555,18.51624737055016,26.160776138305664,10.730790138244629,0.10206932767254483,13.243629455566406,0.017222222222222222
6-29T3.mp4,556,18.54960997842503,26.115474700927734,10.914270401000977,0.10831781460469588,13.719914436340332,0.017274305555555557
6-29T3.mp4,557,18.582972586299892,26.115474700927734,10.914270401000977,0.10831781460469588,13.719914436340332,0.017274305555555557
6-29T3.mp4,558,18.61633519417476,26.13806915283203,11.103437423706055,0.1060209498065542,14.456099510192871,0.017743055555555557
6-29T3.mp4,559,18.649697802049623,26.13806915283203,11.103437423706055,0.1060209498065542,14.456099510192871,0.017743055555555557
6-29T3.mp4,560,18.683060409924487,26.128446578979492,11.010000228881836,0.10770900341939021,13.903542518615723,0.01765625
6-29T3.mp4,561,18.716423017799354,26.128446578979492,11.010000228881836,0.10770900341939021,13.903542518615723,0.01765625
6-29T3.mp4,562,18.749785625674217,26.15044403076172,11.05302906036377,0.10818695711677737,13.068525314331055,0.017447916666666667
6-29T3.mp4,563,18.783148233549085,26.15044403076172,11.05302906036377,0.10818695711677737,13.068525314331055,0.017447916666666667
6-29T3.mp4,564,18.81651084142395,26.128978729248047,11.169800758361816,0.10991108616634856,14.829203605651855,0.017239583333333332
6-29T3.mp4,565,18.849873449298816,26.128978729248047,11.169800758361816,0.10991108616634856,14.829203605651855,0.017239583333333332
6-29T3.mp4,566,18.88323605717368,26.19257354736328,11.064939498901367,0.10227616779403205,14.081143379211426,0.017482638888888888
6-29T3.mp4,567,18.916598665048543,26.19257354736328,11.064939498901367,0.10227616779403205,14.081143379211426,0.017482638888888888
6-29T3.mp4,568,18.94996127292341,26.16943359375,11.117951393127441,0.10321911413976448,13.797565460205078,0.017170138888888888
6-29T3.mp4,569,18.983323880798274,26.16943359375,11.117951393127441,0.10321911413976448,13.797565460205078,0.017170138888888888
6-29T3.mp4,570,19.01668648867314,26.11406898498535,10.92283821105957,0.10103757066248882,14.861529350280762,0.017413194444444443
6-29T3.mp4,571,19.050049096548005,26.11406898498535,10.92283821105957,0.10103757066248882,14.861529350280762,0.017413194444444443
6-29T3.mp4,572,19.083411704422872,26.201034545898438,10.799835205078125,0.10007998583498584,15.002182960510254,0.017447916666666667
6-29T3.mp4,573,19.116774312297736,26.201034545898438,10.799835205078125,0.10007998583498584,15.002182960510254,0.017447916666666667
6-29T3.mp4,574,19.1501369201726,26.173479080200195,10.926067352294922,0.10756371059061923,14.791755676269531,0.016996527777777777
6-29T3.mp4,575,19.183499528047466,26.173479080200195,10.926067352294922,0.10756371059061923,14.791755676269531,0.016996527777777777
6-29T3.mp4,576,19.21686213592233,26.062664031982422,10.858515739440918,0.10285923173887926,14.837539672851562,0.016979166666666667
6-29T3.mp4,577,19.250224743797197,26.062664031982422,10.858515739440918,0.10285923173887926,14.837539672851562,0.016979166666666667
6-29T3.mp4,578,19.28358735167206,26.059602737426758,10.943385124206543,0.10697700906618762,15.077451705932617,0.016788194444444446
6-29T3.mp4,579,19.316949959546925,26.059602737426758,10.943385124206543,0.10697700906618762,15.077451705932617,0.016788194444444446
6-29T3.mp4,580,19.350312567421792,26.05147361755371,10.93677043914795,0.10387567996736108,15.30471134185791,0.017152777777777777
6-29T3.mp4,581,19.383675175296656,26.05147361755371,10.93677043914795,0.10387567996736108,15.30471134185791,0.017152777777777777
6-29T3.mp4,582,19.417037783171523,26.10964584350586,10.692925453186035,0.10199454999197681,15.965517044067383,0.017152777777777777
6-29T3.mp4,583,19.450400391046387,26.10964584350586,10.692925453186035,0.10199454999197681,15.965517044067383,0.017152777777777777
6-29T3.mp4,584,19.483762998921254,26.102922439575195,10.961840629577637,0.1063767009858163,14.893559455871582,0.017170138888888888
6-29T3.mp4,585,19.517125606796117,26.102922439575195,10.961840629577637,0.1063767009858163,14.893559455871582,0.017170138888888888
6-29T3.mp4,586,19.55048821467098,26.207569122314453,10.814218521118164,0.10114711900201977,15.161688804626465,0.017482638888888888
6-29T3.mp4,587,19.58385082254585,26.207569122314453,10.814218521118164,0.10114711900201977,15.161688804626465,0.017482638888888888
6-29T3.mp4,588,19.617213430420712,26.095779418945312,10.914678573608398,0.10220308901230707,15.370161056518555,0.017291666666666667
6-29T3.mp4,589,19.65057603829558,26.095779418945312,10.914678573608398,0.10220308901230707,15.370161056518555,0.017291666666666667
6-29T3.mp4,590,19.683938646170443,26.205081939697266,10.985407829284668,0.1036246608981937,14.909014701843262,0.017013888888888887
6-29T3.mp4,591,19.717301254045307,26.205081939697266,10.985407829284668,0.1036246608981937,14.909014701843262,0.017013888888888887
6-29T3.mp4,592,19.750663861920174,26.1359806060791,11.134687423706055,0.10543520006713013,15.951827049255371,0.017065972222222222
6-29T3.mp4,593,19.784026469795037,26.1359806060791,11.134687423706055,0.10543520006713013,15.951827049255371,0.017065972222222222
6-29T3.mp4,594,19.817389077669905,26.140352249145508,10.96129322052002,0.10199132813874978,15.86556339263916,0.017100694444444446
6-29T3.mp4,595,19.85075168554477,26.140352249145508,10.96129322052002,0.10199132813874978,15.86556339263916,0.017100694444444446
6-29T3.mp4,596,19.884114293419636,26.264909744262695,11.0944185256958,0.10303610269133744,15.044700622558594,0.0171875
6-29T3.mp4,597,19.9174769012945,26.264909744262695,11.0944185256958,0.10303610269133744,15.044700622558594,0.0171875
6-29T3.mp4,598,19.950839509169363,26.07972526550293,10.965459823608398,0.10756146272941679,14.463454246520996,0.017239583333333332
6-29T3.mp4,599,19.98420211704423,26.07972526550293,10.965459823608398,0.10756146272941679,14.463454246520996,0.017239583333333332
6-29T3.mp4,600,20.017564724919094,26.204418182373047,11.084748268127441,0.10281452037731832,15.103856086730957,0.017204861111111112
6-29T3.mp4,601,20.05092733279396,26.204418182373047,11.084748268127441,0.10281452037731832,15.103856086730957,0.017204861111111112
6-29T3.mp4,602,20.084289940668825,26.131521224975586,10.845000267028809,0.11740547386807447,13.410551071166992,0.01657986111111111
6-29T3.mp4,603,20.11765254854369,26.131521224975586,10.845000267028809,0.11740547386807447,13.410551071166992,0.01657986111111111
6-29T3.mp4,604,20.151015156418556,26.09811019897461,11.008333206176758,0.11746950842509506,14.157275199890137,0.016788194444444446
6-29T3.mp4,605,20.18437776429342,26.09811019897461,11.008333206176758,0.11746950842509506,14.157275199890137,0.016788194444444446
6-29T3.mp4,606,20.217740372168286,26.1004695892334,11.010581970214844,0.12201705121926665,15.32354736328125,0.016666666666666666
6-29T3.mp4,607,20.25110298004315,26.1004695892334,11.010581970214844,0.12201705121926665,15.32354736328125,0.016666666666666666
6-29T3.mp4,608,20.284465587918017,26.100542068481445,11.095963478088379,0.12402867615663364,16.45696258544922,0.017465277777777777
6-29T3.mp4,609,20.31782819579288,26.100542068481445,11.095963478088379,0.12402867615663364,16.45696258544922,0.017465277777777777
6-29T3.mp4,610,20.351190803667745,26.085073471069336,11.058385848999023,0.12368907857803375,16.07392692565918,0.01734375
6-29T3.mp4,611,20.384553411542612,26.085073471069336,11.058385848999023,0.12368907857803375,16.07392692565918,0.01734375
6-29T3.mp4,612,20.417916019417476,26.07315444946289,10.959731101989746,0.1248087234608173,16.684206008911133,0.017291666666666667
6-29T3.mp4,613,20.451278627292343,26.07315444946289,10.959731101989746,0.1248087234608173,16.684206008911133,0.017291666666666667
6-29T3.mp4,614,20.484641235167206,26.131603240966797,10.991622924804688,0.12086545457417329,17.18686866760254,0.017065972222222222
6-29T3.mp4,615,20.518003843042074,26.131603240966797,10.991622924804688,0.12086545457417329,17.18686866760254,0.017065972222222222
6-29T3.mp4,616,20.551366450916937,26.2003231048584,11.20630168914795,0.11689442814791942,16.442127227783203,0.0171875
6-29T3.mp4,617,20.5847290587918,26.2003231048584,11.20630168914795,0.11689442814791942,16.442127227783203,0.0171875
6-29T3.mp4,618,20.61809166666667,26.108976364135742,11.078880310058594,0.11556931276974333,17.217205047607422,0.016822916666666667
6-29T3.mp4,619,20.651454274541532,26.108976364135742,11.078880310058594,0.11556931276974333,17.217205047607422,0.016822916666666667
6-29T3.mp4,620,20.6848168824164,26.051483154296875,11.131206512451172,0.118003494521414,15.952709197998047,0.016909722222222222
6-29T3.mp4,621,20.718179490291263,26.051483154296875,11.131206512451172,0.118003494521414,15.952709197998047,0.016909722222222222
6-29T3.mp4,622,20.751542098166126,26.0625057220459,11.18211841583252,0.12585942139905604,16.3905029296875,0.017465277777777777
6-29T3.mp4,623,20.784904706040994,26.0625057220459,11.18211841583252,0.12585942139905604,16.3905029296875,0.017465277777777777
6-29T3.mp4,624,20.818267313915857,26.14938735961914,11.20673656463623,0.12078068215861679,17.29611587524414,0.017569444444444443
6-29T3.mp4,625,20.851629921790725,26.14938735961914,11.20673656463623,0.12078068215861679,17.29611587524414,0.017569444444444443
6-29T3.mp4,626,20.88499252966559,26.155912399291992,11.139817237854004,0.11996046539995493,17.03169822692871,0.017916666666666668
6-29T3.mp4,627,20.918355137540456,26.155912399291992,11.139817237854004,0.11996046539995493,17.03169822692871,0.017916666666666668
6-29T3.mp4,628,20.95171774541532,26.16303253173828,11.208749771118164,0.12507576766514264,17.44130516052246,0.017725694444444443
6-29T3.mp4,629,20.985080353290183,26.16303253173828,11.208749771118164,0.12507576766514264,17.44130516052246,0.017725694444444443
6-29T3.mp4,630,21.01844296116505,26.192001342773438,10.864678382873535,0.11772194842466427,16.496662139892578,0.017621527777777778
6-29T3.mp4,631,21.051805569039914,26.192001342773438,10.864678382873535,0.11772194842466427,16.496662139892578,0.017621527777777778
6-29T3.mp4,632,21.08516817691478,26.087602615356445,11.101875305175781,0.1152984708985532,19.147748947143555,0.017517361111111112
6-29T3.mp4,633,21.118530784789645,26.087602615356445,11.101875305175781,0.1152984708985532,19.147748947143555,0.017517361111111112
6-29T3.mp4,634,21.15189339266451,26.15627098083496,11.115043640136719,0.11475474744532878,18.37635612487793,0.01734375
6-29T3.mp4,635,21.185256000539376,26.15627098083496,11.115043640136719,0.11475474744532878,18.37635612487793,0.01734375
6-29T3.mp4,636,21.21861860841424,26.17273712158203,11.149262428283691,0.11771633015228307,18.488731384277344,0.017256944444444443
6-29T3.mp4,637,21.251981216289106,26.17273712158203,11.149262428283691,0.11771633015228307,18.488731384277344,0.017256944444444443
6-29T3.mp4,638,21.28534382416397,26.2285213470459,11.075963973999023,0.12299157819989523,18.221359252929688,0.017013888888888887
6-29T3.mp4,639,21.318706432038837,26.2285213470459,11.075963973999023,0.12299157819989523,18.221359252929688,0.017013888888888887
6-29T3.mp4,640,21.3520690399137,26.129634857177734,11.047039985656738,0.12236181511401596,18.79720687866211,0.017447916666666667
6-29T3.mp4,641,21.385431647788565,26.129634857177734,11.047039985656738,0.12236181511401596,18.79720687866211,0.017447916666666667
6-29T3.mp4,642,21.418794255663432,26.158954620361328,11.108281135559082,0.12037501385552392,20.710222244262695,0.017152777777777777
6-29T3.mp4,643,21.452156863538296,26.158954620361328,11.108281135559082,0.12037501385552392,20.710222244262695,0.017152777777777777
6-29T3.mp4,644,21.485519471413163,26.1577091217041,11.071006774902344,0.12130792243463313,19.413270950317383,0.017291666666666667
6-29T3.mp4,645,21.518882079288026,26.1577091217041,11.071006774902344,0.12130792243463313,19.413270950317383,0.017291666666666667
6-29T3.mp4,646,21.55224468716289,26.242733001708984,11.246927261352539,0.11674949303433019,19.430946350097656,0.017170138888888888
6-29T3.mp4,647,21.585607295037757,26.242733001708984,11.246927261352539,0.11674949303433019,19.430946350097656,0.017170138888888888
6-29T3.mp4,648,21.61896990291262,26.172447204589844,11.13863754272461,0.11365324466690424,17.999114990234375,0.01704861111111111
6-29T3.mp4,649,21.652332510787488,26.172447204589844,11.13863754272461,0.11365324466690424,17.999114990234375,0.01704861111111111
6-29T3.mp4,650,21.685695118662352,26.18227195739746,10.717239379882812,0.10959676981878803,18.36210823059082,0.017170138888888888
6-29T3.mp4,651,21.71905772653722,26.18227195739746,10.717239379882812,0.10959676981878803,18.36210823059082,0.017170138888888888
6-29T3.mp4,652,21.752420334412083,26.1758975982666,10.99311637878418,0.11089327999893478,18.662134170532227,0.017447916666666667
6-29T3.mp4,653,21.785782942286946,26.1758975982666,10.99311637878418,0.11089327999893478,18.662134170532227,0.017447916666666667
6-29T3.mp4,654,21.819145550161814,26.294591903686523,11.200346946716309,0.11102179457685792,18.38238525390625,0.017395833333333333
6-29T3.mp4,655,21.852508158036677,26.294591903686523,11.200346946716309,0.11102179457685792,18.38238525390625,0.017395833333333333
6-29T3.mp4,656,21.885870765911545,26.27138328552246,11.127283096313477,0.10964335422167766,19.602432250976562,0.017482638888888888
6-29T3.mp4,657,21.91923337378641,26.27138328552246,11.127283096313477,0.10964335422167766,19.602432250976562,0.017482638888888888
6-29T3.mp4,658,21.952595981661275,26.210086822509766,10.92920970916748,0.10538288413859176,19.751338958740234,0.01765625
6-29T3.mp4,659,21.98595858953614,26.210086822509766,10.92920970916748,0.10538288413859176,19.751338958740234,0.01765625
6-29T3.mp4,660,22.019321197411003,26.35153579711914,11.168463706970215,0.11710496121054564,18.724777221679688,0.017517361111111112
6-29T3.mp4,661,22.05268380528587,26.35153579711914,11.168463706970215,0.11710496121054564,18.724777221679688,0.017517361111111112
6-29T3.mp4,662,22.086046413160734,26.081411361694336,11.191797256469727,0.110084672828192,12.263694763183594,0.016857638888888887
6-29T3.mp4,663,22.1194090210356,26.081411361694336,11.191797256469727,0.110084672828192,12.263694763183594,0.016857638888888887
6-29T3.mp4,664,22.152771628910465,26.164709091186523,11.123246192932129,0.10437766450718522,12.977904319763184,0.016770833333333332
6-29T3.mp4,665,22.18613423678533,26.164709091186523,11.123246192932129,0.10437766450718522,12.977904319763184,0.016770833333333332
6-29T3.mp4,666,22.219496844660195,26.029470443725586,10.736449241638184,0.10342870289142833,12.989128112792969,0.016684027777777777
6-29T3.mp4,667,22.25285945253506,26.029470443725586,10.736449241638184,0.10342870289142833,12.989128112792969,0.016684027777777777
6-29T3.mp4,668,22.286222060409926,26.340612411499023,10.89888858795166,0.11288392228167024,15.268453598022461,0.016614583333333332
6-29T3.mp4,669,22.31958466828479,26.340612411499023,10.89888858795166,0.11288392228167024,15.268453598022461,0.016614583333333332
6-29T3.mp4,670,22.352947276159657,27.522640228271484,9.020546913146973,0.11133609022683508,21.80400276184082,0.01949652777777778
6-29T3.mp4,671,22.38630988403452,27.522640228271484,9.020546913146973,0.11133609022683508,21.80400276184082,0.01949652777777778
6-29T3.mp4,672,22.419672491909385,26.789640426635742,7.596970558166504,0.13026000450579775,30.458398818969727,0.019114583333333334
6-29T3.mp4,673,22.453035099784252,26.789640426635742,7.596970558166504,0.13026000450579775,30.458398818969727,0.019114583333333334
6-29T3.mp4,674,22.486397707659115,26.083541870117188,6.573159694671631,0.11468798317393197,28.59198570251465,0.019461805555555555
6-29T3.mp4,675,22.519760315533983,26.083541870117188,6.573159694671631,0.11468798317393197,28.59198570251465,0.019461805555555555
6-29T3.mp4,676,22.553122923408846,26.315555572509766,6.692647457122803,0.12394485541919338,26.591033935546875,0.0184375
6-29T3.mp4,677,22.58648553128371,26.315555572509766,6.692647457122803,0.12394485541919338,26.591033935546875,0.0184375
6-29T3.mp4,678,22.619848139158577,27.60124397277832,8.669869422912598,0.11523911920776314,22.29987335205078,0.01887152777777778
6-29T3.mp4,679,22.65321074703344,27.60124397277832,8.669869422912598,0.11523911920776314,22.29987335205078,0.01887152777777778
6-29T3.mp4,680,22.686573354908308,23.048336029052734,8.020851135253906,0.08827576129353348,30.16347885131836,0.010434027777777778
6-29T3.mp4,681,22.719935962783172,23.048336029052734,8.020851135253906,0.08827576129353348,30.16347885131836,0.010434027777777778
6-29T3.mp4,682,22.75329857065804,30.087175369262695,6.284687519073486,0.16334128193382325,40.20759201049805,0.011493055555555555
6-29T3.mp4,683,22.786661178532903,30.087175369262695,6.284687519073486,0.16334128193382325,40.20759201049805,0.011493055555555555
6-29T3.mp4,684,22.820023786407766,40.163333892822266,9.505573272705078,0.16414869183451603,31.407363891601562,0.03027777777777778
6-29T3.mp4,685,22.853386394282634,40.163333892822266,9.505573272705078,0.16414869183451603,31.407363891601562,0.03027777777777778
6-29T3.mp4,686,22.886749002157497,27.860416412353516,9.01962661743164,0.21393585133204443,26.15376091003418,0.00038194444444444446
6-29T3.mp4,687,22.920111610032365,27.860416412353516,9.01962661743164,0.21393585133204443,26.15376091003418,0.00038194444444444446
6-29T3.mp4,688,22.953474217907228,17.039045333862305,6.591796875,0.15111946576146168,22.940410614013672,0.0038541666666666668
6-29T3.mp4,689,22.986836825782092,17.039045333862305,6.591796875,0.15111946576146168,22.940410614013672,0.0038541666666666668
6-29T3.mp4,690,23.02019943365696,20.77189826965332,10.504539489746094,0.1603156600412253,32.632568359375,0.006753472222222222
6-29T3.mp4,691,23.053562041531823,20.77189826965332,10.504539489746094,0.1603156600412253,32.632568359375,0.006753472222222222
6-29T3.mp4,692,23.08692464940669,28.158554077148438,5.497439384460449,0.12894550848836964,31.90284538269043,0.012378472222222223
6-29T3.mp4,693,23.120287257281554,28.158554077148438,5.497439384460449,0.12894550848836964,31.90284538269043,0.012378472222222223
6-29T3.mp4,694,23.15364986515642,17.876462936401367,-4.619452953338623,0.18349835987803612,16.12127113342285,0.008107638888888888
6-29T3.mp4,695,23.187012473031285,17.876462936401367,-4.619452953338623,0.18349835987803612,16.12127113342285,0.008107638888888888
6-29T3.mp4,696,23.220375080906148,12.263689041137695,-5.41095495223999,0.27039531809358286,19.968257904052734,0.0
6-29T3.mp4,697,23.253737688781015,12.263689041137695,-5.41095495223999,0.27039531809358286,19.968257904052734,0.0
6-29T3.mp4,698,23.28710029665588,10.370613098144531,-8.242560386657715,0.17697157796489396,13.227988243103027,0.0
6-29T3.mp4,699,23.320462904530746,10.370613098144531,-8.242560386657715,0.17697157796489396,13.227988243103027,0.0
6-29T3.mp4,700,23.35382551240561,2.387010097503662,0.052873264998197556,0.12326552203098311,9.960489273071289,0.0
6-29T3.mp4,701,23.387188120280477,2.387010097503662,0.052873264998197556,0.12326552203098311,9.960489273071289,0.0
6-29T3.mp4,702,23.42055072815534,2.5043368339538574,1.1810330152511597,0.17932629593536034,7.508687496185303,0.0
6-29T3.mp4,703,23.453913336030205,2.5043368339538574,1.1810330152511597,0.17932629593536034,7.508687496185303,0.0
6-29T3.mp4,704,23.487275943905072,2.0180282592773438,1.4399218559265137,0.29802327748367896,10.706206321716309,0.0
6-29T3.mp4,705,23.520638551779935,2.0180282592773438,1.4399218559265137,0.29802327748367896,10.706206321716309,0.0
6-29T3.mp4,706,23.554001159654803,1.773085117340088,1.330147624015808,0.27812083075494753,9.246211051940918,0.0
6-29T3.mp4,707,23.587363767529666,1.773085117340088,1.330147624015808,0.27812083075494753,9.246211051940918,0.0
6-29T3.mp4,708,23.62072637540453,1.6799511909484863,1.0087326765060425,0.19423418930206662,8.802769660949707,0.0
6-29T3.mp4,709,23.654088983279397,1.6799511909484863,1.0087326765060425,0.19423418930206662,8.802769660949707,0.0
6-29T3.mp4,710,23.68745159115426,4.008018493652344,-3.4484808444976807,0.2545613121346439,17.825780868530273,0.0
6-29T3.mp4,711,23.720814199029128,4.008018493652344,-3.4484808444976807,0.2545613121346439,17.825780868530273,0.0
6-29T3.mp4,712,23.754176806903992,1.351075291633606,0.6120312213897705,0.5873590179369035,10.08120346069336,0.0
6-29T3.mp4,713,23.78753941477886,1.351075291633606,0.6120312213897705,0.5873590179369035,10.08120346069336,0.0
6-29T3.mp4,714,23.820902022653723,6.147495269775391,-0.5562847256660461,0.11700907648957443,14.633742332458496,0.003107638888888889
6-29T3.mp4,715,23.854264630528586,6.147495269775391,-0.5562847256660461,0.11700907648957443,14.633742332458496,0.003107638888888889
6-29T3.mp4,716,23.887627238403454,27.08291244506836,-0.7914496660232544,0.17927816609143946,9.64156436920166,0.07897569444444444
6-29T3.mp4,717,23.920989846278317,27.08291244506836,-0.7914496660232544,0.17927816609143946,9.64156436920166,0.07897569444444444
6-29T3.mp4,718,23.954352454153184,2.1549947261810303,0.3628559112548828,0.29324059971559885,7.381217002868652,0.0
6-29T3.mp4,719,23.987715062028048,2.1549947261810303,0.3628559112548828,0.29324059971559885,7.381217002868652,0.0
6-29T3.mp4,720,24.021077669902912,1.5530552864074707,1.0319530963897705,0.31149920919353097,12.801257133483887,0.0
6-29T3.mp4,721,24.05444027777778,1.5530552864074707,1.0319530963897705,0.31149920919353097,12.801257133483887,0.0
6-29T3.mp4,722,24.087802885652643,4.473441123962402,0.34756943583488464,0.19935555821255832,9.120417594909668,0.0
6-29T3.mp4,723,24.12116549352751,4.473441123962402,0.34756943583488464,0.19935555821255832,9.120417594909668,0.0
6-29T3.mp4,724,24.154528101402374,5.439485549926758,0.3101649284362793,0.31314486265182495,11.953204154968262,0.0
6-29T3.mp4,725,24.18789070927724,5.439485549926758,0.3101649284362793,0.31314486265182495,11.953204154968262,0.0
6-29T3.mp4,726,24.221253317152105,38.78575134277344,-1.143081545829773,0.3815287045647641,21.555034637451172,0.056163194444444446
6-29T3.mp4,727,24.254615925026968,38.78575134277344,-1.143081545829773,0.3815287045647641,21.555034637451172,0.056163194444444446
6-29T3.mp4,728,24.287978532901835,63.57762908935547,-2.14309024810791,0.23898929994531823,27.107900619506836,0.12640625
6-29T3.mp4,729,24.3213411407767,63.57762908935547,-2.14309024810791,0.23898929994531823,27.107900619506836,0.12640625
6-29T3.mp4,730,24.354703748651566,15.884195327758789,1.0955989360809326,0.4114652180386081,11.531435012817383,0.0
6-29T3.mp4,731,24.38806635652643,15.884195327758789,1.0955989360809326,0.4114652180386081,11.531435012817383,0.0
6-29T3.mp4,732,24.421428964401294,6.035236358642578,0.7216753363609314,0.1807016721103396,9.455636978149414,0.0
6-29T3.mp4,733,24.45479157227616,6.035236358642578,0.7216753363609314,0.1807016721103396,9.455636978149414,0.0
6-29T3.mp4,734,24.488154180151025,34.094783782958984,-5.371874809265137,0.11272826794165908,11.325902938842773,0.0
6-29T3.mp4,735,24.52151678802589,34.094783782958984,-5.371874809265137,0.11272826794165908,11.325902938842773,0.0
6-29T3.mp4,736,24.554879395900755,33.73908996582031,-1.358559012413025,0.1736291350306096,15.66087818145752,0.0
6-29T3.mp4,737,24.588242003775623,33.73908996582031,-1.358559012413025,0.1736291350306096,15.66087818145752,0.0
6-29T3.mp4,738,24.621604611650486,82.36460876464844,4.595902919769287,0.16782888545660335,18.97282600402832,0.08918402777777777
6-29T3.mp4,739,24.65496721952535,82.36460876464844,4.595902919769287,0.16782888545660335,18.97282600402832,0.08918402777777777
6-29T3.mp4,740,24.688329827400217,69.53409576416016,-16.25824737548828,0.12139093006670107,41.30559158325195,0.0
6-29T3.mp4,741,24.72169243527508,69.53409576416016,-16.25824737548828,0.12139093006670107,41.30559158325195,0.0
6-29T3.mp4,742,24.755055043149948,64.71713256835938,-42.8064079284668,0.10849768278811579,11.608662605285645,0.0
6-29T3.mp4,743,24.78841765102481,64.71713256835938,-42.8064079284668,0.10849768278811579,11.608662605285645,0.0
6-29T3.mp4,744,24.82178025889968,69.45250701904297,-39.31292724609375,0.18821656675860993,11.936169624328613,8.680555555555556e-05
6-29T3.mp4,745,24.855142866774543,69.45250701904297,-39.31292724609375,0.18821656675860993,11.936169624328613,8.680555555555556e-05
6-29T3.mp4,746,24.888505474649406,70.46405029296875,-35.975772857666016,0.04068740235225829,12.340002059936523,0.0
6-29T3.mp4,747,24.921868082524274,70.46405029296875,-35.975772857666016,0.04068740235225829,12.340002059936523,0.0
6-29T3.mp4,748,24.955230690399137,46.27414321899414,-22.071866989135742,0.07005144876806763,9.069303512573242,0.0
6-29T3.mp4,749,24.988593298274004,46.27414321899414,-22.071866989135742,0.07005144876806763,9.069303512573242,0.0
6-29T3.mp4,750,25.021955906148868,33.38086700439453,-11.61866283416748,0.2772389706940841,11.83922290802002,0.0
6-29T3.mp4,751,25.055318514023732,33.38086700439453,-11.61866283416748,0.2772389706940841,11.83922290802002,0.0
6-29T3.mp4,752,25.0886811218986,32.48508071899414,-10.061528205871582,0.5093154038894786,9.284027099609375,0.0
6-29T3.mp4,753,25.122043729773463,32.48508071899414,-10.061528205871582,0.5093154038894786,9.284027099609375,0.0
6-29T3.mp4,754,25.15540633764833,32.132110595703125,-9.05685806274414,0.3841224498261403,11.398947715759277,0.0
6-29T3.mp4,755,25.188768945523194,32.132110595703125,-9.05685806274414,0.3841224498261403,11.398947715759277,0.0
6-29T3.mp4,756,25.22213155339806,35.788597106933594,-10.112161636352539,0.18280847462917965,13.901002883911133,0.0
6-29T3.mp4,757,25.255494161272924,35.788597106933594,-10.112161636352539,0.18280847462917965,13.901002883911133,0.0
6-29T3.mp4,758,25.288856769147788,28.52130126953125,-4.986848831176758,0.22447661724985776,11.703821182250977,0.0
6-29T3.mp4,759,25.322219377022655,28.52130126953125,-4.986848831176758,0.22447661724985776,11.703821182250977,0.0
6-29T3.mp4,760,25.35558198489752,73.23904418945312,-31.313575744628906,0.13654036940734082,16.067140579223633,0.0
6-29T3.mp4,761,25.388944592772386,73.23904418945312,-31.313575744628906,0.13654036940734082,16.067140579223633,0.0
6-29T3.mp4,762,25.42230720064725,56.49955368041992,-25.778888702392578,0.11966318533298517,17.23162269592285,0.0
6-29T3.mp4,763,25.455669808522114,56.49955368041992,-25.778888702392578,0.11966318533298517,17.23162269592285,0.0
6-29T3.mp4,764,25.48903241639698,53.7769660949707,-28.412622451782227,0.29649350424570864,11.403356552124023,0.0
6-29T3.mp4,765,25.522395024271844,53.7769660949707,-28.412622451782227,0.29649350424570864,11.403356552124023,0.0
6-29T3.mp4,766,25.55575763214671,30.504119873046875,-8.965842247009277,0.0824016926857052,13.146164894104004,0.0
6-29T3.mp4,767,25.589120240021575,30.504119873046875,-8.965842247009277,0.0824016926857052,13.146164894104004,0.0
6-29T3.mp4,768,25.622482847896443,10.670747756958008,5.764609336853027,0.18871699114934845,11.35433578491211,0.0
6-29T3.mp4,769,25.655845455771306,10.670747756958008,5.764609336853027,0.18871699114934845,11.35433578491211,0.0
6-29T3.mp4,770,25.68920806364617,11.220645904541016,5.90263032913208,0.18070772444126226,11.966554641723633,0.0
6-29T3.mp4,771,25.722570671521037,11.220645904541016,5.90263032913208,0.18070772444126226,11.966554641723633,0.0
6-29T3.mp4,772,25.7559332793959,11.583800315856934,5.984921932220459,0.20063929571658481,12.679522514343262,0.0
6-29T3.mp4,773,25.789295887270768,11.583800315856934,5.984921932220459,0.20063929571658481,12.679522514343262,0.0
6-29T3.mp4,774,25.82265849514563,8.981128692626953,4.562386989593506,0.33847287415948224,14.917288780212402,0.0
6-29T3.mp4,775,25.8560211030205,8.981128692626953,4.562386989593506,0.33847287415948224,14.917288780212402,0.0
6-29T3.mp4,776,25.889383710895363,8.70302963256836,2.67936635017395,0.38958773399749497,16.212017059326172,0.0
6-29T3.mp4,777,25.922746318770226,8.70302963256836,2.67936635017395,0.38958773399749497,16.212017059326172,0.0
6-29T3.mp4,778,25.956108926645094,48.114013671875,-32.82878494262695,0.4441014154762481,30.406923294067383,0.0
6-29T3.mp4,779,25.989471534519957,48.114013671875,-32.82878494262695,0.4441014154762481,30.406923294067383,0.0
6-29T3.mp4,780,26.022834142394824,44.56690979003906,-30.969722747802734,0.11821273990814618,11.618016242980957,0.035590277777777776
6-29T3.mp4,781,26.056196750269688,44.56690979003906,-30.969722747802734,0.11821273990814618,11.618016242980957,0.035590277777777776
6-29T3.mp4,782,26.08955935814455,53.6103401184082,-40.776153564453125,0.1286083050947827,17.879331588745117,0.026753472222222224
6-29T3.mp4,783,26.12292196601942,53.6103401184082,-40.776153564453125,0.1286083050947827,17.879331588745117,0.026753472222222224
6-29T3.mp4,784,26.156284573894283,52.22378921508789,-43.92268371582031,0.25010964200798114,22.190153121948242,0.008003472222222223
6-29T3.mp4,785,26.18964718176915,52.22378921508789,-43.92268371582031,0.25010964200798114,22.190153121948242,0.008003472222222223
6-29T3.mp4,786,26.223009789644014,52.981197357177734,-41.65949630737305,0.14833494841547754,24.166839599609375,0.02326388888888889
6-29T3.mp4,787,26.25637239751888,52.981197357177734,-41.65949630737305,0.14833494841547754,24.166839599609375,0.02326388888888889
6-29T3.mp4,788,26.289735005393744,51.21503829956055,-42.0733757019043,0.17487202596185497,27.052181243896484,0.01607638888888889
6-29T3.mp4,789,26.323097613268608,51.21503829956055,-42.0733757019043,0.17487202596185497,27.052181243896484,0.01607638888888889
6-29T3.mp4,790,26.356460221143475,49.52421951293945,-41.84817886352539,0.1403884691179229,22.93381118774414,0.008246527777777778
6-29T3.mp4,791,26.38982282901834,49.52421951293945,-41.84817886352539,0.1403884691179229,22.93381118774414,0.008246527777777778
6-29T3.mp4,792,26.423185436893206,49.01648712158203,-40.0232048034668,0.09170686733574551,19.841154098510742,0.009548611111111112
6-29T3.mp4,793,26.45654804476807,49.01648712158203,-40.0232048034668,0.09170686733574551,19.841154098510742,0.009548611111111112
6-29T3.mp4,794,26.489910652642934,47.8000602722168,-37.65053939819336,0.09520147165237357,17.834304809570312,0.008385416666666666
6-29T3.mp4,795,26.5232732605178,47.8000602722168,-37.65053939819336,0.09520147165237357,17.834304809570312,0.008385416666666666
6-29T3.mp4,796,26.556635868392664,45.4804801940918,-34.6081428527832,0.08167807082175041,15.479059219360352,0.008263888888888888
6-29T3.mp4,797,26.58999847626753,45.4804801940918,-34.6081428527832,0.08167807082175041,15.479059219360352,0.008263888888888888
6-29T3.mp4,798,26.623361084142395,41.880977630615234,-30.856908798217773,0.09722117559838049,18.398378372192383,0.009496527777777777
6-29T3.mp4,799,26.656723692017263,41.880977630615234,-30.856908798217773,0.09722117559838049,18.398378372192383,0.009496527777777777
6-29T3.mp4,800,26.690086299892126,36.909080505371094,-26.175580978393555,0.07795237308906897,12.714015007019043,0.014739583333333334
6-29T3.mp4,801,26.72344890776699,36.909080505371094,-26.175580978393555,0.07795237308906897,12.714015007019043,0.014739583333333334
6-29T3.mp4,802,26.756811515641857,37.04821014404297,-21.10223960876465,0.13235454260580143,13.376253128051758,0.022743055555555555
6-29T3.mp4,803,26.79017412351672,37.04821014404297,-21.10223960876465,0.13235454260580143,13.376253128051758,0.022743055555555555
6-29T3.mp4,804,26.823536731391588,38.8895263671875,-20.76838493347168,0.14061387013049434,15.402981758117676,0.02361111111111111
6-29T3.mp4,805,26.85689933926645,38.8895263671875,-20.76838493347168,0.14061387013049434,15.402981758117676,0.02361111111111111
6-29T3.mp4,806,26.890261947141315,39.15544891357422,-20.07613754272461,0.10406726231261872,14.302441596984863,0.025086805555555557
6-29T3.mp4,807,26.923624555016183,39.15544891357422,-20.07613754272461,0.10406726231261872,14.302441596984863,0.025086805555555557
6-29T3.mp4,808,26.956987162891046,38.69159698486328,-19.047378540039062,0.14113244715475007,21.859416961669922,0.02404513888888889
6-29T3.mp4,809,26.990349770765913,38.69159698486328,-19.047378540039062,0.14113244715475007,21.859416961669922,0.02404513888888889
6-29T3.mp4,810,27.023712378640777,39.28810501098633,-18.978315353393555,0.18437356197469323,14.530121803283691,0.018194444444444444
6-29T3.mp4,811,27.057074986515644,39.28810501098633,-18.978315353393555,0.18437356197469323,14.530121803283691,0.018194444444444444
6-29T3.mp4,812,27.090437594390508,39.72003936767578,-19.61619758605957,0.1788055635473755,10.118882179260254,0.012378472222222223
6-29T3.mp4,813,27.12380020226537,39.72003936767578,-19.61619758605957,0.1788055635473755,10.118882179260254,0.012378472222222223
6-29T3.mp4,814,27.15716281014024,40.0467529296875,-19.90557289123535,0.1547721953422149,17.986984252929688,0.010208333333333333
6-29T3.mp4,815,27.190525418015103,40.0467529296875,-19.90557289123535,0.1547721953422149,17.986984252929688,0.010208333333333333
6-29T3.mp4,816,27.22388802588997,39.78743362426758,-20.26088523864746,0.1528074735757367,17.464040756225586,0.00828125
6-29T3.mp4,817,27.257250633764833,39.78743362426758,-20.26088523864746,0.1528074735757367,17.464040756225586,0.00828125
6-29T3.mp4,818,27.2906132416397,39.33799362182617,-20.035051345825195,0.1266243412666934,17.15296173095703,0.006805555555555555
6-29T3.mp4,819,27.323975849514564,39.33799362182617,-20.035051345825195,0.1266243412666934,17.15296173095703,0.006805555555555555
6-29T3.mp4,820,27.357338457389428,38.66069412231445,-19.656917572021484,0.12220337449687348,14.565778732299805,0.004826388888888889
6-29T3.mp4,821,27.390701065264295,38.66069412231445,-19.656917572021484,0.12220337449687348,14.565778732299805,0.004826388888888889
6-29T3.mp4,822,27.42406367313916,37.671810150146484,-19.13860321044922,0.11455094587776728,13.683392524719238,0.003576388888888889
6-29T3.mp4,823,27.457426281014026,37.1770133972168,-19.12874984741211,0.10884460448228682,11.951681137084961,0.003611111111111111
6-29T3.mp4,824,27.49078888888889,36.952293395996094,-18.898080825805664,0.12642619628372867,17.04094123840332,0.003975694444444444
6-29T4.mp4,0,0.0,39.93440628051758,-23.20197105407715,0.07516081490397246,15.3369779586792,0.0
6-29T4.mp4,1,0.033322737306843264,39.93440628051758,-23.20197105407715,0.07516081490397246,15.3369779586792,0.0
6-29T4.mp4,2,0.06664547461368653,39.93440628051758,-23.20197105407715,0.07516081490397246,15.3369779586792,0.0
6-29T4.mp4,3,0.09996821192052979,39.87165451049805,-22.9219970703125,0.06635480891054793,15.398994445800781,0.0
6-29T4.mp4,4,0.13329094922737306,39.6711311340332,-23.052343368530273,0.08370291458202138,23.10251808166504,0.0
6-29T4.mp4,5,0.16661368653421632,40.13138961791992,-22.689739227294922,0.07482664553940425,17.446908950805664,0.0
6-29T4.mp4,6,0.19993642384105959,40.026641845703125,-22.739288330078125,0.07651405596681544,15.944859504699707,0.0
6-29T4.mp4,7,0.23325916114790288,40.37825012207031,-22.632343292236328,0.07736369652543532,20.319917678833008,0.0
6-29T4.mp4,8,0.2665818984547461,40.415428161621094,-22.864410400390625,0.07335864408815708,21.844341278076172,0.0
6-29T4.mp4,9,0.2999046357615894,40.96202087402344,-22.94236183166504,0.05797677285935372,20.09779930114746,0.0
6-29T4.mp4,10,0.33322737306843264,41.181739807128906,-23.53057289123535,0.05715657386824055,18.494964599609375,0.0
6-29T4.mp4,11,0.3665501103752759,41.90883255004883,-23.852195739746094,0.05715814871592741,21.258689880371094,0.0
6-29T4.mp4,12,0.39987284768211917,42.16865539550781,-24.329010009765625,0.05901411314917364,15.855713844299316,0.0
6-29T4.mp4,13,0.43319558498896243,43.05317306518555,-24.400938034057617,0.0528885275907269,21.085311889648438,0.0
6-29T4.mp4,14,0.46651832229580575,43.36560821533203,-24.81851577758789,0.05704141617493729,15.03625202178955,0.0
6-29T4.mp4,15,0.499841059602649,44.13935852050781,-24.80561637878418,0.051886095507051505,21.152801513671875,0.0
6-29T4.mp4,16,0.5331637969094922,44.3121223449707,-25.247665405273438,0.05676712765577832,17.970476150512695,0.0
6-29T4.mp4,17,0.5664865342163355,45.03377914428711,-25.410503387451172,0.05467435644415453,17.889846801757812,0.0
6-29T4.mp4,18,0.5998092715231788,45.52565002441406,-26.03313446044922,0.054853812757696054,17.297630310058594,0.0
6-29T4.mp4,19,0.6331320088300221,46.633907318115234,-26.273818969726562,0.055407687870948394,29.8833065032959,0.0
6-29T4.mp4,20,0.6664547461368653,46.92620086669922,-26.770790100097656,0.056164951080059665,23.8439998626709,0.0
6-29T4.mp4,21,0.6997774834437086,47.912147521972656,-26.974756240844727,0.05058878707527321,22.931264877319336,0.0
6-29T4.mp4,22,0.7331002207505518,48.14096450805664,-27.42391586303711,0.05199702125257765,18.656574249267578,0.0
6-29T4.mp4,23,0.7664229580573951,48.938865661621094,-27.450607299804688,0.054926023726358734,23.94101333618164,0.0
6-29T4.mp4,24,0.7997456953642383,49.30263900756836,-28.087230682373047,0.059853509305443454,20.906667709350586,0.0
6-29T4.mp4,25,0.8330684326710817,49.89093017578125,-28.236814498901367,0.060467505764060576,22.278589248657227,0.0
6-29T4.mp4,26,0.8663911699779249,49.92473220825195,-28.291250228881836,0.05556670753997683,22.001623153686523,0.0
6-29T4.mp4,27,0.8997139072847682,50.38045883178711,-28.201128005981445,0.0576136768355797,29.086835861206055,0.0
6-29T4.mp4,28,0.9330366445916115,50.315467834472656,-28.504661560058594,0.05410004581891116,20.53276824951172,0.0
6-29T4.mp4,29,0.9663593818984547,50.92864990234375,-28.478168487548828,0.055651443247209165,24.54851722717285,0.0
6-29T4.mp4,30,0.999682119205298,50.74702835083008,-28.776962280273438,0.055519101561150336,20.73093032836914,0.0
6-29T4.mp4,31,1.0330048565121412,51.500946044921875,-28.891849517822266,0.04768204799145717,25.158201217651367,0.0
6-29T4.mp4,32,1.0663275938189845,51.5562629699707,-29.30177879333496,0.04884877398964049,18.466745376586914,0.0
6-29T4.mp4,33,1.0996503311258279,52.32955551147461,-29.507890701293945,0.04859741433038463,27.686349868774414,0.0
6-29T4.mp4,34,1.132973068432671,52.2852783203125,-29.890233993530273,0.05386690125247726,17.22372055053711,0.0
6-29T4.mp4,35,1.1662958057395143,52.858333587646484,-29.673202514648438,0.04895376823535256,13.226446151733398,0.0
6-29T4.mp4,36,1.1996185430463575,52.330039978027344,-29.819774627685547,0.05138421203801651,16.684938430786133,0.0
6-29T4.mp4,37,1.232941280353201,52.78068923950195,-29.625078201293945,0.0499174355967159,20.285310745239258,0.0
6-29T4.mp4,38,1.2662640176600441,52.635902404785156,-29.866605758666992,0.05514679651309682,17.79319190979004,0.0
6-29T4.mp4,39,1.2995867549668874,52.530059814453125,-29.703828811645508,0.04675034762843915,13.434232711791992,0.0
6-29T4.mp4,40,1.3329094922737306,52.23027038574219,-29.758193969726562,0.047425441076436724,13.595134735107422,0.0
6-29T4.mp4,41,1.366232229580574,52.33277893066406,-29.51739501953125,0.04703407395096941,19.472755432128906,0.0
6-29T4.mp4,42,1.3995549668874172,51.736454010009766,-29.57257843017578,0.046783152080138585,16.041593551635742,0.0
6-29T4.mp4,43,1.4328777041942604,51.75830841064453,-29.359132766723633,0.043345923964370335,26.850875854492188,0.0
6-29T4.mp4,44,1.4662004415011036,51.29591751098633,-29.337474822998047,0.04722677916396366,22.692432403564453,0.0
6-29T4.mp4,45,1.499523178807947,51.49530029296875,-28.773950576782227,0.04154128995814415,24.08937644958496,0.0
6-29T4.mp4,46,1.5328459161147903,50.85917282104492,-28.63895034790039,0.048322609309801666,22.129613876342773,0.0
6-29T4.mp4,47,1.5661686534216335,50.60279083251953,-28.072507858276367,0.040760339323237485,21.588703155517578,0.0
6-29T4.mp4,48,1.5994913907284767,49.42692184448242,-27.694704055786133,0.04188595232411704,19.958864212036133,0.0
6-29T4.mp4,49,1.6328141280353201,48.91368865966797,-26.998958587646484,0.043965283170774895,20.089746475219727,0.0
6-29T4.mp4,50,1.6661368653421633,48.05522537231445,-26.68941879272461,0.04330876066125096,17.59476661682129,0.0
6-29T4.mp4,51,1.6994596026490065,47.712100982666016,-26.157161712646484,0.04582088208447253,21.601139068603516,0.0
6-29T4.mp4,52,1.7327823399558497,46.870994567871094,-25.779287338256836,0.05092420504758485,17.854896545410156,0.0
6-29T4.mp4,53,1.7661050772626932,46.62502670288086,-25.130598068237305,0.04717829775891357,20.68090057373047,0.0
6-29T4.mp4,54,1.7994278145695364,45.868499755859375,-25.06169319152832,0.0520623663946493,17.38448143005371,0.0
6-29T4.mp4,55,1.8327505518763796,45.5495719909668,-24.710798263549805,0.04412528142730489,19.824094772338867,0.0
6-29T4.mp4,56,1.866073289183223,44.74927520751953,-24.34749984741211,0.04585560496474492,17.471399307250977,0.0
6-29T4.mp4,57,1.8993960264900662,44.610923767089844,-23.929279327392578,0.03897715545475785,15.883901596069336,0.0
6-29T4.mp4,58,1.9327187637969094,43.605224609375,-23.420207977294922,0.04589643249909289,20.60616683959961,0.0
6-29T4.mp4,59,1.9660415011037526,42.921974182128906,-22.567386627197266,0.039168652797642214,15.006044387817383,0.0
6-29T4.mp4,60,1.999364238410596,41.6156005859375,-21.557327270507812,0.05147094488611278,20.648937225341797,0.0
6-29T4.mp4,61,2.0326869757174393,41.23276901245117,-20.59489631652832,0.058940694000353205,14.844869613647461,0.0
6-29T4.mp4,62,2.0660097130242825,42.02730178833008,-21.161285400390625,0.06264700192732202,17.34123992919922,0.0
6-29T4.mp4,63,2.0993324503311257,43.49173355102539,-22.611736297607422,0.07595495066066686,12.611312866210938,0.0
6-29T4.mp4,64,2.132655187637969,43.798736572265625,-22.448705673217773,0.08097453484570069,9.783135414123535,0.0
6-29T4.mp4,65,2.165977924944812,43.155418395996094,-21.490598678588867,0.08447892336937267,12.773688316345215,0.0
6-29T4.mp4,66,2.1993006622516558,42.87031173706055,-20.283559799194336,0.08006140234788688,16.075477600097656,0.0
6-29T4.mp4,67,2.232623399558499,45.59466552734375,-20.363271713256836,0.0836437114381089,16.312929153442383,0.0
6-29T4.mp4,68,2.265946136865342,48.30680847167969,-21.5994873046875,0.09744954039701706,15.149625778198242,0.0
6-29T4.mp4,69,2.2992688741721854,50.50885772705078,-22.448680877685547,0.09730226095417348,19.42641258239746,0.0
6-29T4.mp4,70,2.3325916114790286,51.3079833984375,-23.46177864074707,0.10683025982273976,18.95183563232422,0.0
6-29T4.mp4,71,2.365914348785872,52.11880111694336,-23.831884384155273,0.08997805077371876,19.284509658813477,0.0
6-29T4.mp4,72,2.399237086092715,52.61161422729492,-24.65138053894043,0.09559908427554321,24.714628219604492,0.0
6-29T4.mp4,73,2.4325598233995582,53.21595001220703,-24.922473907470703,0.08533847972102808,25.174861907958984,0.0
6-29T4.mp4,74,2.465882560706402,52.91158676147461,-25.15640640258789,0.0885638001228453,24.413585662841797,0.0
6-29T4.mp4,75,2.499205298013245,52.84415817260742,-24.89037322998047,0.08325871800647174,24.741077423095703,0.0
6-29T4.mp4,76,2.5325280353200883,52.298377990722656,-24.792396545410156,0.08460885770344731,17.916013717651367,0.0
6-29T4.mp4,77,2.5658507726269315,51.872825622558594,-23.92587661743164,0.07626454059385526,22.089393615722656,0.0
6-29T4.mp4,78,2.5991735099337747,51.35266876220703,-23.675365447998047,0.0720502695873966,16.837799072265625,0.0
6-29T4.mp4,79,2.632496247240618,51.33906173706055,-22.967620849609375,0.07585613073661836,19.23862648010254,0.0
6-29T4.mp4,80,2.665818984547461,51.00606155395508,-22.65916633605957,0.0780159236055607,19.369739532470703,0.0
6-29T4.mp4,81,2.6991417218543043,50.2979736328125,-22.22197914123535,0.08236408714806814,19.161441802978516,0.0
6-29T4.mp4,82,2.732464459161148,48.233543395996094,-21.921987533569336,0.0810330735433473,13.279195785522461,0.0
6-29T4.mp4,83,2.765787196467991,46.845455169677734,-21.387283325195312,0.07513630839851013,14.874107360839844,0.0
6-29T4.mp4,84,2.7991099337748344,46.92479705810547,-21.61229133605957,0.078000262223386,16.867080688476562,0.0
6-29T4.mp4,85,2.8324326710816776,47.845802307128906,-21.407577514648438,0.07287558563178825,21.601158142089844,0.0
6-29T4.mp4,86,2.865755408388521,48.417274475097656,-21.78416633605957,0.07760442796110258,18.885915756225586,0.0
6-29T4.mp4,87,2.899078145695364,49.07316970825195,-21.857925415039062,0.07962473076762337,22.22953987121582,0.0
6-29T4.mp4,88,2.9324008830022072,48.24382781982422,-21.858932495117188,0.08363627165736712,18.343626022338867,0.0
6-29T4.mp4,89,2.965723620309051,48.87319564819336,-22.325651168823242,0.07605254911867239,19.302356719970703,0.0
6-29T4.mp4,90,2.999046357615894,49.01451873779297,-23.068073272705078,0.08324038149453843,21.869531631469727,0.0
6-29T4.mp4,91,3.0323690949227373,48.80537414550781,-23.004478454589844,0.08256294758222905,15.658166885375977,0.0
6-29T4.mp4,92,3.0656918322295805,48.18752670288086,-23.171266555786133,0.08745852051339861,16.846752166748047,0.0
6-29T4.mp4,93,3.0990145695364237,47.55815887451172,-22.423471450805664,0.08600713667418375,20.80796241760254,0.0
6-29T4.mp4,94,3.132337306843267,46.64849853515625,-22.382492065429688,0.0809127634002647,21.38031005859375,0.0
6-29T4.mp4,95,3.16566004415011,46.083763122558594,-21.983436584472656,0.08115017578080784,20.500072479248047,0.0
6-29T4.mp4,96,3.1989827814569534,44.874813079833984,-21.252153396606445,0.08375287000260748,18.065074920654297,0.0
6-29T4.mp4,97,3.232305518763797,44.58102798461914,-20.761926651000977,0.07906038890160635,18.000247955322266,0.0
6-29T4.mp4,98,3.2656282560706402,43.71757888793945,-20.714860916137695,0.08031600325367497,15.50373363494873,0.0
6-29T4.mp4,99,3.2989509933774834,43.42458724975586,-20.489131927490234,0.0696500140405963,9.36539363861084,0.0
6-29T4.mp4,100,3.3322737306843266,42.981781005859375,-20.416702270507812,0.070443733105303,10.227920532226562,0.0
6-29T4.mp4,101,3.36559646799117,42.70136642456055,-20.068906784057617,0.06360034265518627,9.294593811035156,0.0
6-29T4.mp4,102,3.398919205298013,41.84958267211914,-19.934192657470703,0.05677577923729887,18.4254093170166,0.0
6-29T4.mp4,103,3.4322419426048563,41.508262634277344,-19.220529556274414,0.05374905317055493,21.94243621826172,0.0
6-29T4.mp4,104,3.4655646799116995,40.91002655029297,-19.419939041137695,0.05646205434796695,18.893470764160156,0.0
6-29T4.mp4,105,3.498887417218543,41.17650604248047,-19.17410659790039,0.05337252434416231,18.277339935302734,0.0
6-29T4.mp4,106,3.5322101545253863,40.982505798339844,-19.24776840209961,0.055527001559735244,17.35808753967285,0.0
6-29T4.mp4,107,3.5655328918322295,41.48663330078125,-19.166961669921875,0.05447958250265357,18.925273895263672,0.0
6-29T4.mp4,108,3.5988556291390728,41.16157150268555,-19.246042251586914,0.05795446599362841,15.493819236755371,0.0
6-29T4.mp4,109,3.632178366445916,41.4388313293457,-19.02120590209961,0.05551410373886199,20.877487182617188,0.0
6-29T4.mp4,110,3.665501103752759,41.39952087402344,-19.146120071411133,0.05792084196311016,15.584543228149414,0.0
6-29T4.mp4,111,3.6988238410596024,41.70372009277344,-19.073993682861328,0.05464810273629599,13.009821891784668,0.0
6-29T4.mp4,112,3.732146578366446,41.42555618286133,-19.138879776000977,0.05761816705133063,12.017742156982422,0.0
6-29T4.mp4,113,3.7654693156732892,41.82236862182617,-18.95036506652832,0.061330390115468564,13.83998966217041,0.0
6-29T4.mp4,114,3.7987920529801324,41.754337310791016,-19.326934814453125,0.062456386128646305,12.203338623046875,0.0
6-29T4.mp4,115,3.8321147902869757,42.202335357666016,-19.189558029174805,0.061976120891607485,12.041610717773438,0.0
6-29T4.mp4,116,3.865437527593819,42.33613586425781,-19.738176345825195,0.05945181798060095,10.4518404006958,0.0
6-29T4.mp4,117,3.898760264900662,43.36314392089844,-20.139617919921875,0.05896930462554,10.851929664611816,0.0
6-29T4.mp4,118,3.9320830022075053,44.105628967285156,-21.192838668823242,0.06622769685347724,12.877607345581055,0.0
6-29T4.mp4,119,3.9654057395143485,46.873291015625,3.300034761428833,0.08751298785960156,13.420422554016113,0.0022916666666666667
6-29T4.mp4,120,3.998728476821192,46.44715881347656,-10.896059036254883,0.10088426366217546,11.72038745880127,0.0
6-29T4.mp4,121,4.032051214128035,46.5589485168457,-20.907005310058594,0.09337221175323895,8.488945007324219,0.0
6-29T4.mp4,122,4.065373951434879,47.2764892578125,-20.272647857666016,0.07556174676835865,9.424982070922852,0.0
6-29T4.mp4,123,4.098696688741722,54.77909469604492,62.347206115722656,0.09645680559574855,17.483457565307617,0.03581597222222222
6-29T4.mp4,124,4.132019426048565,54.37147521972656,55.79513168334961,0.1059706036509922,15.414108276367188,0.028489583333333332
6-29T4.mp4,125,4.165342163355408,54.10336685180664,49.84858322143555,0.11913656066336768,18.340545654296875,0.02296875
6-29T4.mp4,126,4.198664900662251,53.34150314331055,43.89726638793945,0.12593446194595756,13.70944595336914,0.017934027777777778
6-29T4.mp4,127,4.231987637969095,51.65303039550781,28.691181182861328,0.1059665323743439,18.75602912902832,0.013003472222222222
6-29T4.mp4,128,4.265310375275938,54.27793502807617,62.3980712890625,0.07934212256803579,13.823564529418945,0.03661458333333333
6-29T4.mp4,129,4.298633112582781,54.73479461669922,66.87060546875,0.08469985761800645,22.95947265625,0.04119791666666667
6-29T4.mp4,130,4.331955849889624,55.15724563598633,69.1346435546875,0.09126687656196462,15.6728515625,0.043333333333333335
6-29T4.mp4,131,4.365278587196467,46.98554611206055,-35.157344818115234,0.11989131435544495,12.058555603027344,0.0
6-29T4.mp4,132,4.3986013245033115,47.4244270324707,-15.300599098205566,0.06534280996194752,12.364297866821289,0.0
6-29T4.mp4,133,4.431924061810155,48.06508255004883,0.16725695133209229,0.06573555907897499,14.436896324157715,0.00038194444444444446
6-29T4.mp4,134,4.465246799116998,49.10213851928711,26.310693740844727,0.077414000599235,14.126157760620117,0.003923611111111111
6-29T4.mp4,135,4.498569536423841,49.891422271728516,36.258323669433594,0.07265067997144825,14.899591445922852,0.012309027777777778
6-29T4.mp4,136,4.531892273730684,49.565277099609375,33.86518096923828,0.12016842387914865,14.45264720916748,0.015034722222222222
6-29T4.mp4,137,4.565215011037528,49.090877532958984,19.2291316986084,0.09926433811640109,14.390098571777344,0.008628472222222221
6-29T4.mp4,138,4.598537748344371,47.96145248413086,-0.2498958259820938,0.09486483529370839,16.190448760986328,0.0039409722222222224
6-29T4.mp4,139,4.631860485651214,47.06012725830078,-13.524175643920898,0.07526800629143962,15.07755184173584,0.0
6-29T4.mp4,140,4.665183222958057,52.51830291748047,67.718017578125,0.0787236957825103,17.9424991607666,0.03203125
6-29T4.mp4,141,4.6985059602649,52.750694274902344,67.4968032836914,0.08135858275284731,22.687774658203125,0.02982638888888889
6-29T4.mp4,142,4.731828697571744,52.06004333496094,67.00983428955078,0.0864594412649389,16.32505989074707,0.029513888888888888
6-29T4.mp4,143,4.765151434878587,51.134803771972656,63.14430618286133,0.08601398390942905,23.592294692993164,0.026597222222222223
6-29T4.mp4,144,4.79847417218543,49.91115951538086,55.994625091552734,0.10156411069831679,20.98700714111328,0.019444444444444445
6-29T4.mp4,145,4.831796909492273,48.75831604003906,43.4951057434082,0.07531626250518007,15.999053955078125,0.009739583333333333
6-29T4.mp4,146,4.8651196467991165,49.75673294067383,56.350460052490234,0.08743949202978085,14.623476028442383,0.01998263888888889
6-29T4.mp4,147,4.898442384105961,49.64255905151367,66.98486328125,0.0811111345205003,17.647907257080078,0.03111111111111111
6-29T4.mp4,148,4.931765121412804,44.9610595703125,-6.9019269943237305,0.10826092495636733,12.394667625427246,0.0005034722222222222
6-29T4.mp4,149,4.965087858719647,44.27748107910156,-16.847803115844727,0.09657996889383066,14.147018432617188,0.0
6-29T4.mp4,150,4.99841059602649,42.798030853271484,-27.701181411743164,0.11939718533312073,14.421361923217773,0.0
6-29T4.mp4,151,5.031733333333333,42.70832061767578,-13.902274131774902,0.07544285373735475,21.698562622070312,0.0
6-29T4.mp4,152,5.065056070640177,42.69580841064453,-0.07095485925674438,0.08203555216816844,27.34333610534668,0.0005381944444444444
6-29T4.mp4,153,5.09837880794702,47.0458984375,76.98731994628906,0.11348932749889228,19.461755752563477,0.02720486111111111
6-29T4.mp4,154,5.131701545253863,45.58603286743164,67.93257141113281,0.11952104925886234,18.009414672851562,0.01956597222222222
6-29T4.mp4,155,5.165024282560706,45.24115753173828,57.47867202758789,0.1503614374250419,22.502153396606445,0.014774305555555556
6-29T4.mp4,156,5.198347019867549,44.21588134765625,43.890296936035156,0.16438364821363596,16.650306701660156,0.007100694444444444
6-29T4.mp4,157,5.231669757174393,48.27809143066406,96.794921875,0.08712347331595463,13.299958229064941,0.04604166666666667
6-29T4.mp4,158,5.264992494481236,47.86712646484375,85.89939880371094,0.08021204666030694,17.401329040527344,0.044097222222222225
6-29T4.mp4,159,5.298315231788079,48.60795974731445,91.51763153076172,0.07335785500554838,19.938129425048828,0.046927083333333335
6-29T4.mp4,160,5.331637969094922,48.65918731689453,93.1304702758789,0.08273694333623008,18.738239288330078,0.046510416666666665
6-29T4.mp4,161,5.3649607064017655,49.14667510986328,92.01651000976562,0.08405305960338925,18.646724700927734,0.039114583333333335
6-29T4.mp4,162,5.398283443708609,43.170196533203125,4.266006946563721,0.06363902548819812,16.162294387817383,6.944444444444444e-05
6-29T4.mp4,163,5.431606181015453,46.552734375,29.878664016723633,0.051407600580379784,15.7122163772583,0.003159722222222222
6-29T4.mp4,164,5.464928918322296,51.1412353515625,35.43345642089844,0.040006058497023045,14.870055198669434,0.0010763888888888889
6-29T4.mp4,165,5.498251655629139,53.03546142578125,38.22163009643555,0.14735127227822534,17.195735931396484,0.0
6-29T4.mp4,166,5.531574392935982,52.671043395996094,23.06827163696289,0.38122195267116504,26.071054458618164,0.0
6-29T4.mp4,167,5.564897130242826,52.17438507080078,2.0424132347106934,0.22114975047339488,31.910907745361328,0.0
6-29T4.mp4,168,5.598219867549669,51.543731689453125,-6.330512046813965,0.15919425070407114,33.853477478027344,3.472222222222222e-05
6-29T4.mp4,169,5.631542604856512,52.2480354309082,-19.22876739501953,0.17231305801014624,29.063947677612305,0.0
6-29T4.mp4,170,5.664865342163355,57.43185043334961,61.13246536254883,0.08749527902870537,21.227977752685547,0.0013020833333333333
6-29T4.mp4,171,5.6981880794701985,60.76109313964844,56.31058120727539,0.10027443986530889,28.803361892700195,0.0006076388888888889
6-29T4.mp4,172,5.731510816777042,63.28138732910156,52.9537239074707,0.14879156041542801,17.272066116333008,0.009131944444444444
6-29T4.mp4,173,5.764833554083885,62.782981872558594,47.563167572021484,0.1474908406533133,28.06934356689453,0.009565972222222222
6-29T4.mp4,174,5.798156291390728,62.6331901550293,60.622283935546875,0.07300980345205575,18.169164657592773,0.019375
6-29T4.mp4,175,5.831479028697571,60.57106399536133,47.187049865722656,0.07295160382703877,15.13587760925293,0.0159375
6-29T4.mp4,176,5.8648017660044145,60.723167419433594,51.40061569213867,0.07561978359074199,17.5003662109375,0.018472222222222223
6-29T4.mp4,177,5.898124503311258,60.935726165771484,47.74348831176758,0.08001551731803182,21.833480834960938,0.015329861111111112
6-29T4.mp4,178,5.931447240618102,61.057369232177734,48.52089309692383,0.08671898963803351,17.919626235961914,0.01203125
6-29T4.mp4,179,5.964769977924945,55.78668975830078,-12.91986083984375,0.15226657975483526,9.472249031066895,0.00022569444444444443
6-29T4.mp4,180,5.998092715231788,56.139556884765625,-11.630746841430664,0.3397048919304823,20.536266326904297,0.0008680555555555555
6-29T4.mp4,181,6.031415452538631,56.305625915527344,-3.3348002433776855,0.19192578670321667,23.573762893676758,0.0003298611111111111
6-29T4.mp4,182,6.064738189845475,57.78718185424805,41.70318603515625,0.22434817425173778,14.071776390075684,0.0014756944444444444
6-29T4.mp4,183,6.098060927152318,57.45086669921875,30.335712432861328,0.23805772580593512,8.000868797302246,0.0005902777777777778
6-29T4.mp4,184,6.131383664459161,56.38990783691406,28.615816116333008,0.17086111720965771,13.514080047607422,0.000625
6-29T4.mp4,185,6.164706401766004,55.363407135009766,20.459444046020508,0.2718819935933002,8.26314640045166,0.000625
6-29T4.mp4,186,6.1980291390728475,53.584632873535156,11.682682037353516,0.21808152147092322,11.581243515014648,0.0006076388888888889
6-29T4.mp4,187,6.231351876379691,54.66930389404297,44.72824478149414,0.08064716084684463,12.569985389709473,0.004027777777777778
6-29T4.mp4,188,6.264674613686534,54.07267379760742,47.733489990234375,0.10051501826509521,13.246742248535156,0.004618055555555556
6-29T4.mp4,189,6.297997350993377,54.01505661010742,48.878273010253906,0.08020798248197322,13.898313522338867,0.004201388888888889
6-29T4.mp4,190,6.33132008830022,53.4640998840332,48.967185974121094,0.09820790785204198,11.569080352783203,0.003871527777777778
6-29T4.mp4,191,6.3646428256070635,53.24739074707031,49.41025924682617,0.08143788477616212,11.08543586730957,0.0057465277777777775
6-29T4.mp4,192,6.397965562913907,50.86029052734375,8.721033096313477,0.07315204313139498,15.235539436340332,0.0011111111111111111
6-29T4.mp4,193,6.431288300220751,51.244163513183594,15.685824394226074,0.05772788838183265,16.562610626220703,0.001875
6-29T4.mp4,194,6.464611037527594,51.20536804199219,21.410676956176758,0.06327289442213782,16.042909622192383,0.0028993055555555556
6-29T4.mp4,195,6.497933774834437,51.395751953125,35.553436279296875,0.05826398860264373,19.00365447998047,0.004427083333333333
6-29T4.mp4,196,6.5312565121412804,49.73760986328125,9.939262390136719,0.32276432245053244,23.841571807861328,0.0008506944444444444
6-29T4.mp4,197,6.564579249448124,48.97224044799805,-0.7825000286102295,0.2506670086414892,23.817787170410156,0.0006770833333333334
6-29T4.mp4,198,6.597901986754967,48.158443450927734,-5.914817810058594,0.23838971222300767,16.199983596801758,0.0005381944444444444
6-29T4.mp4,199,6.63122472406181,51.241695404052734,49.563602447509766,0.08141675790026241,15.107157707214355,0.008246527777777778
6-29T4.mp4,200,6.664547461368653,50.823123931884766,48.57670211791992,0.0706765814299309,11.663753509521484,0.008159722222222223
6-29T4.mp4,201,6.6978701986754965,50.278995513916016,44.84607696533203,0.11444398450059029,17.37058448791504,0.007083333333333333
6-29T4.mp4,202,6.73119293598234,49.60477828979492,36.46666717529297,0.11797624619796877,16.200565338134766,0.005434027777777778
6-29T4.mp4,203,6.764515673289183,49.24385452270508,31.06147575378418,0.12853677945807548,13.612447738647461,0.004895833333333334
6-29T4.mp4,204,6.797838410596026,48.45963668823242,25.948741912841797,0.06804637049325604,18.16724967956543,0.006440972222222222
6-29T4.mp4,205,6.831161147902869,48.603031158447266,35.969749450683594,0.05535727853860503,19.31292152404785,0.008472222222222223
6-29T4.mp4,206,6.8644838852097125,48.406463623046875,41.27735137939453,0.06557246756509962,16.613391876220703,0.009548611111111112
6-29T4.mp4,207,6.897806622516556,48.68083953857422,42.407691955566406,0.05320864656551502,17.298320770263672,0.009027777777777777
6-29T4.mp4,208,6.931129359823399,48.45056915283203,44.20095443725586,0.06467030311421591,14.925664901733398,0.00921875
6-29T4.mp4,209,6.964452097130243,45.212520599365234,-6.388611316680908,0.14846166380967718,9.327727317810059,0.0009027777777777777
6-29T4.mp4,210,6.997774834437086,45.33345031738281,-2.223055601119995,0.10801319874497195,14.562942504882812,0.0008680555555555555
6-29T4.mp4,211,7.0310975717439295,45.62723922729492,-1.4963715076446533,0.09258410151465596,14.992621421813965,0.0011111111111111111
6-29T4.mp4,212,7.064420309050773,45.89896774291992,16.34458351135254,0.06747520714265105,15.582894325256348,0.006701388888888889
6-29T4.mp4,213,7.097743046357616,46.993316650390625,30.35447120666504,0.10834612752960596,17.108991622924805,0.005694444444444445
6-29T4.mp4,214,7.131065783664459,46.724281311035156,22.876266479492188,0.14882317825516814,17.199169158935547,0.004131944444444444
6-29T4.mp4,215,7.164388520971302,46.5396842956543,14.188628196716309,0.19211681772706996,17.1801815032959,0.0014236111111111112
6-29T4.mp4,216,7.1977112582781455,47.835609436035156,52.333072662353516,0.06591470086942093,13.422768592834473,0.014913194444444444
6-29T4.mp4,217,7.231033995584989,47.34865951538086,50.991092681884766,0.049267839888860895,17.755285263061523,0.015711805555555555
6-29T4.mp4,218,7.264356732891832,46.777950286865234,52.63055419921875,0.050199111353883885,15.163543701171875,0.01659722222222222
6-29T4.mp4,219,7.297679470198675,46.353004455566406,50.65156936645508,0.04911182803449251,21.738401412963867,0.016006944444444445
6-29T4.mp4,220,7.331002207505518,45.65605545043945,48.33203125,0.0537153290994936,23.107662200927734,0.014322916666666666
6-29T4.mp4,221,7.3643249448123616,43.27745819091797,11.008368492126465,0.05407690029726772,20.824687957763672,0.007430555555555556
6-29T4.mp4,222,7.397647682119205,43.577598571777344,22.954166412353516,0.0582077000858999,13.749381065368652,0.012482638888888889
6-29T4.mp4,223,7.430970419426048,43.81908416748047,27.62038230895996,0.05348198558713371,15.510232925415039,0.014253472222222223
6-29T4.mp4,224,7.464293156732892,44.27854537963867,33.955894470214844,0.05784544787953931,18.884260177612305,0.015711805555555555
6-29T4.mp4,225,7.497615894039735,44.47016906738281,42.48282241821289,0.053765198850414225,19.371261596679688,0.0184375
6-29T4.mp4,226,7.5309386313465785,40.492496490478516,-1.4936110973358154,0.1662058802705047,16.1695499420166,0.0005902777777777778
6-29T4.mp4,227,7.564261368653422,40.1795539855957,-3.707204818725586,0.14209601543193265,17.02518081665039,0.0004861111111111111
6-29T4.mp4,228,7.597584105960265,39.76517868041992,-9.051397323608398,0.11987805121913903,15.700541496276855,0.0005034722222222222
6-29T4.mp4,229,7.630906843267108,40.38121795654297,-3.5023090839385986,0.1107820039293946,13.288000106811523,0.0020833333333333333
6-29T4.mp4,230,7.664229580573951,43.55308151245117,56.260738372802734,0.08730095645378383,22.2851505279541,0.021267361111111112
6-29T4.mp4,231,7.6975523178807945,43.57188034057617,50.55781936645508,0.08312089960351048,21.105960845947266,0.018368055555555554
6-29T4.mp4,232,7.730875055187638,42.94935607910156,43.6566162109375,0.08663898569565404,19.636011123657227,0.014635416666666666
6-29T4.mp4,233,7.764197792494481,44.07870101928711,58.14912414550781,0.06565153847518394,25.241527557373047,0.02171875
6-29T4.mp4,234,7.797520529801324,42.83698654174805,40.1501579284668,0.06316526020070747,20.699068069458008,0.017795138888888888
6-29T4.mp4,235,7.830843267108167,43.45207214355469,44.41983413696289,0.056310507627907784,23.168886184692383,0.019253472222222224
6-29T4.mp4,236,7.864166004415011,43.438140869140625,47.80494689941406,0.05262544432456233,20.35702896118164,0.019635416666666666
6-29T4.mp4,237,7.897488741721854,43.326019287109375,52.32184982299805,0.0620169055816607,27.751863479614258,0.02078125
6-29T4.mp4,238,7.930811479028697,38.10304260253906,-10.903958320617676,0.1259253533804043,10.626091957092285,0.0005902777777777778
6-29T4.mp4,239,7.96413421633554,38.41849136352539,-5.991015434265137,0.0973132636743053,16.775890350341797,0.0015104166666666666
6-29T4.mp4,240,7.997456953642384,38.17342758178711,0.6510590314865112,0.08403482569023585,11.074076652526855,0.004045138888888889
6-29T4.mp4,241,8.030779690949228,38.51803970336914,11.807777404785156,0.0714943222422597,14.529535293579102,0.00859375
6-29T4.mp4,242,8.06410242825607,38.898765563964844,22.41167449951172,0.06264060385865178,12.426228523254395,0.013333333333333334
6-29T4.mp4,243,8.097425165562914,40.56509017944336,32.07598114013672,0.09324289209501198,17.501420974731445,0.012760416666666666
6-29T4.mp4,244,8.130747902869757,39.75141525268555,19.89244842529297,0.11014272588566078,22.185405731201172,0.006302083333333333
6-29T4.mp4,245,8.1640706401766,39.14565658569336,6.942708492279053,0.12018054574020338,11.131654739379883,0.001736111111111111
6-29T4.mp4,246,8.197393377483444,37.64384841918945,-11.17972183227539,0.10439721131156106,11.621853828430176,0.0009201388888888889
6-29T4.mp4,247,8.230716114790287,41.69013595581055,59.11848068237305,0.061916365353626386,16.45613670349121,0.02263888888888889
6-29T4.mp4,248,8.26403885209713,41.77167892456055,61.135841369628906,0.054618791473273,18.093828201293945,0.02282986111111111
6-29T4.mp4,249,8.297361589403973,41.996368408203125,60.2459716796875,0.051375492872365286,21.612533569335938,0.02263888888888889
6-29T4.mp4,250,8.330684326710816,41.96229934692383,63.39665985107422,0.055456486157953205,20.70713996887207,0.023159722222222224
6-29T4.mp4,251,8.36400706401766,39.29819107055664,20.280555725097656,0.06294118977849184,20.940404891967773,0.006927083333333334
6-29T4.mp4,252,8.397329801324503,39.7372932434082,32.784271240234375,0.051293321684637086,22.609731674194336,0.011215277777777777
6-29T4.mp4,253,8.430652538631346,40.37258529663086,35.59544372558594,0.05007638908179869,23.812379837036133,0.010972222222222222
6-29T4.mp4,254,8.46397527593819,40.63168716430664,47.83224105834961,0.04646661780980545,20.727048873901367,0.017829861111111112
6-29T4.mp4,255,8.497298013245032,37.45599365234375,5.600841999053955,0.15384106262312047,30.616201400756836,0.0019618055555555556
6-29T4.mp4,256,8.530620750551876,35.983787536621094,-6.484201431274414,0.12865434582622987,21.144994735717773,0.0006597222222222222
6-29T4.mp4,257,8.563943487858719,35.56318664550781,-8.711085319519043,0.10779389466382917,24.458271026611328,0.0007118055555555556
6-29T4.mp4,258,8.597266225165562,35.240386962890625,-7.3636369705200195,0.12144100778369521,9.278138160705566,0.0010590277777777779
6-29T4.mp4,259,8.630588962472405,36.435367584228516,3.7817535400390625,0.07262039010211248,14.100132942199707,0.0016840277777777778
6-29T4.mp4,260,8.663911699779248,39.937992095947266,59.2826042175293,0.06880675456594229,19.858366012573242,0.021545138888888888
6-29T4.mp4,261,8.697234437086092,39.94609069824219,51.65824508666992,0.07099960699455655,23.756916046142578,0.018055555555555554
6-29T4.mp4,262,8.730557174392935,39.37367248535156,45.19515609741211,0.0763753091765479,18.106916427612305,0.014618055555555556
6-29T4.mp4,263,8.76387991169978,34.97251892089844,-7.312161445617676,0.10232816729155017,15.609858512878418,0.001857638888888889
6-29T4.mp4,264,8.797202649006623,39.79536819458008,56.75641632080078,0.060911389892796465,23.99553108215332,0.019895833333333335
6-29T4.mp4,265,8.830525386313466,40.5258903503418,64.33918762207031,0.050327841209791516,21.610992431640625,0.022152777777777778
6-29T4.mp4,266,8.86384812362031,40.480533599853516,74.36262512207031,0.055158111333215486,23.973079681396484,0.03012152777777778
6-29T4.mp4,267,8.897170860927153,40.540367126464844,69.37076568603516,0.05311947164638067,23.76226043701172,0.0240625
6-29T4.mp4,268,8.930493598233996,35.211891174316406,-2.59240460395813,0.0633505896847819,16.18486213684082,0.0007291666666666667
6-29T4.mp4,269,8.96381633554084,36.18292236328125,6.767595291137695,0.07165857138977666,21.47206687927246,0.0025173611111111113
6-29T4.mp4,270,8.997139072847682,36.48138427734375,11.834357261657715,0.06131990389206247,22.645116806030273,0.00203125
6-29T4.mp4,271,9.030461810154526,37.83493423461914,31.480087280273438,0.06296193077062665,32.28754425048828,0.012152777777777778
6-29T4.mp4,272,9.063784547461369,38.30588150024414,39.89638900756836,0.0868037114628393,24.559886932373047,0.012447916666666666
6-29T4.mp4,273,9.097107284768212,37.880130767822266,29.934175491333008,0.09408777144019648,24.53595542907715,0.008211805555555556
6-29T4.mp4,274,9.130430022075055,36.67530059814453,15.881007194519043,0.1132127717524283,15.396065711975098,0.003142361111111111
6-29T4.mp4,275,9.163752759381898,35.251930236816406,-0.7234114408493042,0.12460213942897448,12.355331420898438,0.0008333333333333334
6-29T4.mp4,276,9.197075496688742,34.47083282470703,-6.261883735656738,0.11505756953146644,16.02305030822754,0.0005555555555555556
6-29T4.mp4,277,9.230398233995585,40.60238265991211,71.03868103027344,0.05797803856628441,28.744306564331055,0.023680555555555555
6-29T4.mp4,278,9.263720971302428,40.41774368286133,70.59968566894531,0.05450627241858176,22.989315032958984,0.024270833333333332
6-29T4.mp4,279,9.297043708609271,39.882415771484375,66.9078369140625,0.056493693300750214,22.442455291748047,0.021892361111111112
6-29T4.mp4,280,9.330366445916114,33.82311248779297,-7.169261932373047,0.11695570362498148,15.275801658630371,0.0011111111111111111
6-29T4.mp4,281,9.363689183222958,37.08708190917969,34.84699630737305,0.04491997360801287,15.279284477233887,0.010590277777777778
6-29T4.mp4,282,9.3970119205298,37.65950393676758,46.6292610168457,0.04539558503087898,14.322461128234863,0.01595486111111111
6-29T4.mp4,283,9.430334657836644,38.62739181518555,64.38218688964844,0.040031587641668996,18.381458282470703,0.025104166666666667
6-29T4.mp4,284,9.463657395143487,38.941951751708984,67.2730484008789,0.042436589642601434,19.457365036010742,0.022222222222222223
6-29T4.mp4,285,9.49698013245033,34.358375549316406,2.8995139598846436,0.1570966316895581,22.30068016052246,0.0007291666666666667
6-29T4.mp4,286,9.530302869757174,33.673851013183594,-5.497708320617676,0.13331926238002956,12.782862663269043,0.0005555555555555556
6-29T4.mp4,287,9.563625607064017,33.67280960083008,-8.259062767028809,0.11241177151428655,8.717426300048828,0.00043402777777777775
6-29T4.mp4,288,9.59694834437086,39.21745300292969,70.35388946533203,0.05503551028336925,26.09834098815918,0.022708333333333334
6-29T4.mp4,289,9.630271081677703,39.21745300292969,70.35388946533203,0.05503551028336925,26.09834098815918,0.022708333333333334
6-29T4.mp4,290,9.663593818984547,38.809967041015625,52.389183044433594,0.06354768757970677,26.971017837524414,0.015052083333333334
6-29T4.mp4,291,9.69691655629139,38.809967041015625,52.389183044433594,0.06354768757970677,26.971017837524414,0.015052083333333334
6-29T4.mp4,292,9.730239293598233,37.61945343017578,31.945512771606445,0.10713799263932283,20.749513626098633,0.004982638888888889
6-29T4.mp4,293,9.763562030905076,37.61945343017578,31.945512771606445,0.10713799263932283,20.749513626098633,0.004982638888888889
6-29T4.mp4,294,9.796884768211921,40.87796401977539,72.34412384033203,0.03920476786873703,17.08165168762207,0.02293402777777778
6-29T4.mp4,295,9.830207505518764,40.87796401977539,72.34412384033203,0.03920476786873703,17.08165168762207,0.02293402777777778
6-29T4.mp4,296,9.863530242825608,34.11583709716797,-7.465798377990723,0.10545652539596098,18.87986946105957,0.0015451388888888889
6-29T4.mp4,297,9.89685298013245,34.11583709716797,-7.465798377990723,0.10545652539596098,18.87986946105957,0.0015451388888888889
6-29T4.mp4,298,9.930175717439294,37.00304412841797,19.183332443237305,0.04783276633566262,16.602460861206055,0.009097222222222222
6-29T4.mp4,299,9.963498454746137,37.00304412841797,19.183332443237305,0.04783276633566262,16.602460861206055,0.009097222222222222
6-29T4.mp4,300,9.99682119205298,39.339664459228516,37.65996551513672,0.05365263846879611,24.8911190032959,0.018298611111111113
6-29T4.mp4,301,10.030143929359824,39.339664459228516,37.65996551513672,0.05365263846879611,24.8911190032959,0.018298611111111113
6-29T4.mp4,302,10.063466666666667,38.59235763549805,17.60177993774414,0.10722608063913619,15.954185485839844,0.009236111111111112
6-29T4.mp4,303,10.09678940397351,38.59235763549805,17.60177993774414,0.10722608063913619,15.954185485839844,0.009236111111111112
6-29T4.mp4,304,10.130112141280353,37.531219482421875,-3.344010353088379,0.09958241776276541,13.834404945373535,0.001736111111111111
6-29T4.mp4,305,10.163434878587196,37.531219482421875,-3.344010353088379,0.09958241776276541,13.834404945373535,0.001736111111111111
6-29T4.mp4,306,10.19675761589404,43.7446403503418,65.67098999023438,0.09014782097848273,18.34044075012207,0.024774305555555556
6-29T4.mp4,307,10.230080353200883,43.7446403503418,65.67098999023438,0.09014782097848273,18.34044075012207,0.024774305555555556
6-29T4.mp4,308,10.263403090507726,43.9018669128418,57.136024475097656,0.0990794368850921,21.16084861755371,0.019756944444444445
6-29T4.mp4,309,10.29672582781457,43.9018669128418,57.136024475097656,0.0990794368850921,21.16084861755371,0.019756944444444445
6-29T4.mp4,310,10.330048565121412,43.27301025390625,42.71038055419922,0.06775321948917573,18.2415828704834,0.01998263888888889
6-29T4.mp4,311,10.363371302428256,43.27301025390625,42.71038055419922,0.06775321948917573,18.2415828704834,0.01998263888888889
6-29T4.mp4,312,10.396694039735099,43.68882369995117,57.2366943359375,0.07131070628275972,20.273353576660156,0.025815972222222223
6-29T4.mp4,313,10.430016777041942,43.68882369995117,57.2366943359375,0.07131070628275972,20.273353576660156,0.025815972222222223
6-29T4.mp4,314,10.463339514348785,38.55618667602539,-6.255251884460449,0.14213324924848775,11.338735580444336,0.0006597222222222222
6-29T4.mp4,315,10.496662251655628,38.55618667602539,-6.255251884460449,0.14213324924848775,11.338735580444336,0.0006597222222222222
6-29T4.mp4,316,10.529984988962472,39.874752044677734,2.640937566757202,0.12308842763071581,18.05134391784668,0.005625
6-29T4.mp4,317,10.563307726269315,39.874752044677734,2.640937566757202,0.12308842763071581,18.05134391784668,0.005625
6-29T4.mp4,318,10.596630463576158,43.23823165893555,49.718265533447266,0.10257664439850504,18.097034454345703,0.018246527777777778
6-29T4.mp4,319,10.629953200883001,43.23823165893555,49.718265533447266,0.10257664439850504,18.097034454345703,0.018246527777777778
6-29T4.mp4,320,10.663275938189845,42.98649597167969,35.87886428833008,0.11031348931346438,22.11860466003418,0.011527777777777777
6-29T4.mp4,321,10.696598675496688,42.98649597167969,35.87886428833008,0.11031348931346438,22.11860466003418,0.011527777777777777
6-29T4.mp4,322,10.729921412803531,45.44133377075195,67.30624389648438,0.0749910184343109,16.966310501098633,0.02625
6-29T4.mp4,323,10.763244150110374,45.44133377075195,67.30624389648438,0.0749910184343109,16.966310501098633,0.02625
6-29T4.mp4,324,10.796566887417217,46.04673767089844,69.89580535888672,0.07946278903902332,19.97593879699707,0.029409722222222223
6-29T4.mp4,325,10.829889624724062,46.04673767089844,69.89580535888672,0.07946278903902332,19.97593879699707,0.029409722222222223
6-29T4.mp4,326,10.863212362030906,45.672855377197266,68.2884750366211,0.10045106224597004,15.564658164978027,0.029809027777777778
6-29T4.mp4,327,10.896535099337749,45.672855377197266,68.2884750366211,0.10045106224597004,15.564658164978027,0.029809027777777778
6-29T4.mp4,328,10.929857836644592,42.75884246826172,29.4765625,0.06170922762273101,17.08180809020996,0.015520833333333333
6-29T4.mp4,329,10.963180573951435,42.75884246826172,29.4765625,0.06170922762273101,17.08180809020996,0.015520833333333333
6-29T4.mp4,330,10.996503311258278,42.936378479003906,37.21614456176758,0.11900416148187358,18.792814254760742,0.01560763888888889
6-29T4.mp4,331,11.029826048565122,42.936378479003906,37.21614456176758,0.11900416148187358,18.792814254760742,0.01560763888888889
6-29T4.mp4,332,11.063148785871965,40.328758239746094,10.604470252990723,0.18380323383226527,14.273723602294922,0.003003472222222222
6-29T4.mp4,333,11.096471523178808,40.328758239746094,10.604470252990723,0.18380323383226527,14.273723602294922,0.003003472222222222
6-29T4.mp4,334,11.129794260485651,39.71393966674805,-2.8016579151153564,0.13596924093177162,18.14666748046875,0.0016493055555555556
6-29T4.mp4,335,11.163116997792494,39.71393966674805,-2.8016579151153564,0.13596924093177162,18.14666748046875,0.0016493055555555556
6-29T4.mp4,336,11.196439735099338,45.135494232177734,64.92627716064453,0.07880485178801341,26.301624298095703,0.023055555555555555
6-29T4.mp4,337,11.22976247240618,45.135494232177734,64.92627716064453,0.07880485178801341,26.301624298095703,0.023055555555555555
6-29T4.mp4,338,11.263085209713024,44.10952377319336,48.16804504394531,0.1037990482538948,16.54323387145996,0.013993055555555555
6-29T4.mp4,339,11.296407947019867,44.10952377319336,48.16804504394531,0.1037990482538948,16.54323387145996,0.013993055555555555
6-29T4.mp4,340,11.32973068432671,43.751197814941406,38.694244384765625,0.07186146774464502,22.63374137878418,0.015677083333333335
6-29T4.mp4,341,11.363053421633554,43.751197814941406,38.694244384765625,0.07186146774464502,22.63374137878418,0.015677083333333335
6-29T4.mp4,342,11.396376158940397,44.37064743041992,48.73020935058594,0.04872496828529169,24.93025016784668,0.019288194444444445
6-29T4.mp4,343,11.42969889624724,44.37064743041992,48.73020935058594,0.04872496828529169,24.93025016784668,0.019288194444444445
6-29T4.mp4,344,11.463021633554083,39.756919860839844,-9.717222213745117,0.14771354894090205,32.26673126220703,0.0006944444444444445
6-29T4.mp4,345,11.496344370860927,39.756919860839844,-9.717222213745117,0.14771354894090205,32.26673126220703,0.0006944444444444445
6-29T4.mp4,346,11.52966710816777,40.720191955566406,1.9354426860809326,0.06268113026887338,17.131790161132812,0.0030729166666666665
6-29T4.mp4,347,11.562989845474613,40.720191955566406,1.9354426860809326,0.06268113026887338,17.131790161132812,0.0030729166666666665
6-29T4.mp4,348,11.596312582781456,43.1677360534668,44.10163116455078,0.06844071263813901,21.56887435913086,0.015381944444444445
6-29T4.mp4,349,11.6296353200883,43.1677360534668,44.10163116455078,0.06844071263813901,21.56887435913086,0.015381944444444445
6-29T4.mp4,350,11.662958057395143,42.442955017089844,23.542491912841797,0.0839771204961979,19.0772647857666,0.006128472222222223
6-29T4.mp4,351,11.696280794701986,42.442955017089844,23.542491912841797,0.0839771204961979,19.0772647857666,0.006128472222222223
6-29T4.mp4,352,11.729603532008829,44.4692268371582,56.01118850708008,0.06795868306298718,20.706890106201172,0.021927083333333333
6-29T4.mp4,353,11.762926269315672,44.4692268371582,56.01118850708008,0.06795868306298718,20.706890106201172,0.021927083333333333
6-29T4.mp4,354,11.796249006622515,44.929649353027344,60.88824462890625,0.06760007253022862,15.959943771362305,0.021753472222222223
6-29T4.mp4,355,11.829571743929359,44.929649353027344,60.88824462890625,0.06760007253022862,15.959943771362305,0.021753472222222223
6-29T4.mp4,356,11.862894481236204,44.70570373535156,60.254642486572266,0.06385459255937861,17.42981719970703,0.020746527777777777
6-29T4.mp4,357,11.896217218543047,44.70570373535156,60.254642486572266,0.06385459255937861,17.42981719970703,0.020746527777777777
6-29T4.mp4,358,11.92953995584989,42.70044708251953,25.034496307373047,0.07728636549164267,19.292709350585938,0.010798611111111111
6-29T4.mp4,359,11.962862693156733,42.70044708251953,25.034496307373047,0.07728636549164267,19.292709350585938,0.010798611111111111
6-29T4.mp4,360,11.996185430463576,43.08482360839844,42.987770080566406,0.06779798898973438,14.89239501953125,0.01885416666666667
6-29T4.mp4,361,12.02950816777042,43.08482360839844,42.987770080566406,0.06779798898973438,14.89239501953125,0.01885416666666667
6-29T4.mp4,362,12.062830905077263,37.99295425415039,-5.174097061157227,0.13328650874006973,22.128082275390625,0.0005729166666666667
6-29T4.mp4,363,12.096153642384106,37.99295425415039,-5.174097061157227,0.13328650874006973,22.128082275390625,0.0005729166666666667
6-29T4.mp4,364,12.12947637969095,42.427791595458984,65.337890625,0.08981586744430091,25.55496597290039,0.026788194444444444
6-29T4.mp4,365,12.162799116997792,42.427791595458984,65.337890625,0.08981586744430091,25.55496597290039,0.026788194444444444
6-29T4.mp4,366,12.196121854304636,41.95222473144531,59.742984771728516,0.08524388507979666,21.643009185791016,0.02314236111111111
6-29T4.mp4,367,12.229444591611479,41.95222473144531,59.742984771728516,0.08524388507979666,21.643009185791016,0.02314236111111111
6-29T4.mp4,368,12.262767328918322,40.773414611816406,47.26003646850586,0.08098322587183439,20.831653594970703,0.01703125
6-29T4.mp4,369,12.296090066225165,40.773414611816406,47.26003646850586,0.08098322587183439,20.831653594970703,0.01703125
6-29T4.mp4,370,12.329412803532009,40.4021110534668,52.52566909790039,0.05087392668869271,14.50499153137207,0.019149305555555555
6-29T4.mp4,371,12.362735540838852,40.4021110534668,52.52566909790039,0.05087392668869271,14.50499153137207,0.019149305555555555
6-29T4.mp4,372,12.396058278145695,40.78292465209961,64.53486633300781,0.04745085406861841,22.109577178955078,0.020434027777777777
6-29T4.mp4,373,12.429381015452538,40.78292465209961,64.53486633300781,0.04745085406861841,22.109577178955078,0.020434027777777777
6-29T4.mp4,374,12.462703752759381,34.88726043701172,-6.990850925445557,0.1287097742122685,16.458770751953125,0.0011111111111111111
6-29T4.mp4,375,12.496026490066225,34.88726043701172,-6.990850925445557,0.1287097742122685,16.458770751953125,0.0011111111111111111
6-29T4.mp4,376,12.529349227373068,37.20585250854492,9.729148864746094,0.060821008393258574,15.220621109008789,0.0013715277777777777
6-29T4.mp4,377,12.562671964679911,37.20585250854492,9.729148864746094,0.060821008393258574,15.220621109008789,0.0013715277777777777
6-29T4.mp4,378,12.595994701986754,40.36543655395508,42.848724365234375,0.07371921293187433,19.376514434814453,0.014548611111111111
6-29T4.mp4,379,12.629317439293597,40.36543655395508,42.848724365234375,0.07371921293187433,19.376514434814453,0.014548611111111111
6-29T4.mp4,380,12.66264017660044,40.29737091064453,15.869696617126465,0.1257545039856241,18.92984390258789,0.003975694444444444
6-29T4.mp4,381,12.695962913907284,40.29737091064453,15.869696617126465,0.1257545039856241,18.92984390258789,0.003975694444444444
6-29T4.mp4,382,12.729285651214127,44.18499755859375,61.575138092041016,0.047109790125999064,21.906803131103516,0.023038194444444444
6-29T4.mp4,383,12.76260838852097,44.18499755859375,61.575138092041016,0.047109790125999064,21.906803131103516,0.023038194444444444
6-29T4.mp4,384,12.795931125827813,45.148765563964844,59.8388557434082,0.04570661673154044,20.692691802978516,0.021267361111111112
6-29T4.mp4,385,12.829253863134657,45.148765563964844,59.8388557434082,0.04570661673154044,20.692691802978516,0.021267361111111112
6-29T4.mp4,386,12.862576600441502,41.81489562988281,7.21000862121582,0.05112915390012186,17.63552474975586,0.002690972222222222
6-29T4.mp4,387,12.895899337748345,41.81489562988281,7.21000862121582,0.05112915390012186,17.63552474975586,0.002690972222222222
6-29T4.mp4,388,12.929222075055188,43.405364990234375,28.794445037841797,0.0449788761315166,18.510290145874023,0.011753472222222222
6-29T4.mp4,389,12.962544812362031,43.405364990234375,28.794445037841797,0.0449788761315166,18.510290145874023,0.011753472222222222
6-29T4.mp4,390,12.995867549668874,43.859981536865234,41.530494689941406,0.038539764847197865,15.338242530822754,0.01673611111111111
6-29T4.mp4,391,13.029190286975718,43.859981536865234,41.530494689941406,0.038539764847197865,15.338242530822754,0.01673611111111111
6-29T4.mp4,392,13.062513024282561,40.51198959350586,-12.093515396118164,0.13661316622601183,21.108047485351562,0.00045138888888888887
6-29T4.mp4,393,13.095835761589404,40.51198959350586,-12.093515396118164,0.13661316622601183,21.108047485351562,0.00045138888888888887
6-29T4.mp4,394,13.129158498896247,41.144569396972656,-9.708611488342285,0.1115110795071822,11.905689239501953,0.0008854166666666666
6-29T4.mp4,395,13.16248123620309,41.144569396972656,-9.708611488342285,0.1115110795071822,11.905689239501953,0.0008854166666666666
6-29T4.mp4,396,13.195803973509934,45.85739517211914,44.97593688964844,0.057120661199859,15.046809196472168,0.017534722222222222
6-29T4.mp4,397,13.229126710816777,45.85739517211914,44.97593688964844,0.057120661199859,15.046809196472168,0.017534722222222222
6-29T4.mp4,398,13.26244944812362,46.40119171142578,55.137393951416016,0.052089790850139366,14.100552558898926,0.020920138888888887
6-29T4.mp4,399,13.295772185430463,46.40119171142578,55.137393951416016,0.052089790850139366,14.100552558898926,0.020920138888888887
6-29T4.mp4,400,13.329094922737307,45.94998550415039,43.26100540161133,0.050869548571045205,15.150505065917969,0.016163194444444445
6-29T4.mp4,401,13.36241766004415,45.94998550415039,43.26100540161133,0.050869548571045205,15.150505065917969,0.016163194444444445
6-29T4.mp4,402,13.395740397350993,45.82865905761719,51.2262077331543,0.04643424980838409,16.685577392578125,0.018472222222222223
6-29T4.mp4,403,13.429063134657836,45.82865905761719,51.2262077331543,0.04643424980838409,16.685577392578125,0.018472222222222223
6-29T4.mp4,404,13.46238587196468,40.83430099487305,-6.419253349304199,0.07444889262113982,14.184775352478027,0.0008159722222222223
6-29T4.mp4,405,13.495708609271523,40.83430099487305,-6.419253349304199,0.07444889262113982,14.184775352478027,0.0008159722222222223
6-29T4.mp4,406,13.529031346578366,41.732460021972656,13.026310920715332,0.05959725816807158,17.681377410888672,0.0074131944444444445
6-29T4.mp4,407,13.562354083885209,41.732460021972656,13.026310920715332,0.05959725816807158,17.681377410888672,0.0074131944444444445
6-29T4.mp4,408,13.595676821192052,39.25153350830078,-11.802664756774902,0.09849684727531602,17.403905868530273,0.0009722222222222222
6-29T4.mp4,409,13.628999558498895,39.25153350830078,-11.802664756774902,0.09849684727531602,17.403905868530273,0.0009722222222222222
6-29T4.mp4,410,13.662322295805739,38.229820251464844,-11.407221794128418,0.09561725985579467,19.679964065551758,0.0007986111111111112
6-29T4.mp4,411,13.695645033112582,38.229820251464844,-11.407221794128418,0.09561725985579467,19.679964065551758,0.0007986111111111112
6-29T4.mp4,412,13.728967770419425,37.703765869140625,-6.24074649810791,0.10534681799751155,26.547191619873047,0.0035416666666666665
6-29T4.mp4,413,13.762290507726268,37.703765869140625,-6.24074649810791,0.10534681799751155,26.547191619873047,0.0035416666666666665
6-29T4.mp4,414,13.795613245033111,37.01972579956055,-4.459392547607422,0.09353052705456646,28.420135498046875,0.006579861111111111
6-29T4.mp4,415,13.828935982339955,37.01972579956055,-4.459392547607422,0.09353052705456646,28.420135498046875,0.006579861111111111
6-29T4.mp4,416,13.862258719646798,35.77983856201172,-3.0165624618530273,0.09337989250461297,24.675077438354492,0.005815972222222222
6-29T4.mp4,417,13.895581456953643,35.77983856201172,-3.0165624618530273,0.09337989250461297,24.675077438354492,0.005815972222222222
6-29T4.mp4,418,13.928904194260486,34.91293716430664,-2.160555601119995,0.10038300908542333,23.096874237060547,0.005954861111111111
6-29T4.mp4,419,13.96222693156733,34.91293716430664,-2.160555601119995,0.10038300908542333,23.096874237060547,0.005954861111111111
6-29T4.mp4,420,13.995549668874173,34.4354248046875,-1.2704601287841797,0.09986167089355326,22.827463150024414,0.006163194444444444
6-29T4.mp4,421,14.028872406181016,34.4354248046875,-1.2704601287841797,0.09986167089355326,22.827463150024414,0.006163194444444444
6-29T4.mp4,422,14.062195143487859,34.236000061035156,0.21795138716697693,0.09974230753283256,18.642898559570312,0.007604166666666667
6-29T4.mp4,423,14.095517880794702,34.236000061035156,0.21795138716697693,0.09974230753283256,18.642898559570312,0.007604166666666667
6-29T4.mp4,424,14.128840618101545,34.42888641357422,0.19762152433395386,0.09713427614470262,24.361839294433594,0.008368055555555556
6-29T4.mp4,425,14.162163355408389,34.42888641357422,0.19762152433395386,0.09713427614470262,24.361839294433594,0.008368055555555556
6-29T4.mp4,426,14.195486092715232,34.693824768066406,0.03938367962837219,0.09462993935929473,32.14684295654297,0.008107638888888888
6-29T4.mp4,427,14.228808830022075,34.693824768066406,0.03938367962837219,0.09462993935929473,32.14684295654297,0.008107638888888888
6-29T4.mp4,428,14.262131567328918,34.991703033447266,0.6169617772102356,0.09206081253418782,41.19877243041992,0.0072048611111111115
6-29T4.mp4,429,14.295454304635761,34.991703033447266,0.6169617772102356,0.09206081253418782,41.19877243041992,0.0072048611111111115
6-29T4.mp4,430,14.328777041942605,35.12199783325195,1.5026823282241821,0.10086701042919774,55.68104934692383,0.007447916666666667
6-29T4.mp4,431,14.362099779249448,35.12199783325195,1.5026823282241821,0.10086701042919774,55.68104934692383,0.007447916666666667
6-29T4.mp4,432,14.395422516556291,35.38585662841797,1.9544792175292969,0.09898894449389609,47.32882308959961,0.007638888888888889
6-29T4.mp4,433,14.428745253863134,35.38585662841797,1.9544792175292969,0.09898894449389609,47.32882308959961,0.007638888888888889
6-29T4.mp4,434,14.462067991169977,35.869014739990234,2.568585157394409,0.10003445186337873,51.00248718261719,0.007447916666666667
6-29T4.mp4,435,14.49539072847682,35.869014739990234,2.568585157394409,0.10003445186337873,51.00248718261719,0.007447916666666667
6-29T4.mp4,436,14.528713465783664,36.24905014038086,2.8074564933776855,0.10383093979328017,38.06150436401367,0.007291666666666667
6-29T4.mp4,437,14.562036203090507,36.24905014038086,2.8074564933776855,0.10383093979328017,38.06150436401367,0.007291666666666667
6-29T4.mp4,438,14.59535894039735,37.01329803466797,3.0274999141693115,0.11122767113536254,36.759002685546875,0.007118055555555555
6-29T4.mp4,439,14.628681677704193,37.01329803466797,3.0274999141693115,0.11122767113536254,36.759002685546875,0.007118055555555555
6-29T4.mp4,440,14.662004415011037,37.712547302246094,3.388706684112549,0.10708863871258491,35.722347259521484,0.007326388888888889
6-29T4.mp4,441,14.69532715231788,37.712547302246094,3.388706684112549,0.10708863871258491,35.722347259521484,0.007326388888888889
6-29T4.mp4,442,14.728649889624723,38.326961517333984,3.4880728721618652,0.10770468223491107,35.747135162353516,0.007447916666666667
6-29T4.mp4,443,14.761972626931566,38.326961517333984,3.4880728721618652,0.10770468223491107,35.747135162353516,0.007447916666666667
6-29T4.mp4,444,14.79529536423841,38.71434020996094,3.8272743225097656,0.1136418435871327,38.68305969238281,0.007795138888888889
6-29T4.mp4,445,14.828618101545253,38.71434020996094,3.8272743225097656,0.1136418435871327,38.68305969238281,0.007795138888888889
6-29T4.mp4,446,14.861940838852096,39.23064422607422,4.3890886306762695,0.11090284134379881,48.5681037902832,0.00765625
6-29T4.mp4,447,14.89526357615894,39.23064422607422,4.3890886306762695,0.11090284134379881,48.5681037902832,0.00765625
6-29T4.mp4,448,14.928586313465784,39.41548538208008,4.375190734863281,0.10123625566371806,36.32207489013672,0.007152777777777778
6-29T4.mp4,449,14.961909050772627,39.41548538208008,4.375190734863281,0.10123625566371806,36.32207489013672,0.007152777777777778
6-29T4.mp4,450,14.99523178807947,39.720115661621094,4.377378463745117,0.1041489644459073,39.212257385253906,0.006579861111111111
6-29T4.mp4,451,15.028554525386314,39.720115661621094,4.377378463745117,0.1041489644459073,39.212257385253906,0.006579861111111111
6-29T4.mp4,452,15.061877262693157,39.99488830566406,4.69899320602417,0.09950823503607473,31.578216552734375,0.006527777777777778
6-29T4.mp4,453,15.0952,39.97694778442383,4.858923435211182,0.09901603223518109,35.52766799926758,0.006302083333333333
