raw_file,total_events,duration_s,events_per_s
led_test2.raw,310790007,3.2486919999999997,95666196.42613089
